Politic_tags,number
문재인,384
[none],365
뉴스,255
박근혜,251
홍준표,177
트럼프,166
이명박,166
임종석,160
자유한국당,152
김정은,152
김어준,136
안철수,130
박정희,129
청와대,126
탄핵,119
김어준의뉴스공장,117
류여해,116
최순실,116
대한민국,116
news,115
북한,115
지진,113
문재인대통령,112
신의한수,110
중국,110
미국,109
이국종,106
정규재,102
조원진,101
정규재tv,101
대한애국당,100
포항,100
국민의당,100
국정원,99
시진핑,97
시사,95
정치,94
태극기,94
뉴스공장,93
배현진,93
jsa,93
jtbc,91
사드,91
바른정당,90
손석희,90
세월호,87
정미홍,84
일본,82
김진태,82
대통령,82
김어준뉴스공장,82
정유라,82
유승민,81
김정민,80
귀순,80
이재명,80
신동호,79
민주노총,79
전쟁,79
김장겸,79
강경화,78
전희경,77
구속,76
김성태,76
조국,76
황장수,76
변희재,75
경제,74
거짓말,72
김은지,72
틸러슨,72
심상정,71
아베,71
미사일,71
고영주,70
이승만,69
icbm,68
선제타격,68
고대영,68
원세훈,68
댓글,67
유영하,67
탁현민,66
주진우,66
국제,65
집회,64
김문수,64
삼성,64
재판,64
오바마,64
새누리당,64
민경욱,64
미군철수,64
이재용,64
최태민,63
관훈,63
노조,63
정봉주,63
김규리,63
조윤선,62
김종대,62
국무장관,61
출당,61
동문서답,61
재배치,61
토론,61
핵개발,61
핵실험,61
김사랑,61
독도,61
유병언,61
slbm,61
택시운전사,61
목함지뢰,61
대선,61
전술핵,61
저축은행,61
김기춘,61
진주의료원,61
힐러리,61
박지원,60
mbc,60
태블릿pc,59
ytn,58
박원순,57
뉴스룸,57
김무성,57
생방송,57
live,56
정규재티비,56
jkj,56
정규재뉴스,56
뉴스브리핑,53
윤창중,53
jtbcnews,52
북핵,51
태극기집회,50
칼럼,50
홍종학,50
이방카,50
한미동맹,50
korea,50
도발,50
sbs,49
더불어민주당,49
검찰,49
sbsnews,48
윤창중칼럼세상,48
윤칼세,48
koreanews,48
한국뉴스,48
흥진호,47
적폐,47
송영무,46
최승호,46
주사파,46
전두환,45
적폐청산,45
뉴스데일리베스트,45
kookminsisa,44
안원구,44
달빛잔향,44
팟케스트,44
국민시사,44
동상,44
김영상,44
조경태,44
김정재,44
우표,44
이언주,43
뉴스타운,43
황장수tv,43
조선일보,43
뉴스타운tv,43
데일리베스트뉴스,43
알파순,43
데일리베스트,43
김정숙,42
종편,42
노회찬,42
한국,42
김현정의뉴스쇼,41
mb,41
좌파,41
김대중,40
박대출,39
노무현,39
송희경,39
북폭,39
멜라니아,38
박수진,38
이국종교수,38
손상윤,37
이정렬,37
종북,37
한반도,37
국회,36
우종창,36
우종창의거짓과진실,35
개헌,35
김용민,35
귀순병사,34
황교익,34
우파방송,34
southkorea,34
종합편성,33
뉴스프로그램,33
라이브,33
동영상,33
tv조선,33
티브이조선,33
적화,33
티비조선,33
방송사,33
ch19,33
민주당,33
tv조선뉴스,33
유시민,33
채널19,33
애국방송,32
뉴스룸다시보기,32
jtbclive,32
빨갱이,32
젊은보수,32
젊은우파,32
주사파정권,32
뉴스룸풀영상,31
뉴스다시보기,31
스브스뉴스,31
포항지진,31
국가,31
전체,31
인민민주주의,31
하태경,31
다스,30
뉴스풀영상,30
동영상뉴스,29
시사인,29
video,29
사회,29
cbs,29
스브스,29
videomug,29
비디오머그,29
mug,29
언론노조,28
박근혜대통령,28
미디어협동조합,28
국민tv,28
헌법,28
주간모음,27
9595쇼주간모음,27
김관진,27
김어준의,27
풀버전,27
백반토론주간모음,27
공장,27
9595쇼백반토론,27
손상대,27
백반토론풀버전,27
배칠수전영미백반토론,27
백반토론다시듣기,27
배칠수전영미9595쇼,27
9595쇼다시듣기,27
김은지기자,27
백반토론,26
mbc노조,25
kbs,25
안민석,24
kbs공영노조,24
민노총,24
대한문,24
정의당,24
참수작전,24
임상훈,23
이지나,23
실시간,23
안희정,23
거짓의산,22
yonhapnewstv,22
우병우,22
최강욱,22
김기수,21
방중,21
김현권,20
양지열,20
프리덤뉴스,20
박범계,20
문재인정부,20
sbs보도국,19
sbs8news,19
sbs8뉴스,19
8뉴스,19
서울방송,19
seoulbroadcastingsystem,19
이병태,19
에스비에스뉴스,19
에스비에스,19
정태인,19
koreannews,19
sbs뉴스,19
뉴스k,19
국가안보,19
장시호,19
ㅓ슟,19
국본,18
518,18
정상근,18
한국당,18
진정방송,18
판문점,18
홍준표대표,18
반미,18
이종혁,18
관훈나이트클럽,18
김진애,18
병사,18
노태우,18
제천화재,18
9595쇼,18
민영삼,17
jtbc뉴스룸,17
정치쇼,17
여의도,17
nocutv,17
북괴,17
비트코인,17
저녁뉴스,17
김현정,17
안보,17
김상조,17
노르가즘,17
노컷v,17
남한,17
애국,17
전국구시즌2,16
이경재변호사,16
문재인중국,16
방문,16
안나경,16
권순정,16
정치뉴스,16
이정윤,16
전라도,16
11월,16
귀순병,16
월드미래판연구소,16
문재인퇴진,16
음악게임,16
전국구,16
뉴스타파,16
정두언,16
최서원,15
tbs,15
뉴스쇼,15
문재인시진핑,15
전체듣기,15
최강욱변호사,15
북한군,15
특활비,15
장종수,15
민동기,15
moonjaein,15
언론,15
김휘종,15
원종우,15
개돼지,15
tv,15
국정농단,15
탄핵무효,14
나꼼수,14
보수,14
애국보수,14
민영삼tv,14
탄저균,14
국과수,14
여론조사,14
조은나래,14
자연사,14
정치보복,14
친미,14
야당,14
봉도사,14
특별대담,14
표창원,13
김한수,13
핵폭탄,13
임종석비서실장,13
안정권,13
조갑제티비,13
박재홍,13
cctv,13
원내대표,13
투데이인터뷰,13
경북,13
이용주,13
혼밥,13
이명박다스,13
평창동계올림픽,13
윤석열,13
이상로,13
이동관,13
조갑제조갑제닷컴조갑제tv월간조선조선일보보수우파애국진보헌법국군대한민국애국보수박정희박근혜이승만,13
류종현,13
이애란,13
김정숙여사,13
bbk,13
기자회견,12
위안부,12
자막뉴스,12
품격시대,12
정봉주의정치쇼,12
최민희,12
사장,12
서울구치소,12
기자폭행,12
스마트뉴스,12
공영방송,12
박주원,12
평창,12
샤이니,12
ktvbreakingnews,12
유성엽,12
지방선거,12
공산화,12
박대통령무죄석방,12
newstowntv,11
최경환,11
newsroom,11
교수,11
자원외교,11
이춘근의국제정치,11
한미관계,11
한반도문제,11
북핵문제,11
특검,11
북미관계,11
최순실태블릿pc,11
핵배낭,11
김어준파파이스,11
뉴스공장김어준,11
uae,11
김현정뉴스쇼,11
군사분계선,11
지진대피,11
국제정치,11
경북지진,11
신년사,11
???????,11
독설,11
경주지진,11
국제문제,11
이낙연,11
정상화,11
fta,11
sohnsukhee,11
임관빈,11
이춘근tv,11
문무일,11
강경화장관,11
이춘근,11
이명박구속,10
정제희,10
매티스,10
지지율,10
호남,10
김태효,10
우원식,10
울산,10
통합,10
폭행,10
자한당,10
정미경,10
법원,10
서훈,10
newsk,10
12월,10
평창올림픽,10
썰전,10
jtbc태블릿pc,10
종현,10
국민티비,10
김제동,10
cnn,10
국정원특활비,10
김종대의원,10
기생충,10
추미애,10
2018,10
정규재칼럼,10
뉴스케이,10
경향신문,10
정동영,9
northkoreandefector,9
이용마,9
잘잘못못,9
김정일,9
northkoreasouthkorea,9
박형준,9
newstapa,9
대피,9
김기현,9
특수활동비,9
panmunjeom,9
북핵위협,9
박수현,9
김영삼,9
장제원,9
이재오,9
막말,9
정창수,9
뉴스데스크,9
공안,9
원전,9
아나운서,9
드레스덴연설문,9
비디오세상만사,9
우병우구속,9
중국경호원,9
정우택,9
기자,9
이슈줌인세상만사,9
이재석,9
5.18,9
중앙일보,9
국제관계,9
영흥도,9
전병헌,9
데스노트,9
mbc뉴스,8
디펜스뉴스,8
김주혁,8
블랙박스,8
안초딩,8
비서실장,8
고민정,8
폭로,8
조중동,8
해경,8
나는짐이다,8
정청래,8
낚시배,8
정봉주의전국구,8
개성공단,8
글로벌디펜스뉴스,8
제천,8
블랙리스트,8
정상회담,8
남재준,8
제천참사,8
포항여고,8
주한미군,8
문재인탄핵,8
이스라엘,8
세습,8
예산안,8
친박,8
백신,8
보궐선거,8
국민청원,8
중국방문,8
민주화,8
플랜다스의계,8
??????,8
다스뵈이다,8
아주대,8
박상기,8
김어준의다스뵈이다,8
자연사박물관,8
기레기,8
하어영,8
한중정상회담,8
검찰총장,8
?????????????,8
명성교회,8
김하나,8
뉴스공장공개방송,7
비자금,7
김어준문재인,7
신광렬,7
목사,7
김어준의파파이스,7
뉴스공장전체,7
4대강,7
한국교회,7
뉴스공장보이는라디오,7
이언정,7
친일파,7
김어준강연,7
디펜스,7
전국,7
뉴스공장실시간,7
선고,7
김동철,7
황영철,7
보신각,7
레전드,7
이병기,7
아수라,7
뉴스공장pd,7
이유미,7
김명수,7
서울시장,7
김어준유시민,7
선창1호,7
그것이알고싶다,7
유재석,7
뉴스방송사고,7
수능,7
전원책,7
문재인포항,7
뉴스포차,7
굴욕,7
가상화폐,7
국빈방문,7
김어준조국,7
???????????,7
박시영,7
맘마이스,7
국방부장관,7
외교참사,7
강경화외교부장관,7
처벌,7
북한미사일,7
서울신문,7
김부겸,7
김종,7
국방,7
청와대청원,7
윤석렬,7
아주대병원,7
도주,7
국립과학수사연구원,7
jsa귀순,7
원자력,7
이란,7
파업,7
여적죄,7
김일성,7
??????????,7
????????????,7
친중,7
무죄,7
오청성,7
내란죄,7
집단탈당,7
이동형작가,7
이명박완전정복,7
주진우기자,7
전국구스페샬,7
해군,7
dj,7
개중국,7
이이제이,7
사법부,7
속보,7
이작가,7
문빠,7
남북대화,7
태블릿pc조작,7
이택수,7
구속영장,7
포렌식,7
나경원,7
문재인충칭,7
sidhakurajantasanga,6
청쓸신잡,6
조추첨,6
허성무,6
???????????????,6
박영수,6
fifa,6
sidhakurajantasangafullepisode,6
배성재,6
배성재캐스터,6
문재인포항여고,6
배성재아나운서,6
fifa러시아월드컵,6
박문성,6
피파월드컵,6
피파러시아월드컵,6
우리은행달력,6
호남파,6
북한귀순병사,6
월드컵조추첨,6
알베르토,6
2018fifa,6
정치권,6
순방,6
이재민,6
고려대학교트루스포럼,6
고려대대자보,6
홍정욱,6
국회부의장,6
정부,6
석방,6
올림픽,6
긴급점검,6
박진수,6
추명호,6
nll,6
핵,6
재판부,6
판사,6
sns,6
정권,6
운동권,6
친북,6
nsc,6
중동,6
폭격기,6
강동원,6
국빈,6
트럼프대통령,6
망치부인,6
불법탄핵,6
공무원,6
한미연합훈련,6
정봉주정치쇼,6
경제사절단,6
문재인중국방문,6
백성문,6
정세현,6
척당불기,6
리커창,6
경찰,6
sbs조추첨,6
남경필,6
낙태죄,6
소리,6
적화통일,6
피해자,6
친절한청와대,6
김정은신년사,6
엄마,6
홀대,6
산후조리원,6
아기,6
신생아,6
개혁,6
교회,6
자유민주주의,6
포항지진영상,6
낙태죄폐지,6
경주,6
범죄,6
울산지진,6
포항지진방송,6
포항지진대피,6
포항지진영상자료,6
포항지진cctv,6
포항영상,6
지진대비,6
러시아,6
지진영상,6
부산지진,6
부산,6
무안,6
장승호,6
김상곤,6
도태우,6
합의이혼,6
문재인케어,6
한선교,6
????,6
문재인대통령중국,6
송영길,6
박주민,6
징역,6
기획,6
이낙연총리,6
한중회담,6
대화,6
이야기,6
말한다,6
구치소,6
이경재,6
시사토크,6
9시뉴스,6
이슈를,6
집단폭행,6
왕진진,6
낸시랭,6
고려대학교,6
눈물,6
박사,6
영재센터,6
기습,6
강남,6
법무부,5
사형,5
기각,5
홍성택,5
여당,5
양승봉,5
신임,5
국회의원,5
#수능,5
구속적부심사,5
사법개혁,5
김홍걸,5
배신남매,5
귀순대대장,5
mobile,5
계엄령,5
귀순병사기생충,5
cctv공개,5
레이다,5
김종대이국종,5
국민,5
장시호실형,5
은폐,5
반역죄,5
정세균,5
인공지진,5
#부모님께큰절,5
kbs뉴스9,5
법무부장관,5
뉴스9,5
체포,5
국방부,5
언론개혁,5
임장혁,5
보안법,5
옵션열기,5
김진,5
귀순북한병사cctv,5
귀순병사분변,5
북한병사대대장,5
귀순북한병사,5
귀순병사의식,5
북한jsa,5
북한군상태,5
귀순cctv,5
kdhbreakingnews,5
sbtmxkvk,5
판문점귀순병사,5
정의당김종대,5
hknhotnews,5
북한군귀순영상,5
u1goekbidfw,5
jsa영상,5
권영철,5
리얼미터,5
태블릿,5
jsa대대장,5
jsa중령,5
이국종아주대,5
윤재만,5
sm,5
조작,5
이명박생일잔치,5
사이버사령부,5
?????????,5
????????,5
정제원,5
이명박생일파티,5
이명박당선,5
손석희토론,5
정병국,5
이명박생일,5
문재인이국종,5
문재인지지율,5
김갑수,5
정치시사,5
강경화아베,5
강경화의자,5
오마이뉴스,5
김경진,5
이국종청와대,5
김삼환,5
박성제기자,5
문재인세월호,5
포항맛집,5
지진꿈,5
지진관련주,5
지진5.5,5
경주월성원자력발전소,5
지진규모지진관련주,5
경북포항시,5
지진강도단위지진대피훈련,5
지진피해영상,5
포항지진피해,5
지진갤러리,5
포항지진원전,5
포항날씨,5
재난문자설정,5
경북포항지진,5
포항지진5.5,5
한동대학교,5
일본지진,5
이국종의사,5
악마기자,5
지진피해사례,5
심재철,5
군인,5
영국여왕,5
스텔스,5
댓글공작,5
박물관,5
반역,5
제천화재유가족,5
손수호,5
노영희,5
mb특활비,5
northkorea,5
시진핑문재인,5
회담,5
권양숙,5
문재인인도네시아,5
허일후,5
해임,5
서울의소리,5
근위병,5
영국,5
근위대,5
핵잠수함,5
주진우전국구,5
외교,5
김성완,5
쟈니윤,5
문희옥,5
김상훈,5
애국자,5
애국방송국,5
tnjtv,5
소방관,5
방송국,5
정미홍방송,5
손정은,5
곶감,5
헌법재판소,5
핵폐기물,5
트럼프방한,5
기상청,5
이명박결혼기념일,5
광주,5
조은나래아나운서,5
파파이스,5
다스베이더,5
4회,5
장관,5
낸시랭왕진진,5
반응,5
경호원,5
기자단,5
영남,5
최욱,5
중국폭행,5
한동대,5
????34,5
예루살렘,5
amarintvhd,5
김성태원내대표,5
백은종,5
남재준구속,5
대구,5
광명동굴,5
대북송금,5
이상돈,5
mbcpd수첩171212,5
mbcpd수첩1136회,5
손정은아나운서스페셜mc,5
mbc7년몰락의역사,5
격려,5
akrifles,5
2018한국어디로가나,5
문정인,5
jtbc신년토론,5
난징대학살,5
고영태,5
추미애방미,5
홀대론,5
중국홀대,5
추미애연설,5
외교안보,5
복직,5
문재인위안부,5
당협위원장,5
지진대피요령,5
신혜식,5
한수원,5
음양오행,4
렉스틸러슨,4
허경영강연,4
복수혈전,4
악연,4
오사까,4
백두혈통,4
주기자,4
쿠데타,4
리설주,4
해상사고,4
우리민족끼리,4
한민족,4
핵항모,4
우주,4
암살,4
쥐를잡자특공대,4
최현,4
공산주의,4
독살,4
이설주,4
최룡해,4
허경영강의,4
급변사태,4
기쁨조,4
오진우,4
심재철의원,4
원수,4
반란,4
사실상mb,4
자유한국당태블릿pc,4
선거,4
주진우이재오,4
예언,4
총리,4
노건호,4
남북,4
vts,4
박연차,4
최문순,4
황제,4
역학,4
정책,4
방탄소년단,4
인천항,4
해상봉쇄,4
김세윤판사,4
초심,4
청탁금지법,4
특별번호라디오를듣고,4
연기,4
3대세습,4
환국,4
풍수지리,4
전략,4
명진15호,4
손석희태블릿pc,4
북산귀순병사cctv,4
최경환압수수색,4
미공개,4
수술장면,4
러일전쟁,4
반일,4
메이지유신,4
본회의,4
불참,4
에너지,4
????????????????,4
난동,4
동아시아정책,4
참가,4
박찬종,4
전현희,4
신연희,4
강남구청장신연희,4
그러니까탄핵당했쥐,4
좌익,4
한미,4
northkoreacctv,4
이국종가족,4
김종대정의당,4
태블릿피씨,4
이국종선행,4
최윤수,4
문재인신년사,4
북한병사기생충,4
이국종비난,4
훼손,4
이국종김종대,4
신혜원,4
영장,4
정회,4
메시아,4
불법사찰,4
압수수색,4
그탄당,4
탄핵당했쥐,4
현장점검,4
포항여자고등학교,4
문재인포항방문,4
국회의장,4
입주주택,4
김종대페이스북,4
현장,4
배식,4
북한김정은,4
흥해실내체육관,4
자유한국당김성태,4
시민,4
제천화재피해자,4
대성아파트,4
대피소,4
수학능력시험,4
문재인혁신,4
sidhakurajanatasangatoday,4
공수처,4
sidhakurajanatasanganewepisode,4
sidhakurajanatasangalatestepisodetoday,4
탄핵당했지,4
신년토론,4
공동경비구역,4
통일부,4
그러니까,4
대외안보정보원,4
그러니까탄핵당했지,4
봉쇄정책,4
당대표,4
미국북폭,4
isis,4
국가정보원,4
힐링궁,4
제야,4
세계통일,4
추자현,4
변상욱,4
새가날아든다,4
충격,4
이용마암투병,4
이용마기자,4
박성호기자,4
mbc해직언론인,4
강지웅,4
mbc이용마,4
최승호이용마,4
최민희유시민,4
김영호,4
유민아빠,4
김하영,4
유가족,4
좌익효수,4
남북정상회담,4
김천,4
김재천,4
국정교과서,4
서울시,4
타종,4
타종행사,4
종,4
김용판,4
pd수첩,4
채동욱,4
트럼프아시아순방,4
구상권,4
mb둘레길,4
케어,4
한겨레,4
dj비자금,4
news24nepal,4
엠비씨,4
천연두,4
wide9,4
와이드나인,4
탄저병백신,4
와이드9,4
아사히,4
생화학무기,4
대통령경호실,4
청담벙커,4
와이드몰,4
아베신조,4
widemall,4
hankyorehtv,4
종교개혁,4
왕,4
왕좌,4
부패,4
보수꼴통,4
이재명시장,4
알고보니,4
교체,4
사장과,4
김수지,4
동문,4
여운환,4
hankyoreh,4
전대협,4
우효광,4
송기석,4
대북제재,4
아일랜드,4
광화문,4
김현정의,4
island,4
애국당,4
송년특집,4
밤샘토론,4
알현,4
성과,4
주진우이명박,4
충칭시,4
이런게홀대?,4
문재인북한,4
북송선,4
친일,4
박동희,4
이명박검찰,4
라디오,4
전안법,4
매일,4
이명박김어준,4
박탈,4
당무감사,4
자격,4
후안무치,4
복당파,4
배은망덕,4
문재인중국인기,4
문재인방중,4
팟캐스트,4
외교부,4
조갑제,4
공약,4
부추연tv,4
이재명성남시장,4
이병호,4
문재인전안법,4
문재인소방차,4
문재인지지도,4
문재인썰전,4
유시민이명박,4
문재인외교,4
돌직구,4
문재인이명박,4
최고다,4
썰전유시민,4
북한군귀순,4
경질,4
우리은행,4
문재인대통령방중,4
대법원장,4
세무조사,4
임종국uae,4
문재인임종석,4
파파이스김어준,4
문재인조국,4
유시민썰전,4
윤이상,4
문재인시계,4
임종석추미애,4
왕이,4
정우성,4
특사,4
동해,4
미디어오늘,4
피랍,4
어부,4
진도,4
한미연합사,4
북한배,4
경남기업,4
국제전략연구소,4
kcij,4
합참,4
해외계좌,4
사우디,4
유시춘,4
김정숙문재인,4
미군,4
총리실,4
이명박바레인,4
납북,4
치던,4
속초,4
선고에,4
보수궤멸,4
해양경찰,4
인터뷰,4
해수부,4
들통,4
지진파,4
월북,4
선장,4
어선,4
울진원자력발전소,4
자연지진,4
울진,4
통합론,4
중국어선,4
났다,4
정두언독설,4
베트남,4
이명박대통령,4
피우진,4
트럼프문재인,4
김연국,4
인질,4
?????,4
이명박출국금지,4
이명박출국현장,4
이명발이동관,4
국정감사,4
해직자복직,4
전국언론노조,4
이명박출국,4
mbc신임사장,4
신동진,4
출근,4
하늘궁,4
풍수,4
선원,4
주파수,4
문재인1987,4
남포,4
1987,4
모금회,4
추억의뉴스통,4
최하은,4
다스는누구겁니까,4
원자력발전소,4
???10???,4
사랑의열매,4
사랑복지공동모금회,4
박수홍,4
기부,4
성금,4
김재철,4
김민식,4
영화1987,4
정치자금법,4
기부금,4
채시라,4
문정권,3
강남구청장,3
아랍에미레이트,3
강남을전현희,3
방송사고,3
평화협정,3
역풍,3
탄저,3
김진태의원,3
tbsfm,3
윤상직의원,3
문재인중국공항,3
혼밥논란,3
참여연대,3
문재인혼밥,3
드렌스덴연설문,3
문재인김정숙중국혼밥,3
박근혜세월호,3
최순실변호사,3
폭탄발언,3
정용화,3
전현희국회의원,3
류여해제명,3
여자는밤에,3
윤리위원회,3
샤이니종현,3
shinee,3
경기도지사,3
특별인터뷰,3
성남시장,3
남경필이재명,3
배종찬,3
장자연,3
항생제,3
서울역,3
볼레오광산,3
서민,3
중국경호원기자폭행,3
통일대박,3
이건희,3
신지연,3
최예진,3
정혜승,3
코어,3
유영하변호사,3
민다나오,3
태풍강타,3
태풍,3
필리핀,3
발리,3
발리화산,3
재판문서,3
150억,3
변희재대표,3
권은희,3
드라이비트,3
이니특별전,3
화산,3
ktv,3
제천화재참사,3
국민의당통합,3
안철수기자회견,3
라이언,3
김인옥,3
발인,3
보수우파방송,3
박근혜석방,3
보수방송,3
박근혜구속,3
최고위원,3
김빛이라,3
전세기,3
미디어워치,3
ktx,3
언론정상화,3
언론탄압,3
언론장악,3
꼼수,3
고위급회담,3
박승호,3
방문위,3
신경민,3
천정배,3
중증외상센터장,3
아이유,3
전대,3
각목,3
언론적폐,3
mbc해고자,3
박통,3
대변인,3
난리,3
인왕실,3
미국은북폭,3
아랍에미리트,3
중국은평양점령,3
한반도전쟁위기,3
추가탈당,3
도태우변호사,3
망했다,3
김기수변호사,3
헬멧,3
전당대회,3
사회자,3
폭력집회,3
죽창,3
전여옥,3
서청원,3
김종필,3
데모,3
김영란법,3
문재인홀대,3
수렁,3
송파랑,3
자유통일,3
장시호아들,3
세금,3
npk네트워크,3
무술년전망,3
진실존중,3
인격권,3
새해전망,3
탈라도,3
항체,3
씽크탱크,3
태블릿의모든것,3
무결성,3
핵단추,3
npk,3
손석희거짓말,3
newyear’sspeech,3
사정권,3
kimjong-un,3
공항,3
전북,3
책상,3
장시호재판,3
장시호징역,3
최순실조카,3
소년법,3
자유당,3
자유민주,3
국과수보고서,3
위안부문제,3
수사,3
법치생존,3
김헌식,3
조두순,3
증거무결성,3
오보,3
장시호판결,3
학부모,3
차재원,3
고재열,3
민정수석,3
낙태죄.지방선거,3
청원게시판,3
장시호징역형,3
포렌식감정,3
장시호눈물,3
임종석문재인,3
동계영재스포츠센터,3
버스,3
진실게임,3
정의구현,3
포랜식,3
오도,3
신햬원,3
법,3
기획탄핵,3
법치사망,3
태블릿진실공방,3
법치주의,3
보고서,3
김미영,3
태블릿진실게임,3
마녀사냥,3
개미애국방송,3
스텔스기,3
????????????34,3
진실,3
정리,3
최승호mbc,3
박주언,3
호도,3
검찰유착,3
법정구속,3
와이드몰입점,3
공모관계,3
호송,3
피고,3
정봉주광고,3
이의원들을아시나요?,3
벙커,3
정봉주의원,3
시사대담,3
최민희국회의원,3
시사토크쇼,3
항의,3
전국구광고,3
더불어민주당숨은진주,3
와이드몰광고,3
나꼼수정봉주,3
최민희의원,3
친중정책,3
국제학,3
통과,3
법치,3
윤소하,3
문재인첫일정,3
시진핑난징대학살,3
문재인북한산,3
김성태의원,3
박지원독설,3
b형간염,3
통합투표,3
대박독설,3
국당,3
투표율,3
오세훈투표,3
폭망,3
나쁜투표,3
전당원,3
끝났다,3
촛불집회,3
우리은행2018년도달력,3
북한인공기,3
우리은행은행장,3
초등학생미술작품,3
광화문광장,3
2008년달력,3
윰댕,3
김이브,3
푸대접,3
뉴스룸정우성,3
기자들,3
대사,3
서울중앙지검,3
문재인10끼중8끼,3
문재인영접,3
기무사,3
80조,3
간첩,3
포퓰리즘,3
문재인북경,3
mbc최승호사장,3
홀대·폭행에,3
배현진이,3
다급한,3
날좀보소,3
빨리돌아오라,3
北,3
한명숙,3
낚싯배,3
썰전e249,3
보인,3
마주치자,3
문정부,3
김이브윰댕,3
홍익표,3
박지원의원,3
인천,3
무차별폭행,3
여고생,3
무차별,3
김경재,3
진보,3
노사모,3
김경혜,3
안철수대표,3
박주선의원,3
이혼소송,3
새해구상,3
박주원의원,3
주성영,3
북한산,3
새해첫일정,3
2017의인,3
국정구상,3
산행,3
의인,3
충돌,3
친이계,3
박종운,3
떠나는,3
1심판결문,3
판문점귀순,3
뇌물구조,3
최남수,3
대북접촉,3
유대인,3
행사후,3
제야의종,3
타종식,3
최윤성,3
계란세례,3
태극기부대,3
외쳐,3
김민석,3
독립운동가,3
태영호,3
원내대표후보자,3
홍문종,3
조작당,3
친이,3
정태옥,3
검찰출석,3
이명박심판,3
대선자금,3
광명동굴예술의전당,3
원전수주,3
의원,3
김미화,3
해군참모총장,3
부역자,3
카스라테프트,3
후포항,3
밀약,3
북방한계선,3
정무수석,3
친문,3
문재인귀순,3
문재인jsa,3
문재인교전수칙,3
민영삼의잘잘못못,3
국산브랜드,3
삼성동사저,3
대여금고,3
비서관,3
논두렁시계,3
이명박구속여부,3
성남공군기지,3
제8비행단,3
박범계청문회,3
추미애미국발언,3
국정원장,3
박재홍감독,3
제2롯데월드,3
농협사기사건,3
정봉주복권,3
정봉주의전구구,3
전국구광명동굴,3
전국구공개방송,3
농협해킹,3
이명박농협,3
이명박두바이,3
제2롯데월드성남비행장,3
박범계롯데월드,3
다스실소유주,3
다스이명박,3
이명박원전수주,3
성남비행장,3
das,3
이명박출두,3
바다이야기,3
망언,3
추미애미국방문,3
허경영강연1104회,3
북한귀순,3
유인태,3
김현권의원,3
회충,3
중국사드,3
문재인이영애,3
한스요아힘슈미트,3
사대주의,3
슈미트,3
한스,3
괴한,3
침입,3
27일,3
요아힘,3
정유라집,3
국립과학수사연구원포렌식보고서,3
국과수태블릿,3
태블릿pc조작보도,3
태블릿pc검증,3
현재,3
미음,3
김관진석방,3
강부영,3
추혜선,3
cctv영상,3
허경영강연1104,3
광해군,3
신은미,3
김미루,3
김완,3
유엔사,3
정치알바,3
이재정,3
북한병사,3
유엔군,3
권성동,3
임옥상,3
기독교,3
인도네시아,3
이진성,3
헌재소장,3
백혜련,3
김명수대법원장,3
공수처신설,3
사법독립,3
여당대표,3
국가의전서열,3
물김치,3
문재인박근혜,3
무역,3
한미fta,3
도중,3
군사훈련,3
농협,3
저수지게임,3
시민제보,3
비대위,3
서울동남노회,3
도널드트럼프,3
도종환,3
강원,3
한병도,3
구형,3
트럼프아베,3
정봉주서울시장,3
땅갈라지는모습,3
서울경제,3
박지원안철수,3
외교성과,3
갑질,3
박성제,3
긴박했던,3
trump,3
냉시랭남편전과,3
issue,3
mainnews,3
report,3
다스뵈이다6회,3
왕진진전자발찌,3
낸시랭남편전과,3
낸시랭남편,3
news24onlinetv,3
낸시랭결혼,3
전준주,3
news24nepal.tv,3
왕진진전과,3
김경준,3
news24tv,3
6회,3
news24,3
nepal,3
팩트티비,3
다스뵈이다풀버전,3
nepalbroadcastingchannel,3
합격점,3
사회부총리,3
문재인추미애,3
국무총리,3
자유한국당뇌물,3
친박최경환특활비수수의혹,3
최경환손수조나쁜손,3
친박계최경환,3
이병기구속,3
최경환국정원,3
이병호기각,3
문고리3인방특수활동비,3
국정원뇌물,3
이철우국정원,3
최경환채용비리,3
권성동강원랜드,3
청와대국정원뇌물,3
최경환진박,3
최경환재판,3
김태흠,3
박근혜매달1억,3
국정원특수활동비,3
un,3
추미애인터뷰,3
추미애더불어민주당,3
초이노믹스,3
최경환국정원특활비,3
김정민국제전략연구소,3
보도본부장,3
호평,3
수능일정,3
수능연기,3
지진대응,3
교육부장관,3
재난대응,3
공포,3
반동분자,3
장윤선,3
6ㆍ25,3
외상치료,3
절규,3
바레인,3
비판,3
특조위,3
이종훈,3
총상,3
봉합,3
중증,3
수술,3
jsa귀순병,3
news24television,3
휴대폰,3
#손석희jtbc태블릿pc조작,3
#검찰특검,3
#손석희시청장의견조작,3
#윤석열,3
#손석희변희재,3
국과수태블릿pc감정결과,3
#손석희,3
태블릿pc포렌식,3
국과수태블릿pc,3
#손석희박근혜대통령,3
#변희재미디어워치대표고문,3
정치수사,3
#변희재손석희,3
최순실태블릿pc감정결과,3
#손석희jtbc,3
프락치,3
우병우라인,3
정치압력,3
#손석희태블릿pc특검,3
#손석희박근혜,3
#변희재,3
#손석희검찰,3
#박영수특별검사,3
법꾸라지,3
#최순실국정농단,3
#손석희변희재논문표절,3
#박영수특검팀,3
응징언론,3
#손석희최순실,3
#손석희태블릿pc,3
적폐세력,3
#변희재미디어워치,3
3불,2
중국수모,2
안보위협,2
문재인조공외교,2
강경화외무부장관,2
중도보수대통합,2
시진핑의무례,2
문재인비판,2
중국의무례,2
주체사상,2
광화문대통령,2
집무실,2
3년,2
위한컬렉션,2
월권,2
윤건영,2
내로남불,2
구중궁궐,2
시구,2
김은영,2
amarintv,2
문대림,2
ch34,2
사람중심,2
권혁기,2
???.???????,2
사드반대,2
김금옥,2
정부청사,2
하승창,2
서울시장후보,2
긴급기자회견,2
시국진단,2
왕첸첸,2
왕진진회장,2
지진에,2
정유라집습격,2
의원총회,2
정현백,2
탄생100주년,2
조한기,2
오종식,2
임수경,2
리본,2
임관빈석방,2
민주주의,2
경호원싸움,2
싸움,2
정책홈쇼핑,2
한국기자중국경호원,2
폭행영상,2
중국경호원폭행,2
유행렬,2
홈쇼핑,2
ghdwnsvy,2
찰스,2
중국인싸움,2
이광재,2
유송화,2
월북영웅,2
대폭발,2
이석현,2
문재인베이징대,2
주진우무죄,2
이이제이이작가,2
통합추진,2
구미,2
사면,2
칼찌르기,2
특별공개방송,2
자서전,2
두유,2
구매알바,2
익명,2
사대,2
굴종,2
주진우검찰,2
순방취소,2
이명박의사표명,2
엑스,2
고준희,2
의문점,2
추미애출국,2
폴라이언트럼프,2
추미애미국,2
일침영상,2
미국공화당,2
exo,2
폴라이언,2
추미애국회연설,2
이명박공항,2
방중단,2
주진우mb,2
송혜교,2
베이징,2
이효성,2
청년,2
개선장군,2
어깨,2
난징,2
젊은이,2
베이징대,2
강연,2
기업,2
참사,2
총수,2
결례,2
서울용산화재참사,2
제주강정해군기지,2
민혁당,2
지만원,2
경남밀양송전탑,2
백원우,2
오민석,2
보이지않는손,2
차관보,2
노동해방실천연대,2
진성준,2
김영춘,2
동백림,2
송인배,2
망신외교,2
굴욕외교,2
우울,2
여준성,2
김현미,2
100주년,2
탄신,2
삼국지,2
진실의눈과머리,2
국격,2
연설,2
후원,2
2심,2
rivals,2
??????????????,2
특별조사위원회,2
해군기지,2
전남영암,2
희정당,2
정부규제,2
ai,2
궁중장식화,2
강정마을,2
해양수산부,2
철회,2
일mbc아침뉴스12132017,2
남재준충정가,2
남재준국정원장,2
광명시장,2
남재준장성비리,2
부대변인,2
폭탄테러,2
찬반투표,2
남재준참모총장,2
재조사,2
신변보호,2
영장심사,2
뇌물,2
경조사비,2
금강산만물초승경도,2
양기대시장,2
총석정절경도,2
개인정보,2
투자,2
일mbc아침뉴스,2
국정원박근혜,2
마약거래,2
댓글사건,2
오리,2
급유선,2
광명동굴방송,2
리영희,2
15일,2
촛불사기,2
skyscraper,2
wuyongning,2
died,2
high-risebuilding,2
extremestunt,2
dead,2
finalstunt,2
falltodeath,2
death-defyingchallenges,2
chinesedaredevil,2
조공외교,2
하어영군사이버,2
남재준육군참모총장,2
시리세나,2
자유한국당태블릿pc조작진상조사tf,2
정책토론회,2
김영진,2
호들갑,2
양기대의원,2
광명양기대,2
아웅산수치,2
평가,2
남재준김장수,2
양기대,2
광명동굴공개방송,2
양기대광명시장,2
남재준강연,2
국정원상납,2
양기대광명동굴성과,2
양기대광명동굴,2
남재준출석,2
광명동굴내부,2
광명시장양기대,2
군상납,2
근로환경,2
건설노동자,2
김규진,2
정유라괴한,2
위안부만행사진,2
정유라이씨,2
이시형최대주주,2
칼찌르기연습,2
동상이몽,2
우블리,2
살인교사,2
정말최고다,2
욕먹는이유,2
미니스커트,2
문재인조계사,2
장승호사진,2
mbc가이상해졌다는홍준표의원,2
시리세나대통령,2
특종,2
대통령비서실장,2
위안부일본사과,2
조류인플루엔자,2
sidhakurajanatasangalatestepisode,2
박동희기자,2
정유라침입,2
칼로몬잔티젠,2
정유라괴한침입,2
홍줌ㄴ표,2
미스터리,2
특활비검찰수사,2
이준석,2
정유라강도,2
이시형sm,2
이정미,2
고위급,2
급물살,2
mainreport,2
비화,2
칭찬,2
균형자,2
균형자상,2
자유한국당기자회견,2
거래사이트,2
남재준상납,2
1213,2
아침뉴스,2
과거사위,2
이민개혁법,2
12132017,2
13,2
선물,2
농축수산물,2
고교생,2
미투,2
성추행,2
과징금,2
빗썸,2
상납비리,2
하어영기자,2
충돌사고,2
지킬과하이드상,2
국회정론관,2
소녀상,2
사화,2
레닌파워상,2
디플로맷,2
풍자,2
균형외교,2
캠프험프리스,2
사토상,2
헌사,2
뉴욕,2
트럼프국회연설,2
mbc아침뉴스,2
창덕궁,2
실종어린이,2
속국,2
실종,2
북한식당여종업원,2
난민,2
화제,2
나꼼수주진우정봉주,2
살인청부,2
문재인개성공단,2
개성공단폐쇄,2
박근혜개성공단폐쇄단독결정,2
박근혜개성공단폐쇄,2
chae-um,2
민주종편,2
통일부정책혁신위원회의발표,2
적폐청산tf,2
태영호공사,2
이재명토론,2
인정,2
개념발언,2
정치9단주,2
재생,2
안철수녹취록,2
안철수거짓말,2
채움튜브,2
정치평론,2
chaeum,2
박찬협,2
국민종편,2
실시간급상승,2
민주시민,2
민주당경선,2
채움tv,2
정치유튜브,2
대권후보,2
문재인내각,2
채움티비,2
서민교수,2
화났다,2
대표,2
정치레전드,2
반국가세력,2
둠스데이,2
홍콩,2
치료제,2
탄저균치료제,2
의학전문대학원,2
이용식,2
윤미향,2
이석기,2
박원순서울시장,2
emegent,2
순항미사일,2
정언비평,2
개념,2
이희호,2
소신,2
김관진표적지,2
임관빈구속,2
중국군,2
국민들반격,2
역관광,2
무명,2
건국대,2
2017뉴스타운어워드,2
이재명문재인,2
채움,2
갓재명,2
책임,2
소동,2
문재인지지자,2
영부인,2
방중성과,2
홀대프레임,2
국민공분,2
유시민레전드,2
김정숙스카프,2
보수언론,2
민주당차기,2
이재명출연,2
정치이슈,2
국민연금지급액인상,2
donaldjohntrump,2
ivankamarietrump,2
israel,2
jaredcoreykushner,2
예루살렘대사관법,2
재러드쿠슈너,2
방공식별구역,2
주진우법원,2
젠트재인,2
논란,2
양념댓글,2
임종석uae,2
청와대출입기자,2
모하메드왕세자,2
이명박모하메드,2
uae원전,2
텔아비브,2
jerusalemembassyact,2
telaviv,2
jerusalem,2
총공세,2
예고,2
윤리,2
김준형,2
news24nepalpanipokhari,2
남은,2
issueoftheday,2
징계,2
이재만,2
정유라사는곳,2
정유라습격,2
이재화,2
칼잡이,2
건강보험,2
김관진특활비,2
장기요양보험,2
박근혜모하메드,2
이명박중동,2
네이버,2
스나채움,2
최길갈,2
시사타파,2
유서,2
종현유서,2
문화,2
엑소,2
종현발인,2
소녀시대,2
100분토론,2
레바논,2
유재일,2
뉴이스트,2
민주당지지자,2
더채움,2
문재인복지정책,2
다음댓글,2
임종석의혹,2
산재보험료,2
박근혜유영하,2
임종석아랍,2
여자친구,2
인순이,2
서갑원,2
uae방문,2
문대통령,2
아동수당도입,2
문꿀오소리,2
국민소통,2
기초연금인상,2
건강보험보장성확대,2
박혜미,2
문재인캐어,2
댓글양념,2
쇼통,2
한국당특활비검찰고발,2
김대중추미애,2
무산,2
류여해오렬,2
성심병원갑질논란,2
대표단,2
파견,2
조명균,2
차명진,2
전통문,2
포항구룡포과메기,2
우병우장모,2
평화의집,2
의혹,2
김정민자연사박물관,2
만주회복,2
국제전략,2
우병우눈빛,2
우병우박근혜,2
cbs라디오fm98.1,2
혼밥러,2
김현정앵커,2
씨,2
내년선거,2
2017.11.14,2
11.14,2
무기징역,2
오태희,2
국내언론,2
대접,2
20171114,2
14,2
171114,2
17.11.14,2
전국국특집,2
중단,2
ooo,2
김현정pd,2
우병우구치소,2
우병우팔짱,2
독수리훈련,2
받아쓰기,2
김경숙,2
찌르기연습,2
패션외교,2
통,2
바둑판,2
선물교환,2
국가망신,2
아랫사람,2
우병우비명,2
정봉주의전국구시즌2,2
어께두들기기,2
미화,2
자네왔나,2
왕위,2
바뀐mbc가이상해졌다,2
천대,2
반한,2
화약고,2
다스이시형,2
야생,2
우병우기자,2
우병우최순실,2
보수대통합,2
주석,2
안면구타,2
수행기자,2
수행원,2
이이제이이동형,2
구두,2
멧돼지,2
외교부장,2
수도,2
중국식당,2
반중,2
푸틴,2
교육감선거,2
지자체선거,2
1114,2
종현자살,2
시장,2
홍영표,2
월스트리트저널,2
한미연합군사훈련,2
서울아산병원,2
사망,2
빈소,2
키,2
세종대왕,2
갈탄,2
온유,2
샤이니종현사망,2
샤이니종현누나,2
연예인자살,2
샤이니종현우울증,2
연예인사망,2
보루,2
1위,2
네이버댓글,2
목숨건귀순,2
특활비상납,2
의총,2
의총불참,2
호남중진,2
이슈영상,2
민주당티비,2
목숨,2
친박연대,2
도로바른정당,2
이명박18년운전기사,2
이명박bbk,2
이명박운전기사,2
왜,2
긴박했던jsa귀순,2
이동형,2
태민,2
샤이니종현유서,2
자살기도,2
폭로자,2
보수사이트,2
김어준의_뉴스공장,2
mbc의,2
청와대와,2
첫도전,2
사장의,2
플래카드,2
정권비판,2
배승희,2
언론통제,2
마타도어,2
우장균,2
노종면,2
천만인서명운동,2
문화토크콘서트,2
심리전단,2
쑈통,2
sm엔터테인먼트,2
초딩,2
사자와여우,2
마키아벨리,2
동계패럴림픽,2
종현사망,2
모란봉악단,2
사이다,2
다스특별세무조사,2
경리여직원,2
다스여직원,2
120억,2
도망,2
나꼼수주진우,2
다스주식,2
모금운동,2
플랜다스,2
박대출의원,2
이용주의원,2
국과수태블릿pc감정,2
매티스국방장관,2
트럼프풍자,2
신관렬,2
국정지지율,2
국익정보국장,2
수험생,2
무당파,2
sat,2
김남국,2
자유민주주의삭제,2
좌파더불어민주당,2
남북회담,2
의식,2
비난,2
박기량,2
부사관,2
캐비닛,2
인용,2
텡그리,2
손석희의저주,2
크리스마스,2
강사근,2
헤일리유엔대사,2
깽판,2
그레이엄의원,2
김동연,2
???,2
태극기집회자금,2
군사이버사령부,2
안종범수첩,2
문제인,2
정치부회의,2
tk,2
다정회,2
각하,2
eez,2
민중홍,2
쑹타오,2
mattis,2
한미훈련,2
sarahsanders,2
lindseyolingraham,2
시진핑특사방북,2
gsomia,2
시진핑특사,2
린지그레이엄,2
화성-15호,2
marcalexanderthiessen,2
백악관대변인,2
김정은건강,2
대륙간탄도미사일,2
홍준표신년사,2
평창올림픽미국불참,2
평창북한,2
비행금지구역이라크,2
명료,2
트럼프트위터,2
tilerson,2
마크티센,2
비행금지구역,2
김정은자평,2
환구시보,2
한일군사정보보호협정,2
중국공산당,2
75일만에도발,2
틸러슨미국무장관,2
no-flyzone,2
새라샌더스,2
시진핑특사쑹타오,2
비행금지구역리비아,2
배터적경제수역,2
사퇴하라,2
합의불발,2
야합,2
최재성,2
김철홍교수,2
문재인영화관람,2
cts,2
snstv,2
부채,2
예산,2
국가부채,2
남미행,2
베네수엘라,2
그리스,2
특급열차,2
최대집,2
컬처팝,2
직접민주주의,2
선동,2
영화,2
관람후기,2
이한열,2
시사폭격,2
유시민돌직구,2
미디의워치tv,2
건곤감리,2
슈타인즈채널,2
이정훈교수,2
슈타인즈,2
김철홍,2
영화후기,2
mbc가이상해졌어요홍준표의원,2
트루스포럼,2
snu,2
tnj,2
이태희목사,2
관람,2
대중,2
김윤석,2
빡쳤다,2
조사,2
롯데월드,2
무술년,2
검찰수사,2
흔들기,2
강민구,2
대구집회,2
자유한국당평창,2
정미홍신년사,2
태극기세력,2
홍준표개헌,2
궁물,2
소환,2
아동수당,2
5일,2
예산안통과,2
새해,2
2018.01.01,2
18.01.01,2
01,2
유영,2
육영수,2
무죄석방,2
간부들의,2
평창올림픽미국,2
kbs공영노조위원장,2
0101,2
정치호,2
20180101,2
국민의방송,2
180101,2
01.01,2
성창경,2
좌경화,2
태극기계좌,2
미국불참,2
뱅모,2
짐바부웨,2
금융전쟁,2
사드중국,2
고려대포럼,2
김경률,2
인공기,2
발전소,2
힘의균형,2
동북공정,2
가스,2
탈석유,2
다스비자금,2
만주,2
사우디아라비아,2
우라늄,2
대영제국,2
한국정상회담결과,2
베트남한중정상회담,2
사드갈등,2
대전,2
문재인영흥도,2
영흥도사망자,2
낚시배전복,2
대전시당,2
분신자살,2
편의점분신,2
근교산,2
부산편의점,2
아시아나,2
발리전세기,2
부실수사,2
감정서,2
부산사건,2
유심칩,2
중일전쟁,2
만수르,2
영흥도낚시배,2
석유,2
공석,2
잃어버린20년,2
영일동맹,2
가쓰라태프트밀약,2
존볼턴,2
트럼프동아시아,2
대굴욕,2
조시철,2
theeconomist,2
집행유예,2
신동욱,2
billemmott,2
페리제독,2
오바마아시아정책,2
실형,2
주한미대사,2
냉전시대,2
아시아회귀정책,2
강경화미군,2
모택동,2
초코파이,2
강경화영어,2
서청대,2
태블릿pc국과수감정결과,2
강경화포스,2
논쟁,2
조영환,2
수석,2
등극,2
독설왕,2
인기폭발,2
구질구질,2
강타,2
영흥도해경,2
분신,2
헌법개정,2
검찰조서,2
파렴치범,2
인터넷,2
한국반응,2
한국인터넷,2
해외반응,2
김성현,2
북한군사도발,2
퍼레이드,2
dmz,2
우리나라,2
병사들,2
4일,2
전투기,2
귀순책임,2
김포공항폭탄사건,2
한상률,2
24일,2
김대중대통령,2
김정민박사,2
더불어민주당개헌,2
정세균개헌,2
문재인홍준표,2
박용진,2
태극기집회경찰,2
경찰관련,2
팩트체크,2
평창한미훈련,2
국회개헌,2
거부,2
병원,2
외통수,2
김무성개헌,2
사익편취,2
한민구,2
촛불,2
영흥도문재인,2
북한평창동계올림픽,2
비서실,2
국가기밀,2
형사고발,2
부산사고,2
인민위원회,2
지검장,2
국제신문,2
적와대,2
분신화상,2
붕괴,2
문재인내란죄,2
분신사고,2
검사,2
국회해산,2
박근혜대통령새마을박정희미국캐나다문재인변희재서석구조원진대한애국당국회탄핵무효인권침해,2
한중정상회담베트남,2
정치전망대,2
국가안전보장회의,2
평창올림픽북한참석,2
이성한,2
kal기폭파사건,2
차은택,2
문재인평창동계올림픽,2
이대입시비리,2
혼수성태,2
미르재단,2
노화,2
연평해전,2
남북고위급회담,2
13일,2
문재인조선소,2
문재인거제,2
중국3불,2
서울대,2
이해성tv,2
박성현,2
위안부강경화,2
설훈,2
조원진난동,2
탄핵1주년,2
탄저백신,2
대자보,2
고대대자보,2
고려대학교대자보,2
고려대학,2
민족고대,2
고대,2
최경환의원,2
자니윤아내,2
자니윤저택,2
경호실,2
정부가,2
조원진사자후,2
위기감,2
위안부합의tf,2
제천문재인,2
이명박정부핵폐기물,2
박근혜원전세일즈외교,2
자유한국당국정감사임종석,2
원전수출,2
한겨레tv,2
화재현장문재인,2
고름,2
독도새우,2
최순득,2
5억,2
집안싸움,2
백신의,2
이찬열,2
문재인수능,2
정치공작,2
핵폐기물한국반입,2
민폐,2
신좌파,2
레드라인,2
10.26,2
역사전쟁,2
한국근대사,2
대북퍼주기,2
한국사,2
청와대용만,2
uae원전핵폐기물,2
tvn,2
자니윤재산,2
이인호,2
강규형,2
이사장,2
박근혜재판,2
광주폭동,2
이명박원전수출,2
우리은해규탄집회,2
투신,2
규탄,2
엄마부대,2
햇볕정책,2
고기파티,2
광주사태,2
동아일보,2
파티,2
이명박정부원전계약,2
앙망문,2
핵폐기물폐연료봉한국처리,2
이인제,2
이명박원전계약,2
박근혜국정원,2
한화갑,2
임종석특사,2
중대발표,2
find,2
박근혜국정원mb정부,2
문재인스리랑카,2
집권,2
김영오,2
박영인,2
귀국,2
장훈,2
김수영,2
유경근,2
여권,2
이낙연기자,2
방패막이,2
목포,2
이낙연관훈토론,2
수색,2
남현철,2
사이버사,2
미수습자,2
댓글활동,2
김재천영사,2
문재인시리세나,2
해직,2
18년,2
운전기사,2
횡령,2
권혁규,2
집안,2
인권상,2
아사히신문,2
12일,2
자니윤돈,2
이명박정부이면계약,2
임종석중동특사,2
권재근,2
원전산업로드쇼,2
uae핵폐기물,2
국정운영,2
24시간,2
암덩어리,2
실시간뉴스,2
미사일발사,2
중대보도,2
뉴스특보,2
생중계,2
김종대임종석,2
24,2
박근혜정부,2
박근혜uae원전외교,2
핵폐기물이면계약,2
핵폐기물처리,2
천만인서명운동본부,2
원전비리,2
북한중대보도,2
북한중대발표,2
양승진,2
수원오피스텔공사현장화제,2
쓰러진채피격…몸속수십마리기생충발견,2
“총알넘어오면경고사격”,2
정치9단,2
성탄절음악회문재인,2
1월3일,2
제천스포츠센터화재유가족,2
위안부소녀상,2
ytn뉴스,2
위안부할머니,2
스리랑카대통령,2
제천스포츠센터화재,2
스리랑카,2
ytn실시간뉴스,2
와이티엔,2
화유기,2
고려대,2
얼떨결에,2
계시록,2
유홍준,2
72,2
bridge,2
mdl,2
포복,2
tod,2
rok,2
nk,2
defector,2
박대통령조원진서울역태극기집회문화무죄이완구홍준표대한애국당정치자한당더불어민주유튜브박정희검찰법원,2
중대장,2
음모,2
rabilamichhanesidhakurajanatasanga,2
한반도예언,2
말세,2
자살,2
건국,2
유시민독설,2
남북관계,2
가결,2
손혜원,2
떳다방,2
국민소통수석,2
과메기,2
kbs정상화,2
종교,2
에이스,2
잡학사전,2
윤영찬,2
한겨레신문사,2
thehankyoreh,2
thehankyorehtv,2
위기의홍준표,2
나원모,2
한반도전쟁,2
전망,2
남사고,2
kb,2
600조,2
연금,2
국민연금,2
주식,2
강동원1987,2
22일,2
강동원울음,2
미국베트남,2
미국중국,2
미국일본,2
트럼프시진핑,2
미국대동아시아정책,2
트럼프쩐다이꽝,2
서울대공대,2
주주,2
귀순용사,2
강동원문재인,2
12월6일(수),2
격암유록,2
세균전,2
예언서,2
이십팔전분전,2
성경,2
김성태팩트,2
홍창의,2
문재인강동원,2
유정훈,2
이희범,2
jtbc뉴스,2
앵커브리핑,2
jp,2
강동원이한열,2
표결,2
구제역,2
충북제천,2
코인시장,2
재벌,2
김동호,2
고유미,2
11월20일(월),2
유우성,2
로체,2
설날,2
노포,2
박태환,2
수원광교신도시화제,2
리플,2
에너지제로,2
노원구,2
질문왕,2
거래소,2
이병태교수,2
박근혜대통령보수대구태극기집회대한애국당조원진자한당홍준표문재인국민의당민심국회대한민국여론친박,2
제천스포츠센타,2
키니졸브,2
11월30일(목),2
고현준,2
장성택,2
국선변호인,2
당조직지도부,2
작전변경,2
북한정변,2
핵동결,2
김설송,2
트럼프군사옵션,2
dotv,2
경제론,2
망조,2
장진수,2
화재,2
주무관,2
구속수사,2
적폐청산중단,2
특검도우미,2
피로감,2
서울중앙지검장,2
문재인피자,2
문재인피자마루,2
장시호1심,2
연내마무리,2
포항여진,2
mbc뉴스데스크,2
수사권,2
퇴임,2
국가보안법,2
20일,2
유엔사cctv영상,2
농축수산업,2
쥐잡이대학생,1
소방관충원,1
어린이인공기그림,1
제천방문,1
행정안정부장관,1
이니,1
박한철,1
미치광이,1
민변,1
뉴스앵커,1
이명박근혜심판범국민행동본부,1
행정관,1
건재,1
산타클로스,1
구속도로,1
대학생쥐잡이특공대,1
소방관확충,1
제국의위안부,1
실패,1
대통령기록물,1
자유,1
대구시장,1
??,1
앵커리포트,1
월드인사이드,1
학문의자유,1
종북좌파,1
박유하,1
좋은뉴스,1
무능,1
개점휴업,1
검증,1
탄저테러,1
6월항쟁,1
학문,1
과학,1
개미방송,1
광고중단,1
성희롱,1
제명,1
수석비서관,1
장난전화,1
sekloso,1
추적,1
미방송분,1
김성태유시민,1
김성태혼쭐,1
김성태유시민작가,1
김성태현역,1
유시민작가,1
김성태자유한국당,1
김종배,1
떡실신,1
홍준표이명박,1
색다른시선,1
혼절,1
뒷다마,1
뒷담화,1
문재인쇼,1
꼼수전략,1
보호막,1
호남파중진,1
결별수순,1
원내교섭단체,1
문모닝,1
구태정치,1
통합반대파,1
부당거래,1
제재,1
단배식,1
대북비밀접촉,1
uae특사,1
이유,1
회동,1
문-최,1
새해여론조사,1
지방선거여론조사,1
리얼미터여론조사,1
대한언론인회여론조사,1
갤럽여론조사,1
갤럽,1
문재인국정지지도,1
대한언론인회,1
??????10????????,1
1jan2017,1
??.??.,1
1?.?.60,1
?????????????????,1
1january2017,1
?.?????????????,1
1??????2561,1
바른국민한국당,1
차명계좌,1
뒷거래,1
신년식,1
통합파,1
정무수석실,1
그레이엄,1
미녀응원단,1
크루즈,1
제의,1
직통전화,1
단일팀,1
핫라인,1
김여정,1
위하여,1
예비역육군중장,1
역임,1
허평환장군,1
시위,1
5대보험료,1
달력,1
좌편향,1
분당,1
논산훈련소장,1
국군기무사령관,1
토크쇼,1
입을열다,1
두달만에,1
잠못드는,1
6사단장,1
피겨,1
화답,1
mb아바타,1
채널,1
dj정신,1
전원불참,1
원종우.개헌,1
포복절도,1
실검1위,1
2017,1
지구온난화,1
우리은행시위,1
플로리다폭설,1
보험료,1
이란시위,1
위안부합의폐기,1
이사람아,1
털었다,1
2018jtbc신년토론회,1
신년토론회,1
토론회,1
박살,1
해체,1
최태원회장,1
알리바이,1
sk회장,1
sk최태원,1
최태원,1
김진의정치전망대,1
김진의정치,1
선우정칼럼,1
외교결례,1
한중관계,1
중국국빈방문,1
월간조선,1
전승절,1
전쟁의수수께끼,1
손자병법,1
속뜻,1
막가파,1
정봉주와친구들,1
이승원,1
올스타전,1
시사전망대,1
김성준,1
주한미군철수발언,1
박한철이정미,1
28일,1
비트코인단속,1
가상화폐근절,1
버윌벨전주한미군사령과,1
시국이모저모,1
개성공단조사,1
이재용공판내용,1
전승절70주년,1
존바스케즈,1
박근혜단식,1
한국중국,1
부장감사,1
박태석,1
기생충학자,1
조대진,1
대하소설,1
박사모,1
개입,1
문건,1
미샤나호세이니운,1
팬덤,1
mh그룹,1
양석조,1
진술,1
기소,1
만화책,1
이동형정치수다,1
6개월,1
북대사관,1
평통,1
꽃다발,1
이정미재판관,1
위안부합의,1
석해균,1
전쟁고조,1
주한대사관,1
고려연방제,1
전쟁위기,1
지지도,1
비문,1
리틀jp,1
시청자,1
곽춘자,1
고지연,1
양승조,1
충남지사,1
이완구,1
1월,1
이우현의원,1
미디어비평,1
이우현,1
이우현국회의원,1
옷값,1
언론적폐청산,1
좋아,1
보수결집,1
만남,1
백반토론나는짐이다,1
보복운전,1
폐차,1
굴착기,1
대통령탄원서,1
감사,1
미스터백,1
드론,1
어린이그림대회,1
인공기달력,1
변호사,1
이상은아들이동형,1
이명박소환,1
아버지,1
월급,1
회장,1
올해의영화,1
국민여러분,1
땡큐,1
대한민국역사박물관,1
911,1
황당사건,1
총기,1
한국학중앙연구원,1
교황청대사,1
한국콘텐츠진흥원,1
골드바,1
주독일대사,1
시상식,1
공로,1
총격,1
백악관,1
함박웃음,1
음악회,1
평창아이템,1
스리랑카정상회담,1
실론티,1
평창모자,1
인도,1
아이들,1
스리랑카국빈방문,1
최고도,1
이동식발사,1
탄흔보니,1
귀순병의,1
아찔했던,1
선명하게,1
순간,1
'선명하게남은',1
귀순병의'아찔했던'그순간,1
대검찰청,1
사회적참사,1
적폐수사,1
전선규,1
11월29일(수),1
임채정,1
sidhakura151,1
중소벤처기업부,1
군사행동,1
un참전국,1
sidhakuralatestepisodenew,1
sidhakurajanatasangatodayepisode,1
sidhakurajanatasangalive,1
sidhakuranew,1
sidhakruajanatasangaepisode151,1
rabilamichhanejantasangasidhakura,1
국빈환영식,1
sidhakurajanatasanga!!episode151,1
rabilamichhanesidhakura,1
발언,1
29일,1
한국정책방송ktv,1
ktv국민방송,1
문재인대통령스리랑카,1
스리랑카환영식,1
사회적참사법,1
거지갑,1
2기특조위,1
탈북군인,1
그림,1
7주년,1
지열발전소,1
비례대표,1
기생충다이어트,1
유골,1
전시회,1
벽화,1
연평도,1
sidhakurajanatasanga!!episode150,1
이국종의방안에는,1
간이침대자며환자돌봐,1
배진영,1
세상읽기,1
체게바라,1
민주정치9단,1
사정광풍,1
브리핑,1
미투작전,1
김정은의,1
특별법,1
대한태극방송,1
선체조사위,1
옥시,1
영장실질심사,1
가습기살균제,1
박종국,1
11월28일(화),1
11월27일(월),1
한현민,1
사기,1
국민저항운동,1
롱패딩,1
이집트테러,1
패딩,1
테러,1
이집트,1
블랙프라이데이,1
거짓과진실,1
편지,1
삼성동코엑스,1
창업,1
벤처,1
귀순병사분석,1
기금,1
사과,1
폐렴,1
귀순병사가족,1
귀순병사상태,1
귀순병사개성,1
귀순병사헌병,1
오청성근황,1
귀순병사운전병,1
치료비,1
귀순병사탈출,1
강남구청,1
김정은트럼프,1
반기웅,1
정태근,1
12월4일(월),1
최영일,1
전복,1
양말,1
권역외상센터,1
b-1,1
교통사고,1
우파,1
무결성원칙,1
kimpa2014,1
수사소홀,1
변희재손석희의저주,1
변희재손석희,1
손석희평창동집,1
사고수습,1
선박사고,1
사드경제보복,1
행안부,1
국가배상,1
사고대책,1
여객선,1
국가안보보좌관,1
맥매스터,1
청와대대변인,1
jsa귀순북한군총격부상,1
f-16,1
공중급유기,1
중소벤처기업부홍종학,1
노벨평화상,1
미국북폭명분잡았다,1
최낙타,1
정발위,1
서울중앙지법,1
전면전,1
사망선고,1
선포,1
30일,1
로맨스,1
윤상직,1
애타는,1
태블릿pc의혹,1
박근혜대통령국선변호인,1
양정례,1
태블릿pc국과수,1
강철구변호사,1
국선변호인단,1
청년창업,1
북한김정은선넘어,1
태블릿pc감정보고서,1
f-15,1
인민위원회내란죄,1
비질런트에이스,1
보수적폐,1
기획수사,1
김수남,1
중국몽,1
위원회,1
적화공작,1
한미일,1
md,1
국과수감정보고서,1
내란죄고발,1
사랑과정의,1
nanananaknc,1
입원한,1
태블릿pc진상조사,1
정우택원내대표,1
최순실재판,1
자유한국당태블릿pc조작진상조사태스크포스,1
인격테러,1
정전협정,1
빅브라더,1
rabilamichhane,1
3인방,1
벙커커피,1
powernews,1
newsvillage,1
sidhakurajanatasangafullepisode144,1
sidhakuraep144,1
sidhakurajanatasangaepisode144,1
jillanews,1
sunsaricursurudhyog,1
이명박박근혜국정원,1
문재인대통령베트남,1
문재인베트남,1
미국대통령,1
한림대,1
관리,1
뉴스8,1
일송학원,1
간호사,1
이명박사저,1
문고리,1
성심병원,1
이명박근혜,1
김주혁블박,1
김주혁심근경색,1
김주혁블랙박스영상,1
김주혁사망이유,1
김주혁블랙박스,1
김주혁벤츠,1
김주혁사고당시블랙박스,1
이명박포토라인,1
이재화변호사,1
정봉주감옥,1
박근혜감옥생활,1
안봉근,1
김관진고백,1
김관진진술,1
이명박집,1
문고리3인방,1
mb국정원,1
정봉주구속,1
내부문건,1
선정적,1
김주혁사고이유,1
leemyung-bak,1
죽음,1
죽음의서사시,1
김정민의국제관계,1
방위산업,1
출국,1
koreapresident,1
parkgeun-hye,1
nis,1
spyagency,1
이명박수사,1
뉴스룸전체다시보기,1
주말뉴스룸,1
꿀렁꿀렁,1
정규재티브이,1
박정희세미나,1
박정희100주년,1
박정희대통령기념재단,1
부상,1
방산,1
이명박전대통령,1
mbn,1
에크하르트트톨레,1
춤강요,1
참가율,1
트럼프한국일본,1
조코위,1
조코위노노,1
롯데마트,1
이강영책읽기,1
aodiobook,1
명상,1
mb구속,1
네빌고다드,1
철학,1
중국롯데마트,1
인문학,1
오디오북,1
김정숙여사옷,1
방명록,1
mb수사,1
김주혁사망원인,1
블랙박스영상,1
bts,1
5분,1
한국인85명,1
북한선박20척,1
한국인85명한국송환,1
삼성세탁기lg세탁기관세,1
미국입국거부,1
북한군인귀순,1
테러지원국,1
귀순병cctv영상보니,1
보니,1
jsa귀순병사,1
공개,1
유엔사'긴박했던5분'공개,1
영상,1
도올,1
국가수사본부,1
현장생중계,1
프로그램,1
말춤,1
북한테러국지정,1
김완기자,1
사정,1
낙엽,1
구글,1
조현아,1
23일,1
진흥기금,1
강원도,1
산업전기,1
거짓,1
귀순시각,1
대대장,1
최경환소환,1
한국차,1
자유한국당초상집,1
최경환할복,1
자유한국당최경환,1
최경환자유한국당,1
최경환구속,1
최경환구정원,1
최경환뇌물,1
동남아,1
노회찬김어준,1
김주혁벤츠블랙박스,1
공수표,1
규명,1
mbc사장,1
김장겸해임,1
채택,1
이재석기자,1
14일,1
위임,1
뉴스를쪼다,1
문재인동남아순방,1
이명박가훈,1
귀감,1
외신반응,1
양심고백,1
김주혁사망,1
김주혁사인,1
김주혁블박영상,1
김주혁이유영,1
벤츠블랙박스,1
정직,1
디톡스,1
노회찬홍준표,1
sidhakurajanatasangaep145,1
17일,1
교전수칙,1
방송법,1
고대사,1
박진오,1
변창훈,1
여명숙,1
sidhakurajanatasangalatest,1
shrammantralayeleghus,1
기사재배치,1
10lakhghus,1
sidhakurajanatasangafullepisode145,1
protituteatjhapa,1
뉴스닥,1
하한가,1
상한가,1
군사경계선,1
포렌식보고서,1
편파수사,1
시장경제,1
근로,1
북폭준비,1
준비완료,1
예방전쟁,1
선박전문가,1
작전,1
조기경보기,1
핵미사일,1
침몰,1
홋가이도,1
잘가라,1
함공모함,1
전략무기,1
놀라운,1
미스테리,1
신기한,1
story,1
funews,1
재밌는,1
페이스북,1
최후의날,1
훗가이도,1
국방장관,1
김종현,1
왕세제,1
아랍에미리트왕자,1
자금세탁,1
전용기,1
돈세탁,1
테러지원,1
uae왕자,1
격분,1
nct,1
친붕,1
보아,1
공격명령,1
손상윤회장,1
불꽃놀이,1
비상대피훈련,1
죄뢰폭탄차,1
전략폭격기,1
명령,1
위장평화,1
위장탈북자,1
이슬람,1
#문재인#대통령#국빈만찬#중국#시진핑#중국방문#김정숙,1
으악,1
김필규,1
이지은,1
12월16일뉴스,1
토요일뉴스룸다시보기,1
2017년12월16일뉴스룸다시보기,1
12월16일뉴스룸다시보기,1
news7,1
#송혜교#추자현#우효광#김연경,1
시대착오,1
#국빈만찬메뉴,1
#여사#문재인대통령#문재인시진핑#,1
고함,1
경호원기자,1
경호원폭행,1
문재인기자,1
폭행기자,1
중국기자,1
동묘,1
문재인북경대연설,1
진중권,1
문성근,1
황석영,1
인청항,1
고토회복,1
육해공군,1
함세웅,1
이해찬,1
문정현,1
지구최후의날,1
부관참시,1
관우,1
속초항,1
반공,1
인명진,1
핵전쟁,1
정의구현사제단,1
전교조,1
헥잠수함,1
문재인연설,1
퍼주기,1
스파이,1
권순호,1
7시뉴스,1
천안,1
제천스포츠센터화제유가족,1
청와대청원게시판,1
제천스포츠센터화제,1
제천화제현장cctv,1
청와대게시판,1
문재인제천화재현장,1
두바이86층화제,1
제천사우나,1
항바이러스,1
소방당국늑장대응,1
제천화재사고,1
목표,1
김빛이라기자,1
달성,1
찌라시,1
탈출,1
안종범,1
질병관리본부,1
청와대경호실,1
유튜브,1
쇼정치,1
늇,1
눈물의성탄절,1
겨우,1
화재에,1
것이냐,1
일이,1
울먹이는,1
재천화재,1
재천유가족,1
식품의약품안전처,1
감성정치,1
안진걸,1
정계개편,1
vip,1
임상실험,1
생물학무기,1
생물테러,1
식약처,1
악필,1
뇌물수수,1
금융,1
암종석uae,1
임종석어머니,1
임종석비서질장,1
임종석김정숙,1
이석기석방,1
민노총민주당,1
임종석휴가,1
임종석바레인,1
한상균,1
민노총기습점거,1
도청,1
민노총민주당사,1
양심수석방추진위원회,1
직썰,1
선거연대,1
승부수,1
원전호구,1
리베이트,1
헤즈볼라,1
댓글수사tf,1
부역,1
아리송,1
장병,1
업무수첩,1
조응천,1
종현발인식,1
jonghyunsuicidenote,1
jonghyunsuicide,1
jonghyun,1
shineedies,1
해명,1
서운해,1
특권의식,1
gp,1
합동조사팀,1
파트너십,1
법사위,1
그린벨트,1
여론,1
국내언론보도,1
분노,1
문재인폭행기자,1
유감,1
하인호,1
홍석현,1
8일,1
김일성주의자,1
민중혁명,1
前경기지사,1
촛불혁명,1
작은불씨,1
7일,1
jtbc태블릿,1
홍정도,1
최승호pd,1
손석희는항복하라,1
민간,1
해경해양수산부,1
세종상황실,1
rabilamichhanejanatasangasidhakura,1
sidhakurajanatasanga154,1
rabilamichhaneindubai,1
sidhakurajanatasangalatestepeisode,1
정호영,1
12월8일(금),1
uaeembassay,1
박지원달걀,1
니키헤일리,1
rabilamichhanejotishojhrajlohani,1
sidhakurajantasangaep156,1
mayadiprahari,1
sidhakurajanatasangalateshepisode,1
ojhrajlohani,1
특별한만남,1
김승진,1
박지원계란,1
서정민,1
간신배,1
11일,1
민낯,1
출세가도,1
공범자들,1
없으면,1
책임질,1
언급,1
sidhakurajanatasanga!!episode154,1
indonesialawyersclub,1
모래시계검사,1
교육과정,1
청와대라이브,1
페이스북라이브,1
과학계블랙리스트,1
마이스터,1
청소년,1
전화연결,1
학습,1
현장실습,1
인권침해,1
11시50분청와대,1
교육청,1
부장판사,1
특성화고,1
취업률,1
노동인권,1
공범,1
조기취업,1
심사,1
11시50분청와대입니다,1
고민정부대변인,1
indonesialawyersclubtvone,1
전남고,1
tvonenews,1
karniilyas,1
ilc,1
ilctvone,1
tvone,1
debat,1
dialog,1
전남,1
무안공항,1
고민정청와대,1
국제공항,1
경기장,1
포뮬러,1
영광,1
여수,1
해양,1
엑스포,1
청와대페이스북라이브,1
나카소네,1
재심,1
논리생성,1
이래도흥저래도흥,1
70%이상,1
홍익멘토,1
사회를만들다,1
다빚어놨을때,1
천공,1
정법시대,1
성장기에맞는말,1
지식성장,1
소셜멘토,1
정부조직,1
잘못된것,1
이로운것,1
장점과단점,1
정법클럽,1
즉문즉설,1
총체적인것,1
70%까지,1
모순,1
더좋은것을찾다,1
답부재,1
가는길,1
글로벌리더인성교육,1
정법,1
성장기,1
진정선생,1
기회주의자,1
정법강의,1
인성교육,1
진정스승님,1
요리조리,1
조직사회,1
5천년만,1
갈리다,1
이방원,1
힘키우다,1
정확한방향성필요,1
스승,1
천부경,1
과거박식한사람,1
지식,1
최고의경지,1
뒤섞이다,1
날조,1
자백,1
유대교,1
팔레스타인,1
무함마드,1
신,1
이슬람교,1
예수,1
있다!,1
x됐다!,1
녹취록,1
병자호란,1
단독,1
이명박.국정원.mbc,1
조선일보보복보도,1
문재인안보,1
한반도비핵화,1
공동성명,1
문재인반미,1
편향보도,1
인조,1
영사,1
모두받아들이다,1
협상,1
멘토,1
피해나가다,1
잘못한것,1
대한민국성장기,1
당선,1
이송작전,1
시낭송,1
박영선,1
비밀,1
총파업,1
비밀협상,1
극비,1
mbc복직,1
커널뉴스,1
팩트tv,1
facttv,1
마봉춘,1
대안방송,1
명박산성,1
