Comedy_tags,number
메이크업,131
tutorial,96
화장,93
makeuptutorial,86
beauty,85
화장법,75
라뮤끄,68
koreanmakeup,65
[none],65
한국메이크업,64
lamuqe,63
튜토리얼,61
뷰티영상,60
lamuqe'smagicup,59
koreastyle,59
라뮤끄의매직업,59
라뮤끄화장,57
cooking,42
makeup,38
kbeauty,38
꿀키,36
koreanfood,34
baking,31
k-food,31
foodporn,31
메이크업튜토리얼,30
심방골주부,28
이사배,28
뷰티,28
risabae,27
이사배메이크업,26
메이크업아티스트,26
백투베이직,25
art,25
분장,25
risabaeart,25
specialmakeup,25
howto,24
레시피,23
ponysyndrome,22
뷰티유튜버,22
ponymakeup,21
포니신드롬,21
포니메이크업,21
한식,20
diy,20
데일리메이크업,20
k-beauty,18
korean,18
회사원a,17
리뷰,17
비트코인,17
가상화폐,17
허챠밍,16
화장품,16
로드샵메이크업,15
요리,15
웹드라마,14
꿀팁,14
음식,14
cosmetics,13
뷰티유투버,13
브이로그,13
스킨케어,13
부동산전망,13
メイクアップ,13
メイク,13
회사원b,13
만들기,13
피부관리,13
food,12
부동산투자,12
부동산강의,12
윤쨔미,12
공감,11
메이크업강좌,11
tips,11
라뮤끄성형외과,11
review,11
노하우,11
화장품리뷰,11
베이스메이크업,11
딩고,11
쇼킹부동산,11
파운데이션,11
뷰티드로잉,10
포니화장법,10
재테크,10
후기,10
beautydrawing,10
남사친,10
로메튜,10
파운데이션바르기,10
매실장아찌무침,10
파운데이션바르는방법,10
김다영,10
kimdayeong,10
cosmetic,10
diyprojects,10
동영상,10
만들어요,10
powerdirector16,10
부동산재테크,10
반찬,10
dingo,10
지우개,10
doityourself,10
매실청만드는법,10
cyberlink,10
리폼,10
tricks,10
dayeong,10
친절한브러쉬,10
겨울메이크업,10
이사배브러쉬,10
친절한브러씨,10
대리인,10
꾸미기,9
황금레시피,9
ssinnim,9
하루세끼,9
장아찌,9
ryeori,9
씬님,9
려리,9
kwaktori,9
usefulthings,9
trucosdebelliza,9
곽토리,9
화장하는법,9
데이트메이크업,9
트러블,9
연필,9
갭투자,9
여화이,9
볼펜,9
딩고뷰티,9
미용,9
kpopmakeup,9
beautyyoutuber,8
cook,8
rachel,8
청순메이크업,8
yt:cc=on,8
설렘,8
방과후연애,8
인기웹드라마,8
방과후,8
여사친,8
썸남,8
햄튜브,8
헤어스타일,8
ぬこ,8
매실액기스,8
건강,8
料理,8
코랄메이크업,8
매실청,8
easylifehacks,8
lifehacks,8
japanese,8
diyactivities,8
simplelifehacks,8
ねこ,8
jun,8
썸녀,8
junskitchen,8
디아이와이,8
패션,8
연애,8
만들자,8
팁,8
ジュン,8
오크,8
집밥,8
cat,8
조민기,8
오조,8
c채널,7
씨채널,7
밑반찬,7
메뉴,7
봄메이크업,7
엄마의손맛,7
매실설탕,7
밥상매일,7
제철요리,7
메이크머니,7
양식,7
매실청담그기,7
cchannel,7
매실청효능,7
wannaone,7
슈퍼주니어,7
trucos,7
여자공감,7
뉴스,7
crafts,7
proyectosfaciles,7
꿀키브이로그,7
방법,7
handcraft,7
재미있는,7
매실엑기스담그는법,7
써니채널,7
easy,7
흥부자,7
음식메뉴,7
매실장아찌만드는법,7
매실엑기스,7
매실장아찌,7
괴물,7
한국음식,7
한국요리,7
올리브영,7
밥상상매일,7
꽁지,7
전통요리,7
handmade,7
매실장아찌담그는법,7
족장님,7
일상,7
흥신흥왕,7
인테리어,6
여드름,6
화장품추천,6
실험,6
홍조,6
dingobeauty,6
리모델링,6
화장기술,6
같이화장해요,6
뷰티크리에이터,6
매실청담그는법,6
블랙라벨,6
하늘,6
정단비,6
매실액기스만들기,6
유화이,6
다이소몰,6
매실청만들기,6
메이크업팁,6
김어준,6
부동산거품,6
whatieatinaday,6
화장팁,6
화장잘하는법,6
뷰티팁,6
화장덕후,6
액괴,6
더샘,6
수부지,6
설레는썰,6
koreansidedishes,6
blossomdiy,6
ㅋㅋ,6
핸드메이드,6
리폼하기,6
클레이,6
mb,6
care,6
유나,6
저수지,6
beautycloud,6
홈케어,6
족장,6
skincare,6
뷰티클라우드,6
una,6
웃긴,6
ㅋ,6
신기한,6
여자의화장에는이유가있다,6
크리에이터,6
뷰티노하우,6
김어준의다스뵈이다,6
덕후아이템,6
이명박,6
clothing,6
김용민,6
clothes,6
페리페라,6
주진우,6
정민우,6
다스뵈이다,6
다스베이더,6
simple,6
하울,6
메이크업포에버,6
파우치,6
다스이명박,6
립스틱,6
쿠킹,6
다스총정리,6
열무김치,6
다스베이다,6
수분크림,6
blossom,6
日本,6
아이유메이크업,6
웹드,6
英語,6
아이유,6
매실,6
입생로랑,5
공시지가롤러코스터,5
블루염색,5
에버랜드,5
애쉬블루염색,5
다스이시형,5
이명박안철수,5
가카배웅,5
고양이,5
자원사기,5
필통,5
영상,5
예쁜,5
여자,5
포스코사외이사,5
고래해체팀,5
다스베이더16,5
고려연방제,5
가카배웅한방송,5
제일모직,5
옴브레염색,5
옴브레컬러,5
국가비,5
홍대크레이지wc,5
보라염색,5
삼성상속,5
sunnychannel,5
삼성경영권승계,5
猫,5
설레임,5
국민연금,5
귀여운,5
려리미용실,5
각하배웅한방송,5
보수세력,5
유트루,5
정준양권오준,5
차명인생,5
포스코,5
문재인하드캐리,5
슈킹프로토콜,5
다스는누구겁니까,5
다스뵈이다16회,5
sbs칭찬,5
김어준의다스뵈이다16회,5
가짜뉴스,5
대통령총리,5
하나의키워드,5
조세회피처,5
신앙의힘,5
클리오,5
cats,5
머위장아찌만들기,5
머위나물,5
간장연어장,5
이슈,5
에버랜드롤러코스터,5
다스뵈이다16,5
포스코이사회의장,5
mb아바타,5
옴브레컬러믹스,5
자원외교의몸통,5
나스,5
조쉬,5
피부메이크업,5
다스는누구껍니까,5
페이퍼컴파니,5
각하배웅,5
려리네미용실,5
16회,5
네이버토지공개념,5
선대인,5
안철수,5
큰돈작은돈,5
oldintonew,5
세트플레이,5
포스코비리,5
동방신기,5
smtown,5
rm,5
afterschool,5
taemin,5
태민,5
btssuga,5
dbsk,5
민호,5
key,5
보아,5
minho,5
shinee,5
superjunior,5
샤이니,5
junggook,5
boaexo,5
종현,5
온유,5
슈가,5
컬러믹스,5
레나,5
초밥,5
연어초밥,5
청보라,5
노오븐,5
려리네묭실,5
ombrehair,5
레이어드컷,5
키,5
랩몬,5
bangtan,5
boa,5
정국,5
jonghyun,5
엑소,5
onew,5
tohoshinki,5
sm,5
머위장아찌,5
딥블루염색,5
코스메틱,5
리아유,5
ombrecolor,5
옴브레탈색,5
clothinghacks,5
파랑색염색,5
영국남자,5
ombre,5
스파게티,5
crazywc,5
홍대미용실,5
벚꽃,5
공책,5
kitchen,5
cuisine,5
다스베이다16회,5
ombrecolormix,5
making,5
쿠쿠크루,5
educationalvideos,5
메이크업브러쉬,5
브릭메이크업,5
브러쉬,5
라벤더그레이,5
craftsy,5
experiment,5
짝사랑,5
teaching,5
청보라염색,5
satisfying,5
크레이지wc,5
막장,5
옴브레,5
ombrebleach,5
전짝시,5
파스타,5
연말메이크업,5
연어,5
감성,5
깡나,5
stylingtip,5
같이준비해요,5
꽁냥꽁냥,5
이니스프리,5
キッチン,5
kangna,5
puremakeup,5
iumakeup,5
dailymakeupmake-up,5
케이뷰티,5
앞머리,5
뷰티유투버깡나,5
퓨어메이크업,5
깨끗한메이크업,5
beautycreator,5
컴퓨터수리,5
kkangna,5
iu,5
kbeautymakeup,5
포니,5
강흥보,5
집팔아화장품,5
아이돌메이크업,5
half-updo,5
뷰티학개론,5
트러블피부화장,5
투톤,5
입술성형메이크업,5
부동산폭락,5
긴얼굴쉐딩,5
열무김치맛있게담는법,5
스킨푸드,5
열무김치담그는법,5
lip,5
화장튜토리얼,5
cosmeticsreview,5
이사배데일리,5
왕초보메이크업,5
성형메이크업,5
화장품하울,5
집팔아화장품사는깡나,5
이사배아트,5
화장품후기,5
computer,5
초보메이크업,5
여자머리,5
여자헤어스타일,5
훈녀,5
물결웨이브,5
이너뷰티,5
섹시,5
female,5
기우쌤,5
혜서니,5
반묶음,5
updo,5
여자머리스타일,5
긴머리웨이브,5
걸그룹머리,5
beuaty,5
웨이브,5
기우디자인,5
아이돌,5
c컬,5
퍼플메이크업,5
간단메이크업,5
시스루뱅,5
repurpose,5
포니테일,5
뷰튜버,5
뷰티유튜버깡나,5
다이어트,5
뷰투버,5
hairstyle,5
skinfood,5
로맨틱,5
컴퓨터,5
마사지,5
funny,4
액체,4
유기농매실,4
광양매실,4
무서운,4
남친,4
학교생활,4
어이없는,4
담는법,4
꾸며요,4
ㅋㅋㅋ,4
ㅎㅎ,4
비밀연애,4
ㅎ,4
병맛,4
유튜버,4
명이나물장아찌만드는법,4
왕따,4
ㅋㅋㅋㅋ,4
쥬리인형,4
ㅎㅎㅎㅎ,4
클로이아트,4
painting,4
illust,4
그림잘그리는법,4
캐릭터그리기,4
お?描き,4
정월대보름음식,4
보름나물,4
광양매실마을,4
plasticsurgery,4
성형,4
clothingrevamps,4
supercool,4
노트,4
자,4
바닷가엑스파일,4
바닷가전원주택단점,4
탕후루,4
바닷가단점,4
바닷가집,4
신비아파트,4
イラスト,4
먹방,4
drawing,4
추천,4
매실청담기,4
recipe,4
한국선수,4
일본sns화제,4
2018평창,4
대보름음식,4
보름음식,4
描き方,4
그림강좌,4
artwork,4
chloeart,4
손그림,4
일러스트,4
sketch,4
소묘,4
ア?ト,4
만화그리기,4
회화,4
2년숙성매실엑기스,4
광양매실축제,4
매실독성,4
바비인형,4
미미,4
monsterhigh,4
dinga,4
미용실,4
관절인형,4
리페인팅,4
키덜트,4
회전목마,4
폴리머클레이,4
doll,4
babydoll,4
뷰티샵,4
littlemimi,4
할리퀸,4
식완,4
물놀이,4
해변,4
dollhouse,4
상황극,4
mimi,4
인어,4
miniature,4
체리인형,4
방만들기,4
시리즈,4
구체관절인형,4
딩가의회전목마,4
네일,4
룸박스,4
미미인형,4
디즈니,4
매실장아지황금비율,4
백설공주,4
비비걸,4
cherrydoll,4
매실초절임,4
mattel,4
인형옷,4
바비,4
아삭아삭장아찌,4
흡혈귀,4
clay,4
딩가,4
미니어쳐,4
매실원액담그는법,4
인형극,4
인형놀이,4
미미월드,4
스쿨걸,4
미니어처,4
바다,4
cinderella,4
핑크캣,4
polymerclay,4
하트블러셔,4
에버에프터하이,4
snowwhite,4
피부과,4
매실씨앗독성,4
매실초,4
매실장아찌쌜러드,4
쩌는,4
인형,4
돌하우스,4
신데렐라,4
드라큘라,4
할로윈,4
매실농축액담그는법,4
heartblush,4
바비걸,4
파운데이션찾기,4
액체괴물,4
여자친구,4
연어샐러드,4
mulan,4
남자친구,4
드라큘로라,4
diet,4
매실액효능,4
여친,4
매실장아찌무침만드는법,4
하동매실,4
리카짱,4
피부,4
리페인트,4
핑크메이크업,4
pinkmakeup,4
하트치크,4
몬스터하이돌,4
리틀미미,4
리카,4
네일아트,4
heartshaped,4
하트블러쉬,4
교복,4
영실업,4
베이비돌,4
인형의집,4
rica,4
딩가의,4
체리돌,4
뮬란,4
원앤원,4
하트메이크업,4
에버에프터하이돌,4
everafterhigh,4
매실액기스담그는법,4
몬스터하이,4
홍쌍리매실장아찌,4
skcouple,4
커플유튜브,4
양파,4
백스윙,4
신준프로,4
다운스윙,4
학생메이크업,4
겟레디윗미,4
일본메이크업,4
로드샵추천,4
데이트vlog,4
makeupkorean,4
일본vlog,4
이가리메이크업,4
pony,4
travel,4
곽토리일본,4
겟레디위드미,4
곽토리려리,4
촉촉한베이스메이크업,4
미스트,4
팔로스루,4
의학동영상,4
사과,4
비온뒤,4
건조한계절피부,4
겨울파운데이션,4
건조한계절베이스,4
한예슬인스타,4
겨울철피부,4
이사배베이스,4
환절기피부,4
수술,4
이사배파운데이션,4
홍혜걸,4
건조한계절,4
겨울철피부관리,4
아이언,4
이사배비비,4
일상vlog,4
커플유투브,4
기초화장,4
10대화장,4
장아찌담는법,4
브런치,4
감동,4
연예,4
티엔지티,4
전지적짝사랑시점,4
박보검,4
박티엔,4
방풍장아찌,4
장아찌담그는법,4
방풍나물,4
방풍나물요리법,4
봄철장아찌,4
방풍나물장아찌,4
봄나물장아찌,4
방풍나물장아찌만드는법,4
이벤트,4
tngt,4
주택,4
카페,4
10대추천,4
학생화장,4
키라키라메이크업,4
믹스나인,4
콕티비,4
여행vlog,4
이하영,4
김영대,4
makeupkorea,4
가정주택,4
서울데이트,4
곽토리세일러문,4
로드샵화장품,4
소근커플,4
장아찌만들기,4
smokymakeup,4
집꾸미기,4
겨울촉촉,4
치료,4
이승인,4
신기마스카라,4
경제,4
한예슬의료사고,4
헬스,4
지방종수술,4
매실수확시기,4
의료사고,4
지방종,4
의료,4
고양이간식,4
비비크림,4
여성,4
마스카라,4
이게진짜될까,4
한예슬,4
촉촉한베이스,4
겨울베이스,4
겨울베이스메이크업,4
점토,4
시술,4
주방꿀팁,4
의학채널,4
의학,4
반론,4
이지현교수,4
신입생,3
꽃놀이,3
sunnyschannel,3
새내기,3
써니메이크업,3
썸,3
붉은융단,3
데이트,3
관종,3
관심종자,3
레드벨벳,3
술자리,3
비노,3
벚꽃축제,3
데이트폭력,3
강동원닮은꼴,3
붉은융단떼거리,3
강동원,3
연애고민,3
반찬만들기,3
라이브,3
이슬라이브,3
생라이브,3
건강정보,3
송추불냉면,3
매운음식도장깨기,3
도로시송추불냉면,3
naengmyeon,3
이사배퍼플,3
바이올렛,3
팬톤,3
퍼플,3
울트라바이올렛,3
건강상식,3
violet,3
뇌졸중전조증상,3
크랜베리tv,3
vino,3
뇌졸중증상,3
올해의색,3
vixx,3
가수라이브,3
리얼라이브,3
케이트,3
연예인라이브,3
빅스,3
참이슬,3
live,3
술게임,3
플레이백,3
makeupforever,3
how,3
더페이스샵,3
베네피트블러셔,3
이마트행사,3
paw,3
과자골라담기,3
힐링버드,3
파운데이션추천,3
수분크림추천,3
골드러쉬,3
로드샵파운데이션,3
베네피트,3
무한담기,3
베카,3
お手,3
haul,3
vdl,3
리듀어,3
생파스타,3
그릭샐러드,3
freshpasta,3
greeksalad,3
생면파스타,3
크림파스타,3
hemtube,3
리액션,3
흑역사,3
매운음식,3
koreancoldnoodles,3
록시땅,3
끌레드뽀보떼,3
블러셔추천,3
에뛰드,3
kate,3
키스미,3
폴앤조,3
헤라,3
vt,3
슈에무라,3
3ce,3
블러셔,3
innisfree,3
paul&joe,3
샤넬,3
어딕션,3
코덕,3
jun'skitchen,3
홀리카홀리카,3
training,3
크리니크,3
아리따움,3
볼터치,3
trained,3
howitrainedmycats,3
도리스돌,3
이마트,3
과자담기,3
코랄블러셔,3
미샤,3
간식,3
클리오루즈힐벨벳,3
매실장아찌담는법,3
나폴리탄,3
감미료,3
윤곽성형메이크업,3
매실성분,3
매실먹는법,3
매실cf,3
매실마늘장아찌,3
매실만들기,3
매실액고추장,3
매실담그는시기,3
매실소화,3
매실담그는법,3
매실담그기,3
설희매실,3
매실액,3
노선영,3
김보름기자회견,3
야식,3
조민기아내,3
짱쉬운,3
제철음식,3
세계여성의날,3
압솔뤼립라커,3
소희,3
lancome,3
매실효능,3
매실무침,3
연우진,3
우먼스위크,3
몽골,3
아노와호이가,3
랑콤,3
여성의날,3
원더걸스,3
랑콤쿠션,3
마리끌레르,3
반찬레시피,3
밑반찬만들기,3
밥데용트위터,3
밥데용코치,3
train,3
무청시래기만드는법,3
시래기볶음만들기,3
ㅎㅎㅎ,3
월남쌈,3
쉬운,3
시래기나물무침,3
초간단,3
무청시래기볶음만드는법,3
무청시래기나물,3
시래기무침만드는법,3
김치,3
quick,3
repair,3
김치볶음밥,3
springroll,3
오크족장,3
howtomakespringroll,3
꾸미자,3
디저트,3
시래기무침,3
매실볶음밥,3
시래기나물레시피,3
밥데용노선영,3
김보름,3
밥데용,3
여자팀추월,3
개쉬운,3
매실장아찌쉽게담그는법,3
매실수확,3
매실엑기스효능,3
하는법,3
ㅋㅋㅋㅋㅋ,3
김치양념,3
무청시래기볶음,3
시래기요리종류,3
시래기볶음,3
시래기요리,3
시래기볶음멸치육수,3
시래기무치는법,3
안소희,3
우먼스데이,3
원더걸스소희,3
지성,3
self,3
시크릿,3
trouble,3
관리실,3
mask,3
민가든,3
에스테틱,3
나이트케어,3
각질제거,3
피현정,3
마스크팩,3
화장빨,3
나이트,3
sleep,3
민감성,3
knowhow,3
겨울,3
필링제,3
homecare,3
샌드,3
디렉터파이,3
안경메이크업,3
sulwhasoo,3
koreanskincare,3
songhyekyo,3
송혜교인터뷰,3
설화수,3
송혜교,3
trick,3
건성,3
fallmakeup,3
kimchifiredrice,3
케어,3
모델링,3
모공,3
모델링팩,3
nightcare,3
아토피,3
연애웹드,3
좁쌀,3
고양이케이크,3
고양이생일,3
매실효소효능,3
배고파,3
박스,3
매실액기스효능,3
1위,3
고추장불고기양념,3
블라인드,3
양배추스튜,3
초간단떡볶이,3
매실청담는법,3
howtomake,3
깜찍한,3
떡볶이,3
고추장불고기양념떡볶이,3
김선진,3
아내,3
매실유튜브,3
매실다이어트,3
tv특종놀라운세상,3
外?,3
매실식초만드는법,3
고양이특식,3
고양이생식,3
매실하루섭취량,3
개웃긴,3
매실효소보관법,3
매실효소로식초만들기,3
매실효소,3
마실장아찌먹방,3
アメリカ,3
매실식초,3
日本人,3
英?話,3
海外,3
knife,3
作ってみた,3
japan,3
냉면,3
워너원,3
순창고추장,3
다이어트근력,3
홈트레이닝근력,3
여자근력운동,3
인터넷쇼핑,3
여자상체근력,3
바비브라운,3
원피스,3
홈트근력,3
자켓,3
데일리,3
여성근력운동,3
여자하체근력,3
여자복근운동,3
깻잎,3
깻잎양념장,3
깻잎장아찌만들기,3
플라워패턴,3
깻잎찜,3
매실깻잎장아찌만드는법,3
깻잎장아찌맛집,3
깻입나물,3
깻잎전,3
깻잎무침,3
매실청먹는법,3
기쁨의교회깻잎장아찌,3
장아찌만드는법,3
양파장아찌,3
깻잎장아찌,3
눈이커보이는메이크업,3
아련한분위기메이크업,3
눈이길어보이는메이크업,3
daily,3
룸메이트,3
허벅지,3
순창민속마을,3
스트레칭,3
massage,3
림프절,3
경락,3
수육김치,3
탄력,3
다이아티비,3
붓기,3
하체다이어트,3
양파장아찌만드는법,3
신경선,3
집에서근력운동,3
안면신경마비,3
뾰루지,3
여자근육,3
에스티로더,3
비트코인분석,3
깻잎장아찌맛잇는반찬가게,3
컴퓨터조립방법,3
깻잎순볶음,3
만물상만능간장깻잎,3
들깻잎,3
고기먹을때필요한음식,3
깻잎김치맛있게만드는법,3
깻잎요리,3
vov,3
만능간장비법,3
맥,3
aorus,3
신세계,3
깻잎반찬,3
간장깻잎장아찌,3
밥도둑,3
nooven,3
쿡소스테이트,3
쿡소떡볶이,3
쿡소감바스,3
유형별,3
웃소,3
웃소라면,3
릴레이그림,3
윤곽메이크업,3
눈성형메이크업,3
여드름피부커버,3
브라운메이크업,3
깻잎김치,3
backtoschool,3
간단요리,3
푸드,3
반찬가게,3
간단레시피,3
schoolsupplies,3
새해,3
glitter,3
반짝이,3
피그먼트,3
이사배글리터,3
글리터활용,3
글리터활용법,3
글리터메이크업,3
글리터,3
글리터특집,3
크리스마스메이크업,3
backtoschoolpranks,3
쿡소치킨,3
쿡소라면,3
쿡소라볶이,3
아이스크림,3
된장깻잎장아찌,3
양념깻잎,3
깻잎장아찌만드는법,3
매실엑기스만드는법,3
월천대사,3
깻잎절임,3
깻잎두마리칩킨,3
깻잎무침만드는법,3
부동산,3
깻잎치킨,3
직방,3
매일반찬,3
순창고추장만드는비법,3
싹힌깻입장아찌,3
partymakeup,3
빠숑,3
깻잎찜만드는법,3
깻잎두마리치킨,3
된장깻잎장아찌만드는법,3
wootso,3
아이러브니키,3
아파트,3
쿡소피자,3
부동산하락,3
금리인상,3
쿡소해리,3
웃음코뿔소,3
그림,3
쿡소인도,3
hamecare,3
prank,3
운동법,3
메이크업도구,3
스쿼트,3
알트코인,3
브러쉬세척,3
risabaemakeup,3
브러쉬클리너,3
메이크업브러쉬세척,3
브러쉬세척법,3
makeupbrush,3
makeupbrushcleaner,3
risabaebrush,3
legs,3
brush,3
makeuptool,3
node,3
림프,3
다리살,3
엉덩이,3
inner,3
비키니,3
돼지고기요리,3
라네즈,3
홈트레이닝,3
요가,3
lower,3
코랄화장법,3
5-minutecrafts,3
내집마련,3
여름김치,3
여름김치종류,3
여성팔운동,3
twotone,3
기아팔뚝,3
저고리살,3
홈트팔뚝살,3
여자팔,3
팔살빼는법,3
프라이머,3
여자팔운동,3
팔뚝운동,3
팔뚝빼기,3
body,3
관리,3
상체운동,3
skin,3
팔살빼기,3
하체,3
나물무침,3
종아리,3
다리살빼기,3
날씬한,3
셀프케어,3
lymph,3
하반신,3
힙업,3
하체운동,3
나물무침양념,3
비키니라인,3
부대찌개,2
쉬폰원단,2
콜라보,2
스마트폰,2
신종사기수법,2
pranksvideo,2
슈퍼마켓,2
howtoprank,2
금융사기,2
보이스피싱,2
simpekatatoast,2
카야토스트,2
springskirt,2
딸기청,2
kayatoast,2
스미싱개념과소액결제금융사기과정,2
수다,2
낚시,2
누드메이크업,2
딸기에이드,2
budae-jjigae,2
해킹,2
생활의달인,2
다이소,2
라이프스타일,2
봄봄,2
설탕,2
간단부대찌개,2
strawberryade,2
스커트만들기,2
피싱,2
나드레의백수공방,2
편고,2
콜라보영상,2
재봉틀,2
백수공방,2
simplerecipe,2
치마,2
봄치마만들기,2
전화,2
funnypranks,2
bestpranksforyourfriends,2
pasta,2
바나나스무디,2
joke,2
edibleschoolsupplies,2
pranks,2
prankideas,2
pranksonfriends,2
pranksforfriends,2
아파트전망,2
saltedgrilledfish,2
사기,2
샴,2
랜덤파스타,2
spicypork,2
생선요리레시피,2
bananasmoothie,2
케일스무디,2
아무거나파스타,2
제욱볶음,2
impromptupasta,2
sekinerisa,2
짱,2
간단,2
sneakfoodintoclass,2
howtosneakfood,2
꿀팁추천,2
easyprankstodoonfriends,2
리본,2
병마,2
심시매,2
승인,2
심심해,2
펜슬,2
디자인,2
배고프다,2
심심,2
배고프타,2
easypranks,2
bestpranks,2
장난전화,2
자반고등어,2
벚꽃템,2
mini,2
속촉촉겉보송메이크업,2
보송메이크업,2
촉촉메이크업,2
nct,2
behind,2
skirt,2
편집고양이의백수공방,2
보송,2
콜라보레이션,2
메이킹,2
곽토리머리,2
러시안블루,2
매트메이크업,2
뉴욕여행,2
메인쿤,2
785,2
로또,2
film,2
촉촉,2
활용,2
100초댄스,2
헤이즐메이크업,2
고양이눈,2
노르웨이숲,2
cateyemakeup,2
곽토리렌즈,2
파니니,2
heateyeshadow,2
조심,2
panini,2
radishrice,2
무밥,2
비하인드,2
newyork,2
쉬폰치마,2
hand,2
고무줄치마,2
원단,2
결국우리랑했어요,2
고양이눈매,2
cj오쇼핑,2
ce&롱패딩,2
나드레,2
신나드레,2
생선맛있게굽는법,2
스커트,2
편집고양이,2
love,2
yt:cc-on,2
활용법,2
생선요리노하우,2
피크닉,2
생활팁,2
봄나들이,2
고양이메이크업,2
부동산갭투자,2
리빙,2
봄봄템,2
사이버범죄,2
고등어굽는법,2
쉬폰,2
치마만들기,2
여캠,2
캣츠아이,2
salarygirl,2
출처를알수없는앱,2
크로마키스튜디오,2
신종사기,2
고등어구이,2
문자,2
생선깔끔하게굽는법,2
aspringskirt,2
안동간고등어,2
간고등어,2
생선구이방법,2
셀렙샵,2
맛있게굽기,2
생선구이맛있게하는법,2
생선구이,2
키썸,2
피부관리법,2
국적변경메이크업,2
청첩장,2
돼지고기수육삶는법,2
수육삼겹살만드는법,2
수육삶는법,2
돼지고기수육만드는법,2
수육황금레시피,2
돼지고기삶는시간,2
돼지고기수육압력솥,2
보쌈만드는방법,2
김장김치수육,2
수육맛있게삶는방법,2
돼지고기수육삶는시간,2
보쌈만드는법,2
보쌈만들기,2
돼지고기수육만들기,2
돼지고기삶기,2
솔직한한국여행,2
외국인한국여행,2
실제일본문화,2
외국인일본여행,2
한국일본차이,2
한국일본비교,2
실제한국과일본,2
해외반응한국일본,2
유럽과다른한국,2
한국일본어디가더,2
한국의치안,2
해외에서한국,2
유럽치안,2
신기한한국일본,2
돼지고기수육,2
boliedbeefkimchi,2
부드러운수육,2
diyvideos,2
craftvideos,2
heels,2
hacks,2
simplehacks,2
compilation,2
learningvideos,2
how-to,2
lastminute,2
craftsforgirls,2
learning,2
girlhacks,2
renew,2
brokenheels,2
learn,2
돼지고기수육삶기,2
diycrafts,2
lastminutehacks,2
와사비동,2
다이어트식단,2
다이어트음식,2
고독한미식가,2
고추냉이덮밥,2
치킨랩,2
수육레시피,2
boliedporkrecipe,2
boliedporkkimchi,2
돼지고기삶는법,2
boliedbeefrecipe,2
한국여행후기,2
한국과일본을방문한,2
없애는방법,2
외국인이놀라는,2
스페인미녀,2
유럽여행후기,2
벚꽃메이크업,2
sunnymakeup,2
먹방일기,2
아보카도샌드위치,2
닭볶음탕,2
dakdoritang,2
dakbokkeumtang,2
닭매운탕,2
dakmaeuntang,2
닭도리탕,2
avocadosandwich,2
일본여행경험,2
커먼그라운드,2
유럽에서일본식당,2
유럽에서한국,2
해외에서일본여행,2
일본의치안,2
해외에서일본,2
한국여행경험,2
해외반응한국여행,2
한국치안,2
일본여행후기,2
실제한국문화,2
유럽에서한국식당,2
한국의놀라는,2
리얼솔직경험,2
springmakeup,2
김중우,2
자기계발,2
전분,2
휴식,2
반찬요리,2
간편한요리,2
감자볶음맛있게하는법,2
감자당근볶음,2
청양고추,2
감자볶음,2
감자볶음만드는법,2
해외반응일본여행,2
당근,2
감자요리,2
간편한요립법,2
간단한반찬,2
간편한간식,2
commonground,2
snl,2
sharehows,2
해외반응한국,2
제이킴,2
쉐어하우스,2
벤자민무어페인트,2
셀프인테리어,2
던에드워트페인트,2
셀프리모델링,2
던에드워드,2
벤자민페인트,2
셀프페인트,2
jaykim,2
diyhacks,2
easyhacks,2
돼지고기맛있게먹는법,2
프로폴리스,2
인형메이크업,2
무심한듯세련되게,2
청순보스메이크업,2
다진마늘보관법,2
getreadywithme,2
grwm,2
클렌징,2
연한메이크업,2
성형화장,2
내추럴메이크업,2
일본유튜버,2
청순보스,2
프랑스여행,2
예쁜메이크업,2
세련된메이크업,2
france,2
몽블랑,2
송금어플사기,2
사칭,2
택배,2
한별,2
짤방,2
남프랑스,2
에그인헬,2
캠핑요리,2
egginhell,2
샥슈카,2
편의점택배사기,2
naturalmakeup,2
컴퓨터조립,2
프로폴리스에센스,2
콜라보메이크업,2
dollymakeup,2
아프리카tv,2
유트루아프리카,2
일본스타일메이크업,2
일본유행메이크업,2
세키네리사,2
패션왕,2
패션영상,2
스타일,2
동생,2
다람쥐,2
japanesestylemakeup,2
박비단,2
의상,2
쓰레드리퍼,2
집들이,2
패션쇼,2
스레드리퍼,2
amd라이젠스레드리퍼1950x(서밋릿지),2
amd쓰레드조립,2
x399보드,2
asusx399-a,2
1950x,2
미싱,2
봄치마,2
선물,2
고무줄치마만들기,2
gtx,2
프랑스,2
koreanbraisedfish,2
돼지고기수육맛있게삶는법,2
워너원비공개,2
코드,2
아이프라이머,2
코드글로컬러,2
꿀템,2
팩트,2
마스카라픽서,2
makeheal,2
메이크힐,2
koreamakeuptutorial,2
레드립메이크업,2
makeuptutorialasian,2
redlipstickmakeup,2
강다니엘,2
프로방스,2
스모키메이크업,2
한국일본문화,2
신기한한국여행,2
해외에서한국여행,2
coreana,2
수육맛있게삶는법,2
돼지고기삶는방법,2
수육삶기,2
수육맛있게하는법,2
부드러운수육만들기,2
수육맛나게삶는법,2
수육삶는법된장,2
수육삶는방법,2
수육만들기,2
샹테카이,2
clio,2
beltsandwich,2
sushi,2
belt샌드위치,2
고등어조림,2
braisedfish,2
고등어요리,2
조림,2
생선조림,2
묵은지,2
?き,2
スシ,2
usa,2
ロ?ル,2
?,2
american,2
?司,2
지포스1080,2
patreon,2
roll,2
すし,2
수냉쿨러,2
13일의금요일,2
막시무스,2
maximus,2
수냉쿨러장착방법,2
비싼컴퓨터,2
커피레이크,2
컴퓨터튜닝,2
커세어,2
h150i장착방법,2
피해,2
cookingbox,2
어장관리,2
깔끔한요리,2
알타리김치만들기,2
총각김치담그는법,2
innerbeauty,2
총각김치만드는법,2
challenge,2
알타리김치담기,2
vlog,2
ponytailkimchirecipe,2
알타리김치맛있게담는법,2
알타리김치황금레시피,2
뜨끈한국물요리,2
총각김치만들기,2
gradation,2
뷰르가즘,2
립밤,2
섹시한,2
메이크럽,2
그라데이션,2
립,2
박소은,2
친구,2
학교고민,2
참기,2
꽁,2
고민상담,2
남사친사귀기,2
연애썰,2
뷰개론,2
고구마와사이다,2
설레는드라마,2
고딩연애,2
고등연애,2
왕따썰,2
후세인,2
최종화,2
뷰학,2
여행,2
ponytailkimchi,2
유머,2
도전,2
talk,2
첼린지,2
예능,2
kkongji,2
entertainer,2
꽁여행,2
koreankimchi,2
show,2
왕따이유,2
소문,2
추천화장품,2
오이지담그는법,2
무르지않게,2
다크서클,2
새우젓,2
담그는법,2
딘,2
까나리액젓,2
오이소박이담는법,2
피자,2
동창,2
멸치액젓,2
따돌림,2
학교왕따,2
손나은,2
양념비율,2
왕따경험,2
오이소박이무침,2
학교생활고민,2
lol,2
video,2
꿀,2
오이지황금레시피,2
이간질,2
생강청,2
오이소배기,2
새해복,2
make,2
삼각관계,2
친구고민,2
학교폭fur,2
교내왕따,2
루머의루머의루머,2
어장,2
근하신년,2
연플리,2
왕따되는이유,2
새해인사,2
왕따당하는이유,2
뚝배기,2
신규드라마,2
김성현,2
왕따일기,2
샌드박스,2
이상한,2
은따,2
루머,2
친구관계,2
헛소문,2
우울증,2
기념일,2
방명록,2
사내연애,2
키썸랩,2
냉이무침만드는법,2
나물무침종류,2
냉이무침하는법,2
나물요리법,2
나물요리,2
냉이나물무침,2
냉이요리,2
냉이나물요리법,2
냉이나물,2
무침요리,2
risabaeenc,2
vermilionmakeup,2
안녕자두야,2
맑은열무물김치,2
열무얼갈이김치,2
담그기,2
열무김치국수,2
맑은열무김치,2
김치담그는과정,2
김치담그는법,2
냉면김치만드는법,2
프리파라,2
냉이무침,2
버밀리온,2
학교웹드라마,2
kisum,2
뮤비,2
이사배음원,2
1thek,2
이사배노래,2
이엔씨,2
이사배이엔씨,2
enc,2
이더리움,2
멜론,2
리플,2
melon,2
orangemakeup,2
idol,2
kmusic,2
이사배가수,2
뮤직비디오,2
비트코인기술적분석,2
비트코인시황,2
뮤비메이크업,2
원더케이,2
키썸피쳐링,2
오렌지메이크업,2
열무국수,2
냉면김치,2
냉면김치담기,2
부자,2
present,2
oil,2
시황,2
etf,2
투자,2
주식,2
한국경제tv,2
환율,2
머니코치,2
비트코인흐름,2
선물옵션,2
얼갈이김치,2
펀드,2
유럽여행한국,2
웹드라마방과후,2
고딩커플,2
설레는웹드라마,2
고등학생연애,2
사이다썰,2
설레는웹드,2
고등학생커플,2
웹드라마방과후연애,2
surprise,2
mineral,2
サプライズ,2
妻,2
국물김치,2
김치담그는비법,2
リップ,2
オイル,2
マッサ?ジ,2
ミネラルオイル,2
wife,2
ジュンズキッチン,2
chapstick,2
flower,2
誕生日,2
herbarium,2
じゅん,2
birthday,2
stick,2
balm,2
ハ?バリウム,2
sakura,2
バ?ム,2
プレゼント,2
preserved,2
발암주의,2
해외반응여자,2
2017베스트템,2
생활꿀팁,2
딸기,2
디져트,2
만들고,2
쥬스,2
겨울스킨케어,2
신비아파트고스트볼x의탄생,2
국가대표,2
곽윤기선수,2
그루밍족,2
깡나곽윤기,2
브러쉬제작,2
메이크업아티스트브러쉬,2
sooador,2
이사배친절한브러씨,2
간절기메이크업,2
수아도르브러쉬,2
미친파워지속력,2
수아도르,2
things,2
다진마늘만들기,2
마늘다지기,2
우유,2
촉촉스킨케어,2
꾸미고,2
쇼트트랙선수,2
선배메이크업,2
비린내,2
오이김밥,2
오이소박이맛있게담그는법,2
오이요리,2
만드는법,2
오이소박이,2
오이지,2
오이김치맛있게담는법,2
곽윤기,2
밗,2
곽윤기화장품,2
국가대표곽윤기,2
남자화장품,2
맨즈뷰티,2
쇼트트랙국가대표,2
곽윤기깡나,2
맨스뷰티,2
꾸밉시다,2
풀,2
마늘보관법,2
marketeat,2
스트릿메이크업,2
shrimpcreamcheesefondue,2
고등래퍼,2
개,2
보고있다,2
리폼하자,2
리무베,2
우와,2
메이크엉ㅂ,2
만지작,2
컬러풀,2
재밌는,2
대딩,2
아이,2
쿠키,2
조물락,2
머랭,2
신기한영상,2
감자칩,2
아이디어,2
신박,2
투명감자칩,2
다진마늘냉장보관,2
칼라풀,2
쿠기,2
중딩,2
세계반응,2
cookingkit,2
새우크림치즈퐁듀,2
kpop,2
쿠킹박스,2
후지사와,2
후지사와사츠키,2
일본딸기,2
평창올림픽,2
컬링팀딸기,2
일본,2
학용품,2
올림픽딸기,2
일본반응,2
해외반응,2
한국딸기,2
설향,2
고딩,2
초딩,2
ㅎㅎㅎㅎㅎ,2
샤프,2
개강여신,2
지속력메이크업,2
펄메이크업,2
holidaymakeup,2
술자리메이크업,2
pearl,2
반짝이메이크업,2
라뮤끄추천,2
블링블링메이크업,2
술메이크업,2
mlbb메이크업,2
오이소배기맛있게담그는법,2
라뮤끄템,2
고추가루,2
end-of-the-yeartwinklingbrickmakeup,2
비린내없애기,2
오이지무침,2
오이소박이맛있게하는법,2
셀프헤어스타일링,2
간단헤어스타일링,2
간절기스킨케어,2
홀리데이메이크업,2
헤어초보,2
머리,2
긴머리스타일링,2
헤어,2
생일선물,2
calarygirl,2
귀여운헤어,2
koreanbeauty,2
예쁜헤어,2
셀프헤어,2
파운데이션비교,2
초보헤어,2
나스파운데이션,2
나스네츄럴래디언트파운데이션,2
여친선물,2
koreabeauty,2
냥냥이,2
입생로랑올아워파운데이션,2
머리스타일,2
오이소배기만드는법,2
violetmakeup,2
오이김치,2
생일여행,2
입생로랑파운데이션,2
뮤끄템,2
파운데이션리뷰,2
신비아파트고스트볼의비밀,2
최강림,2
안구,2
베스트템,2
purplemakeup,2
개강메이크업,2
안구분리,2
들깨가루,2
헤어스타일링,2
추천템,2
베스트아이템,2
안구교체,2
amethystmakeup,2
purplesmoky,2
2017best,2
곰팡이,1
마늘장아찌만드는법,1
마늘장아찌담기,1
마늘장아찌만들기,1
smoothie,1
avocado,1
brunch,1
avocadotoast,1
마늘장아찌황금레시피,1
매실간장,1
건강뉴스,1
healthylifestyle,1
건강한습관,1
건강관리,1
오늘하루건강팁,1
운동,1
healthyliving,1
들기름,1
건강한생활양식,1
배추김치맛있게담그는법,1
건강수칙,1
healthnews,1
건강한생활,1
포기김치만드는방법,1
양파초절임먹는법,1
부동산버블,1
배추김치담그기,1
여름배추,1
김치담그기비법,1
김장김치맛있게담그는법,1
배추김치맛있게담는법,1
배추김치담그는법,1
여름배추김치담그는법,1
우유샴푸,1
박지훈샴푸,1
박지훈,1
포기김치,1
diy덕후,1
퀵팁,1
팔레트,1
미술,1
밀크샴푸,1
김장김치양념,1
배추김치,1
김장수육,1
에이프릴스킨,1
배추김치총각김치열무김치나박김치,1
김치담그기,1
김장김치asmr,1
포기김치맛있게담그기,1
배추김치양념,1
pickledgarlicrecipe,1
매실정과,1
김치담는법,1
김장김치담그기,1
매실김밥,1
빈티지,1
김장양념,1
김장,1
배추김치황금레시피,1
머위나물만드는법,1
pickledgarilckorean,1
성형녀,1
머위대,1
참기름,1
매실씨빼기,1
여름배추물김치,1
머위볶음,1
다진마늘,1
들깨머위,1
머위대말리기,1
부추김치맛있게담는법,1
한포기김치,1
김치만드는방법,1
들깨,1
머위대장아찌,1
머위요리,1
볶음요리,1
부추보관법,1
머위대볶음,1
머위대장아찌만드는법,1
빛나는피부,1
헬스조선,1
호기심,1
집,1
재료보관법,1
매실씨빼는법,1
머위대보관법,1
머위대무침,1
양파절이,1
howtostorechivesinthefridge,1
고기쌈,1
심주부,1
양파초절임,1
삼겹살,1
양파절임,1
소고기굽기,1
쌈채소,1
삼겹살양파절임,1
양파절임만들기,1
부추,1
꽃등심,1
초절임,1
절임,1
양파초절임레시피,1
양파절임방법,1
삼겹살양파,1
파절이,1
식재료보관,1
머위뿌리효능,1
머위대나물만드는법,1
healthcare,1
밑반찬레시피,1
매실환,1
캘리포니아,1
여신피부,1
california,1
머위나물무침,1
머위대요리법,1
머위효능,1
피부미용,1
단기알바,1
easydiet,1
파절이야야념,1
단식원,1
almonds,1
살뺴는,1
almond,1
한혜진,1
3-15-18,1
여름메이크업,1
dailymakeup,1
써니,1
summermakeup,1
머위,1
californiaalmonds,1
아몬드,1
머릿결,1
식음전폐,1
hyatv,1
머위대들깨볶음,1
머위대효능,1
healthtips,1
욕실에보관하면안되는물건8가지,1
매실씨제거,1
여름배추겉절이,1
마늘장아찌담그는법,1
마늘장아찌담는법,1
여신변신,1
캘리포니아아몬드,1
여신같은몸,1
beautytip,1
대출,1
여신룩,1
다이어트방법,1
머릿껼,1
다이어트법,1
먹으면서살빼는,1
강남성형,1
물감,1
마인크래프ㅡ,1
에이프릴스킨샴푸,1
lasagnarollups,1
8600k,1
asus,1
msiz370,1
라자냐롤,1
lasagna,1
holidayparty,1
dinner,1
크리스마스요리,1
크리스마스파티,1
새해메이크업,1
비프웰링턴,1
holidaydinner,1
꿀요네즈,1
steamedclams,1
바지락찜,1
christmasparty,1
라자냐,1
크리스마스메뉴,1
msicarbon,1
기가바이트z370aorusgaming3,1
컴퓨터고장원인,1
제이씨현,1
베스트,1
고추장돼지불고기양념,1
돼지불고기만들기,1
돼지불고기황금레시피,1
불고기만드는영상,1
불고기조리법,1
koreanfoodbulgogirecipe,1
돼지불고기양념황금비율,1
돼지불고기양념만들기,1
고추장돼지불고기황금레시피,1
bulgogirecipe,1
요리설명,1
불고기만드는재료,1
불고기황금레시피,1
조립컴퓨터,1
메인보드고장,1
보드고장,1
연말파티,1
beefwellington,1
치킨라자냐,1
만세팥죽,1
죽,1
단팥죽맛있게만드는법,1
팥죽황금레시피,1
팥떡만들기,1
팥죽끓이는법,1
동지팥죽,1
단팥죽황금레시피,1
팥떡,1
단팥죽끓이기,1
단팥죽레시피,1
팥죽만들기,1
새알심만드는법,1
단팥죽새알만들기,1
단팥죽만드는법,1
동지팥죽노래,1
단팥죽끓이는법,1
단팥죽만들기,1
팥죽맛있게만드는법,1
단팥죽,1
christmasdinner,1
단팥죽만드는방법,1
고양이선인장정수기,1
시루,1
고양이정수기,1
미루,1
프로젝트21,1
언박싱,1
고양이용품,1
라비,1
타래,1
선인장정수기,1
고양이영상,1
고양이물,1
팥죽만드는법,1
팥죽만드는방법,1
새알심,1
팥죽레시피,1
동지팥죽끓이는법,1
sparklingmakeup,1
newyearmakeup,1
easycrafts,1
요리레시피,1
콩나물무침,1
콩나물요리,1
콩나물무치는법,1
무침,1
콩나물요리레시피,1
양념,1
콩나물무침백선생,1
백선생,1
콩나물무침레시피,1
goldenmakeup,1
가상화폐전망,1
비트코인전망,1
꽁웨딩,1
시댁,1
준비,1
신혼,1
며느리,1
wedding,1
콩나물무침만드는법,1
쿡방,1
콩나물무침양념,1
콩나물,1
color,1
컬러코렉팅,1
beer,1
laneige,1
인생,1
술,1
colorcorrecting,1
바,1
광고,1
primer,1
ad,1
벨라하디드,1
디올,1
dior,1
bellahadid,1
콩나물무침맛있게만드는법,1
요리비결,1
혼인,1
혼인신고,1
업체,1
강아지,1
칼칼한국물,1
콩나물국끓이는법,1
간단한요리,1
콩나물국,1
칼칼한요리,1
감기에좋은요리,1
감기에좋은음식,1
칼칼한음식,1
간단한음식,1
콩나물국맛있게끓이는법,1
멸치육수,1
콩나물국백종원,1
파티메이크업,1
glittermakeup,1
골드메이크업,1
happynewyear,1
goldmakeup,1
복,1
황금개,1
웨딩,1
댕댕이,1
marry,1
상견례,1
결혼식,1
결혼,1
부부,1
readyformarrige,1
정보,1
이사배개,1
깡버,1
무술년,1
깡으로버텨라,1
2018년,1
동물농장,1
2018,1
이사배깡버,1
멍멍이,1
황금개띠해,1
ways,1
candy,1
질투대처법,1
벤츠남,1
월계수양복점,1
연애드라마,1
여화이3,1
참기름녀,1
사당과의정부,1
송지효남매,1
마이컴퍼니,1
고구마,1
여화이4,1
29그램,1
구재이송지효,1
불륜,1
사이다,1
싸대기,1
이일현,1
반전웹드,1
콬티비,1
다이아,1
송지효결혼,1
마지막회,1
똥차남,1
구재이웹드,1
바람,1
송지효,1
29gram,1
72초,1
여화이5,1
서리나몸매,1
송지효웹드,1
김치싸대기,1
여화이2,1
천성문,1
jihyo,1
송지효남친,1
벤츠,1
여화이1,1
똥차남친,1
송남매,1
콬,1
beautiology,1
구재이,1
반전드라마,1
가시나메이크업,1
딩뷰픽,1
커버메이크업,1
연예인메이크업,1
커버화장,1
이사배커버메이크업,1
연예인커버,1
선미메이크업,1
선미화장,1
아이유화장,1
수지메이크업,1
현아화장,1
선미가시나,1
연예인화장,1
아이유따라하기,1
현아메이크업,1
이사배화장,1
연예인따라하기,1
선미,1
딩뷰,1
참기름녀직캠,1
수지화장,1
서리나,1
송지효웹드라마,1
연애물,1
웹드추천,1
직캠,1
송지효구재이,1
발암드라마,1
천성문드라마,1
음주운전,1
월계수,1
사당과의정부사이,1
송지효남자,1
송지효천성문,1
송지효동생,1
천성문데뷔,1
구재이드라마,1
존잼웹드,1
참기름녀몸매,1
서리나직캠,1
jeanshacks,1
남자염색,1
셀프컬러,1
연두색,1
웰라,1
하이라이트,1
브릿지,1
라임염색,1
원포인트컬러,1
컬러,1
diycolor,1
몸짱,1
그린염색,1
연두염색,1
포인크염색,1
메니큐어,1
셀프탈색,1
셀프염색,1
원포인트염색,1
school,1
김이브윰댕,1
김이브,1
윰댕,1
윰댕김이브,1
invent,1
recycle,1
way,1
crazy,1
hotglue,1
jeans,1
drillhacks,1
oldsocks,1
sock,1
lipbalm,1
gluegun,1
reuse,1
toothpaste,1
drill,1
invention,1
socks,1
oldt-shirt,1
howtosneakmakeupintoclass,1
backtoschoolsuppliesmakeup,1
schoolpranks,1
로보킹,1
r2d2,1
렬주부,1
고양이청소,1
고양이털관리,1
털관리,1
살림,1
uc74nuj8guq14boak5eoduna,1
healthcarekr,1
몸스타그램,1
김태완,1
지효남매,1
꿀잼웹드,1
천성문연기,1
웹드라마추천,1
송지효상대역,1
런닝맨,1
송지효드라마,1
아이클레보,1
알뜰살뜰,1
bestschoolpranks,1
로봇청소기,1
backtoschoolsupplies,1
youneedtotry,1
weirdbacktoschoolsupplies,1
weirdschoolsupplies,1
schoolsuppliesdiy,1
schoolsuppliesmakeup,1
classhacks,1
포니이펙트,1
cl,1
씨엘,1
씨엘메이크업아티스트,1
화장배우기,1
청소기,1
알투디투,1
스타워즈로봇청소기,1
스타워즈,1
다이슨,1
코렉팅,1
컨투어링,1
soju,1
asianmakeup,1
새내기메이크업,1
셀피메이크업,1
무쌍메이크업,1
무쌍유투버,1
홑꺼풀,1
우린월드,1
우린,1
간단한메이크업,1
무쌍눈화장,1
삼성60억,1
아파트투자,1
역전세난,1
guru,1
코스매틱,1
뷰티블로거,1
basic,1
lesson,1
step,1
새내기무쌍메이크업,1
우린무쌍메컵,1
idolmakeup,1
월드우린,1
범죄수익회수,1
삼성장학생,1
다스뵈이다17회,1
김어준의다스뵈이다17회,1
다스경리팀장채동영,1
다스뵈이다17,1
방산비리,1
세월호의진실,1
볼리비아리튬,1
삼성대납60억,1
김석한,1
이상득,1
다스베이다17회,1
자원외교,1
홑꺼풀메이크업,1
로드샵셀카메이크업,1
새내기메컵,1
natural,1
남친더빙메이크업,1
dailylook,1
분당투자,1
집값담합,1
분당담합,1
분당아파트,1
멸치볶음맛있게만드는법,1
멸치볶음황금레시피,1
멸치볶음,1
꽈리고추멸치볶음,1
요리법,1
꽈리고추멸치볶음황금레시피,1
꽈리고추,1
꽈리고추요리,1
치즈,1
밥솥,1
ㅁㄴ들기,1
모짜렐라,1
튀김,1
오크조장,1
분당,1
아파트담합,1
howtoapply,1
판교투자,1
더빙메이크업,1
남친더빙,1
everyday,1
뷰티구루,1
남자친구더빙메이크업,1
beautyguru,1
오징어뭇국,1
무국,1
찌개,1
무국끓이는법,1
오징어조림만드는법,1
오징어무국끓이기,1
오징어조림,1
무조림,1
오징어무국,1
무조림만들기,1
오징어무조림,1
어림없다,1
다스베이더17,1
correcting,1
새롬,1
중간고사,1
열폭,1
자격지심,1
부들부들,1
빡침,1
열등감,1
믹스나인이하영,1
걸크러쉬,1
수건,1
포스코정민우,1
긴머리,1
지름신각,1
곰손꿀팁,1
립메이크업,1
마몽드립스틱,1
립스틱추천,1
마몽드,1
촉촉한립스틱,1
신규웹드라마,1
여자싸움,1
너대처법,1
과외쌤,1
시험기간,1
빡치는썰,1
뇌내망상,1
취중진담,1
걸크러시,1
채새롬,1
이근,1
과외로망,1
단무지,1
믹스나인하영,1
여자의질투,1
첫사랑,1
질투,1
볼만한웹드라마,1
빡칠때,1
대처법,1
취중고백,1
틴트,1
벨기에와플,1
펄슈가,1
계좌입수,1
사라진20분,1
강현석,1
각하배웅한,1
가카배웅한,1
4월12일개봉,1
영광의주역들,1
꼬리자르기,1
17회,1
다스운전기사김종백,1
리튬,1
정우성나레이션,1
세월호,1
다스의140억,1
자원비리,1
사대강,1
이름도팝니다,1
사자방,1
탈세,1
삼성노조탄압문건,1
우박설탕,1
그날바다,1
pearlsugar,1
와플만들기,1
liegewaffles,1
와플,1
waffles,1
리에주와플,1
howtomakeliegewaffles,1
creativeideas,1
simplecrafts,1
friends,1
craftideas,1
lifehacksforkids,1
mr.romeo,1
가카배웅특집방송,1
롯데월드,1
중국싱가폴,1
남미리튬,1
cheese,1
ball,1
유튜브,1
과즙,1
무화과메이크업,1
스페인어화장,1
스페인어메이크업,1
무화과,1
yoo's,1
무화과메컵,1
스페인어,1
maquillajede@invierno,1
figmakeup,1
믹스,1
wintermakeup,1
asiatica,1
fig,1
과즙상메이크업,1
maquillajeenespanol,1
maquillajecoreano,1
modelocoreana,1
안보,1
maquillaje,1
yoosmakeup,1
가을메이크업,1
유스,1
eth,1
세그윗,1
코빗,1
업비트,1
암호화폐,1
xrp,1
bitcoin,1
qtum,1
유스뷰티,1
maquillajeasiatico,1
과일메이크업,1
yoo'sbeauty,1
인스타그램메이크업,1
유희주,1
희주,1
yuya,1
yoo.cx,1
올림픽,1
방남,1
이데일리,1
clubsodahacks,1
stationerytricks,1
winecorkideas,1
circle,1
towel,1
clothesfolding,1
bathroomhacks,1
hangersdiy,1
pencils,1
bath,1
kitchentricks,1
quickrecipes,1
bathroomtricks,1
paperclips,1
clotheshacks,1
circles,1
쉐딩,1
contouring,1
bathroom,1
space-savingtips,1
문화,1
compass,1
북한예술단,1
사회,1
강릉,1
정치,1
서울,1
현송월.,1
이더리움클래식,1
모네로,1
대시,1
하락,1
급락,1
비트코인캐시,1
비트코인골드,1
상승,1
급등,1
라이트코인,1
투기자들,1
bcc,1
btc,1
코인원,1
helpful,1
wow,1
clothingtips,1
ideal,1
dirt,1
anysituation,1
embarrassing,1
removing,1
stains,1
amazing,1
underwear,1
bra,1
무나물볶는법,1
무우나물볶음,1
무우나물,1
무나물볶음,1
무나물,1
무나물들깨가루,1
lookgood,1
bow,1
무나물맛있게만드는법,1
useful,1
짱간단한,1
밀가루,1
샌ㄷ,1
개간단한,1
쭉,1
펜,1
간단한,1
cool,1
복구하기,1
샌박,1
ㅎㅎㅎㅎㅎㅎㅎ,1
도넛,1
늘어나는,1
funnyvideo,1
emergency,1
brilliant,1
perfect,1
무우나물맛있게만드는법,1
폰케ㅣ스,1
코인네스트,1
짬뽕,1
ramen,1
학교,1
마인크래프트,1
hungry,1
볼팬,1
개이상한,1
에이에스엠알,1
dish,1
sukiyaki,1
すき?き,1
nabe,1
etc,1
하드포크,1
퀀텀,1
국민청원,1
스냅샷,1
빗썸,1
moment,1
위꼴,1
reform,1
weard,1
마크,1
사랑스러운,1
꽃,1
something,1
pizza,1
어이업슨,1
픈,1
fun,1
wierd,1
먹을것,1
순간,1
맛있는,1
라면,1
시기한,1
것,1
배고,1
ㅎㅎㅎㅎㅎㅎ,1
howtostorechives,1
