".","Freq"
"게임",329
"도티",225
"game",191
"overwatch",187
"마인크래프트",161
"먹방;",149
"보겸;",149
"보겸tv;",149
"lol;",147
"도티;",147
"롤;",147
"오버워치;",147
"원피스;",147
"클래시로얄;",147
"clash;",145
"royale;",145
"리그오브레전드;",145
"샌드박스",145
"슈마상;",145
"클로얄;",145
"포켓몬;",145
"모바일게임;",143
"라이더",139
"잠뜰",128
"minecraft",125
"트위치",124
"모바일게임",122
"네트워크",119
"테드",116
"lol",115
"모드",112
"배틀그라운드",112
"rider",110
"공략",109
"모바일",108
"ted",105
"ddotty",104
"마크",104
"sandbox",98
"수현",96
"칠각별",96
"코아",96
"오버워치",93
"쵸쵸우",93
"sleepground",91
"버그판",91
"악어",91
"network",89
"클래시로얄",89
"mobile",87
"각별",87
"쵸우",83
"롤",79
"대도서관",77
"영상",77
"tedtv",73
"고수",70
"먹방",70
"비누",69
"양띵",69
"키우기",69
"장인",68
"테드tv",68
"샌박",65
"mod",64
"라더",63
"어드벤쳐",63
"최고기록",63
"링크",62
"12",61
"12단계",61
"level",61
"방송",61
"쇼케이스",61
"연다",61
"원커맨드",61
"커맨드",61
"buzzbean",60
"대도",60
"대도님",60
"시크릿",60
"초고수",60
"mojang",59
"npc",59
"showcase",59
"모장",59
"커스텀",59
"포로",59
"세계신기록",58
"pubg",56
"비누tv",56
"300",55
"고수1000",55
"자켓",55
"clash",54
"it",54
"리뷰",54
"좀비고",54
"60",53
"royale",53
"seconds!",53
"레전드",52
"하이라이트",52
"60초!",51
"beat",51
"cop",51
"getting",51
"over",51
"saurian",51
"비트캅",51
"사우리안",51
"항아리",51
"뜰로그",50
"웃긴",48
"유튜브",47
"탈출맵",47
"허팝",46
"vlog",45
"score",43
"twitch",43
"광고",43
"200",42
"high",42
"블리자드",42
"파파독",42
"상황극",41
"로얄",39
"병맛",39
"점프맵",39
"콘텐츠",39
"클로얄",39
"배그",38
"버그",37
"전설상자",36
"클래시",36
"클로",36
"스팀",35
"컨텐츠",35
"신작",34
"핵",34
"clashroyale",33
"말이야",33
"머독",33
"울산큰고래",33
"풍월량",33
"papadog",32
"supercell",32
"앙빅",32
"club",31
"김영태",31
"눈표범",31
"샌드박스네트워크",31
"아이작",31
"ajehr",30
"dp",30
"ehxl",30
"steam",30
"늪지대",30
"ㅁㄷ",30
"머도기",30
"머독방송",30
"오브",30
"카스",30
"카스온라인",30
"tv",29
"로블록스",29
"리그오브레전드",29
"아프리카tv",29
"윤겔라",29
"battleroyale",28
"cup",28
"invitational",28
"king’s",28
"molt",28
"pong",28
"sandboxnetwork",28
"겔튜브",28
"끼야",28
"니얼굴윤겔라",28
"랜덤덱",28
"로얄의",28
"몰트",28
"배로",28
"배틀로얄",28
"버그판.",28
"상자까기",28
"슈퍼셀",28
"신규카드",28
"엔젤7777",28
"우왁굳",28
"정배우",28
"정석",28
"크로롱",28
"클랜상자",28
"클럽",28
"킹스컵",28
"테드찡",28
"파파독클럽",28
"하창봉",28
"mukbang",27
"도도한",27
"친구들",27
"bring",26
"ggam",26
"ggambring",26
"of",26
"겜브링",26
"다다토이",26
"리그",26
"보겸",26
"아프리카",26
"장난감",26
"2018",25
"play",25
"건축",25
"김재원",25
"꽃빈",25
"꽃빈부부",25
"러너",25
"러너교",25
"러너꽃빈",25
"러너부부",25
"러쉬",25
"루리tv",25
"부부",25
"비누국",25
"이꽃빈",25
"팔근",25
"스트리머",24
"웃음참기",24
"원피스",24
"키덜트",24
"토이",24
"beyblade",23
"beybladeburstgod",23
"개조팽이",23
"녹방",23
"마크에이지",23
"베이블레이드버스트갓",23
"생방",23
"이벤트",23
"팽이배틀",23
"let's",22
"walkthrough",22
"노가리",22
"렛츠플레이",22
"워크스루",22
"워크쓰루",22
"추천",22
"acau",21
"dkrdj",21
"rush",21
"공포게임",21
"러너방송",21
"맵",21
"영웅",21
"league",20
"엔터테인먼트",20
"akzmdpdlwl",19
"bj꽃빈",19
"bj러너",19
"m.c.age",19
"playwithtoy",19
"random",19
"꽃빈방송",19
"라이브방송",19
"래전드",19
"랜덤맨",19
"랜덤맨악어",19
"러너교주",19
"레바",19
"리턴즈",19
"마크에이지4",19
"맠에",19
"맠에4",19
"업데이트",19
"웃김",19
"인터넷방송",19
"좀비고등학교",19
"트레이서",19
"파쿠르",19
"플레이위드토이",19
"감스트",18
"얼굴",18
"games",17
"korea",17
"밍모",17
"영화",17
"옵치",17
"왁굳",17
"챌린지",17
"팁",17
"fps",16
"legends",16
"new",16
"실사",16
"우왁굳의게임방송",16
"우왕굳",16
"전설",16
"조매력",16
"charming_jo",15
"google",15
"kpop",15
"김블루",15
"라인하르트",15
"마루에몽",15
"보겸tv",15
"사황",15
"세븐나이츠",15
"챠밍조",15
"프로게이머",15
"battleground",14
"bokyem",14
"김왼팔",14
"넷마블",14
"레자바지",14
"한국",14
"korean",13
"video",13
"게임실황",13
"공룡",13
"레벨",13
"미니게임",13
"브이로그",13
"스타크래프트",13
"철구",13
"bj",12
"https://www.twitch.tv/alenenwooptv/alenen/",12
"jfla",12
"king",12
"ytff",12
"게임리뷰",12
"겐지",12
"동영상",12
"러너웨이",12
"메르시",12
"세나",12
"신",12
"어썸피스",12
"예능",12
"웁",12
"웁tv",12
"웃음",12
"이야기",12
"자몽",12
"자몽티비",12
"총게임",12
"탈출",12
"팀게임",12
"팬페스트",12
"프리파이어",12
"3d운전교실",11
"netmarble",11
"nintendo",11
"pewdiepie",11
"sevenknights",11
"게임추천",11
"넥슨",11
"넷마블게임즈",11
"레바반응",11
"레바툰",11
"레바하이라이트",11
"레이첼",11
"루디",11
"수다",11
"스파키",11
"실험",11
"여포",11
"외국인",11
"월드",11
"이레승바권",11
"이승권",11
"제이브",11
"초보",11
"크리스마스",11
"7단계",10
"9999",10
"hikakin",10
"ii",10
"ogn",10
"pc게임",10
"runaway",10
"switch",10
"war",10
"검은사막",10
"꿀잼",10
"나이트메어롱기누스",10
"레전드9999",10
"레전드99999",10
"레퀴엠",10
"멋사",10
"메탈킴",10
"모바이게임",10
"몬스터헌터",10
"상자깡",10
"스타2",10
"스투",10
"스프리건",10
"야생의",10
"일본",10
"일상",10
"좀비",10
"주작",10
"트위치tv",10
"포켓몬스터",10
"후기",10
"afreecatv",9
"charmingjo",9
"dont",9
"laugh",9
"lck",9
"roblox",9
"the",9
"youtube",9
"가즈아",9
"각성",9
"겜스터",9
"경찰과도둑",9
"구글",9
"너불",9
"네트워크게임",9
"닌텐도",9
"다이아",9
"도네",9
"라온",9
"럭키블럭",9
"레벨48",9
"루시우",9
"메이커",9
"모락실",9
"모이라",9
"바스티온",9
"생존",9
"소개",9
"순애몽",9
"스위치",9
"스타",9
"스페셜솔져",9
"썰",9
"아나",9
"연예인",9
"온게임넷",9
"웃지마",9
"워",9
"위도우",9
"잉여맨",9
"자동차",9
"중력",9
"차",9
"차밍조",9
"참기",9
"첼린지",9
"총",9
"크리에이터",9
"클템",9
"페이커",9
"포켓몬",9
"핑맨",9
"한조",9
"4주년",8
"animation",8
"battle",8
"bgam",8
"broadcast",8
"clashofclans",8
"contents",8
"gamst",8
"gamtube",8
"hajime",8
"injik",8
"kiminjik",8
"kingkuhn",8
"kuhn",8
"vr",8
"가족상황극",8
"감튜브",8
"김인직",8
"노래",8
"따봉",8
"따봉친구",8
"런어웨이",8
"모음",8
"물고기",8
"봄수",8
"비감",8
"비제이",8
"수다방",8
"스팀게임",8
"아프리카티비",8
"양세찬",8
"어드벤처",8
"왕군",8
"왕군게임국",8
"요루루",8
"유머",8
"유튜버",8
"이수건",8
"이수근",8
"인직",8
"임금",8
"전설카드",8
"정준영",8
"젤다의",8
"조세호",8
"쥐늑대",8
"지석진",8
"지조",8
"최케빈",8
"코난",8
"클래시오브클랜",8
"탐정",8
"태택이",8
"테스터훈",8
"토크",8
"하하",8
"허팝게임",8
"현상금",8
"힘찬",8
"(industry)",7
"300점",7
"azubu",7
"battlegrounds",7
"black",7
"bongjun",7
"cloudtemplar",7
"coc",7
"crazymeta",7
"daum",7
"desert",7
"fifa",7
"frost",7
"labo",7
"mmorpg",7
"mutube",7
"mycall",7
"nasus",7
"sn400wja",7
"sn400wja_",7
"sv_nintendo",7
"swamp",7
"teemo",7
"スイッチ",7
"ニンテンド<U+30FC>",7
"ニンテンド<U+30FC>ラボ",7
"ラボ",7
"간나",7
"감사제",7
"강아지",7
"개리",7
"고통",7
"군대",7
"그림",7
"김봉준",7
"꼬리잡기",7
"꿀템",7
"꿀팁",7
"나서스",7
"날개",7
"뉴메타",7
"다음게임",7
"도도한친구들",7
"드라마",7
"람머스",7
"레이스",7
"로이조",7
"리타",7
"릴카",7
"마이콜",7
"마이콜페미",7
"만년",7
"만득",7
"매갈",7
"메갈",7
"몰카",7
"무료",7
"무튜브",7
"밥",7
"병맛게임",7
"봉준",7
"상황",7
"세주아니",7
"세체정",7
"섹시",7
"섹시여캠",7
"수닝",7
"숨결",7
"쉔",7
"스카너",7
"스킬",7
"스탑모션",7
"신음",7
"심킹",7
"쓰레기",7
"아무무",7
"아이언맨",7
"아주부",7
"애교",7
"애니메이션",7
"액션게임",7
"액시스마이콜",7
"야한",7
"얼밤",7
"얼주부",7
"여캠",7
"연말파티",7
"와꾸대장봉준",7
"왁굳의노가리",7
"워마드",7
"윰댕",7
"인민",7
"任天堂",7
"자유의",7
"자이언트",7
"정글",7
"제이플라",7
"젠부샤쓰",7
"즐겜",7
"쪼꼬",7
"치킨",7
"캐스터",7
"컨텐더스",7
"케이크",7
"퀴즈",7
"클끼리",7
"클라우드템플러",7
"탁주",7
"탑",7
"태경",7
"토르",7
"트레이서와",7
"트레이스",7
"티모",7
"페미",7
"페미니스트",7
"프로스트",7
"프체정",7
"프파",7
"플래시",7
"플래시게임",7
"플레이",7
"피파",7
"해설자",7
"혜화역",7
"혜화역시위",7
"홍진영",7
"cf",6
"faker",6
"fanfest",6
"fortune",6
"gameplay",6
"kt",6
"miss",6
"year",6
"zombiehighschool",6
"강산",6
"게렌",6
"구사황",6
"기부",6
"노가다게임",6
"놀이",6
"대만",6
"도네이션",6
"도시",6
"도티의",6
"드래곤",6
"드레인파브닐",6
"란",6
"레드카펫",6
"루태",6
"무비",6
"범죄",6
"보슐랭가이드",6
"분석",6
"블루스택",6
"비하인드",6
"삼식",6
"슈팅",6
"스솔",6
"시뮬레이터",6
"시상식",6
"신규",6
"신규캐릭터",6
"썩쏘",6
"아오오니",6
"아이스버킷",6
"악동김블루",6
"악어유튜브",6
"애니",6
"엔딩",6
"오락",6
"오연서",6
"오토마우스",6
"우리이야기",6
"운전",6
"유딱",6
"윤계상",6
"장애물",6
"장첸",6
"조합",6
"ㅊhips",6
"케빈",6
"토르비욘",6
"트레져헌터",6
"특별한",6
"편집자",6
"피파온라인3",6
"핸드",6
"헝거게임",6
"히트맨",6
"200점",5
"2017",5
"4",5
"60초",5
"and",5
"avengers:",5
"awards",5
"beenu",5
"best",5
"break",5
"calshroyale",5
"challenge",5
"draw",5
"eu",5
"feed",5
"fifa4",5
"fifaonline4",5
"fish",5
"grow",5
"happy",5
"hogrider",5
"infinity",5
"ketchapp",5
"lny",5
"lunar",5
"lurker",5
"mariandgames",5
"marvel",5
"point",5
"pray",5
"pro",5
"quick",5
"quickdraw",5
"reality",5
"record",5
"rpg",5
"salmon",5
"secret",5
"skt",5
"ubw",5
"ulsanbigwhale",5
"winter",5
"world",5
"개발자",5
"거북",5
"거북이",5
"게임들",5
"경찰과",5
"고래",5
"고래패밀리",5
"고블린",5
"공익",5
"공포",5
"귀향",5
"그로우",5
"극장판",5
"기록",5
"기부행사",5
"나인뮤지스",5
"날짜버그",5
"냐무",5
"녹색",5
"늑대거북",5
"달자",5
"대게",5
"대리",5
"대형거북",5
"도둑",5
"도티탈",5
"드라이버",5
"드로우",5
"떨려",5
"라이더고수",5
"로키",5
"롯데월드",5
"루게릭",5
"루게릭병",5
"리퍼",5
"마블코믹스",5
"마크도티",5
"말이야와",5
"메갈로돈",5
"명탐정",5
"명탐정코난",5
"모드리뷰",5
"몰래",5
"무천도사",5
"미션",5
"미션야생",5
"바다거북",5
"배터리누나",5
"배틀",5
"백상아리",5
"밴쯔",5
"벌칙",5
"보미",5
"복",5
"복어",5
"본사",5
"블라스트지니어스",5
"블랙팬서",5
"비글로우",5
"비보스",5
"쁘띠허브",5
"상근",5
"상어",5
"새해",5
"생일",5
"샤크",5
"서버",5
"설날",5
"세계top5",5
"셀카",5
"술래잡기",5
"숨기기",5
"쉘터레귤루스",5
"슈",5
"스웨이지",5
"시청자",5
"악어거북",5
"안산저격수",5
"안스",5
"앤",5
"야생",5
"엄마",5
"엘릭서",5
"연어",5
"오디세이",5
"우리",5
"우유콜라",5
"우유콜라라면",5
"울산",5
"울큰고",5
"웃긴영상",5
"웹툰",5
"입대",5
"자라",5
"작머",5
"작은머리팀",5
"재밌는",5
"전설의",5
"전역",5
"죠스",5
"주작신",5
"주작의",5
"죽었다",5
"지크엑스칼리버",5
"집으로",5
"최강차",5
"최고",5
"ㅋㅋ",5
"ㅋㅋㅋ",5
"캐스린",5
"캐치마인드",5
"캠페인",5
"코엑스",5
"콬",5
"퀵",5
"퀵드로우",5
"크랩",5
"큰고래",5
"클오클",5
"키아누리브스",5
"킹크랩",5
"테스트",5
"팀블라썸",5
"패트릭",5
"포켓몬모드",5
"폭풍속으로",5
"프레이",5
"프로필",5
"프짱",5
"프쨩",5
"피드",5
"피드앤",5
"피드앤그로우",5
"피라냐",5
"피쉬",5
"핑거",5
"핑거드라이버",5
"할로윈",5
"헝그리",5
"현역",5
"협동전",5
"혜미",5
"호그라이더",5
"호로록",5
"화이트데이",5
"환우",5
"환자",5
"휴지",5
"휴지게임",5
"흑역사",5
"#mbc연예대상",4
"#나혼자산다",4
"#대상",4
"#라이더#탱크",4
"#전현무",4
"<U+6BAD>屍學園",4
"100가스",4
"2배",4
"30만",4
"369랑께",4
"3주년",4
"5주년",4
"903화",4
"99년생",4
"accurate",4
"avgn",4
"baby",4
"ball",4
"bucket",4
"card",4
"cards",4
"cgss",4
"champion",4
"cr",4
"d",4
"digeed",4
"dragon",4
"drama",4
"esports",4
"fila",4
"flipper",4
"for",4
"guide",4
"house",4
"ice",4
"ikon",4
"irl",4
"kakao",4
"ksv",4
"lego",4
"llilka",4
"lovescenario",4
"luckyblock",4
"mb",4
"movie",4
"muckbang",4
"mvp",4
"nc",4
"ninjago",4
"nyamu",4
"onepiece",4
"onepiecebattle",4
"p.e.k.k.a",4
"playstation",4
"playstation4",4
"rascal",4
"rascals",4
"red",4
"rolster",4
"show",4
"strategy",4
"totally",4
"toy",4
"vrchat",4
"vs",4
"wkahd",4
"가마돈",4
"가스",4
"가자",4
"갓",4
"갓오브워",4
"강의",4
"거프",4
"게임기",4
"겨울",4
"고난이도",4
"고등학교",4
"공갈",4
"구독자",4
"굿즈",4
"김도",4
"김스까",4
"김스카이",4
"김스카이의",4
"김스카이의하늘담",4
"김치",4
"꽃",4
"꽃을",4
"나래",4
"나미",4
"나이트",4
"나이트메어",4
"노트",4
"뉴비",4
"니체",4
"닌자",4
"닌자고",4
"대결",4
"대배틀",4
"대정령",4
"대천세계",4
"댄스",4
"더빙",4
"덱",4
"도네이셔녀",4
"도덕",4
"도덕책",4
"도시락",4
"도전",4
"도티노래",4
"도플라밍고",4
"동석",4
"동석나래",4
"드라이브",4
"드레스로자",4
"든",4
"디지드",4
"딕스",4
"뜨뜨뜨뜨",4
"뜰뜰한",4
"라디어",4
"라이온킹",4
"랜덤무기전쟁",4
"램램",4
"랩돼",4
"럭키레이스",4
"럭키배틀",4
"레고",4
"레꼬단",4
"레일리",4
"로빈",4
"로얄어드벤쳐",4
"로우",4
"로이드",4
"롤챔스",4
"롱기누스",4
"루프스테이션",4
"루피",4
"마스터",4
"마이콜시위",4
"마이콜페미니스트",4
"메트로",4
"모두의마블",4
"모드매치",4
"모드스토리",4
"모드스토리리뷰",4
"모든",4
"모마",4
"몬헌",4
"몽키",4
"몽키d",4
"무제한스킨",4
"문재인",4
"뮤직비디오",4
"미술",4
"백년전쟁",4
"베이블레이드버스트지역대회",4
"별",4
"보물전쟁",4
"보스레이드",4
"보스챌린지",4
"복불복",4
"볶음밥",4
"봄",4
"부페",4
"뷰티다다",4
"블로그",4
"비누형",4
"비디오게임",4
"빅맘",4
"빅보",4
"사랑을했다",4
"사무실",4
"사슬낫",4
"산하",4
"삼성",4
"삼성이",4
"삼천세계",4
"상디",4
"상자",4
"생방송",4
"서넹",4
"성우",4
"세력",4
"세운이",4
"소풍왔니",4
"술",4
"술맛",4
"술맛평가",4
"슈능꼬",4
"슈퍼능력자",4
"슈퍼능력자꼬리잡기",4
"스까",4
"스승과제자",4
"스토리모드",4
"스튜디오",4
"스트리밍",4
"스티커",4
"스펙",4
"스포츠브랜드",4
"스포츠의류",4
"스프링",4
"승일희망재단",4
"승자",4
"승준",4
"시즌8",4
"식당",4
"신들의전쟁",4
"신은",4
"신캐",4
"실물",4
"아오키지",4
"아카이누",4
"아카펠라",4
"아케이드",4
"아크릴스탠드",4
"아프리카삼성",4
"악마의열매모드",4
"암흑체험",4
"암흑카페",4
"앵무새",4
"야숨",4
"양띵tv삼성",4
"양산형",4
"어워즈",4
"언박싱",4
"에땁",4
"에이스",4
"엠블럼",4
"연말",4
"영화리뷰",4
"예약",4
"오마갓",4
"오마주",4
"오피스",4
"오황",4
"옥냥이",4
"옥자",4
"외출하기",4
"우솝",4
"운전하다",4
"운학",4
"원피스대전",4
"원피스대해적시대",4
"원피스명장면",4
"원피스모드",4
"원피스배틀",4
"원피스어드벤쳐",4
"원피스전쟁",4
"원피스콜라보",4
"음식",4
"이말년",4
"이유",4
"이유님",4
"잠뜰tv",4
"재넌",4
"재미",4
"재미난",4
"전투",4
"점수",4
"정세운",4
"젤다",4
"조로",4
"조립",4
"좀고",4
"좀비누",4
"종이",4
"종이라이더",4
"지니",4
"쯔꾸르",4
"초초보",4
"촤밍조",4
"촬영",4
"축제",4
"춤",4
"침착맨",4
"침투부",4
"카이도",4
"카카오게임",4
"카카오마블",4
"캠",4
"코미디",4
"코미디나이트",4
"콜라보",4
"콜라보레이션",4
"퀴즈고등학교",4
"클립",4
"키자루",4
"탈모",4
"태오",4
"탬탬",4
"트라팔가",4
"트리",4
"트리꾸미기",4
"트리플",4
"판타지아",4
"페스티벌",4
"평가",4
"포켓몬럭키블럭",4
"포켓몬배틀",4
"프렌즈마블",4
"프마",4
"프마댄스",4
"프마송",4
"플라워",4
"플리퍼",4
"플스",4
"플스4",4
"피규어",4
"피파3",4
"픽셀드라마",4
"필라",4
"하는법",4
"하늘담",4
"하우스",4
"한승준",4
"할만한게임",4
"해상전쟁",4
"핸드폰",4
"행운상자",4
"행운의상자",4
"홍방장",4
"홍보",4
"휠라",4
"힐링",4
"<U+6E0B>谷<U+51DB>",3
"1박2일",3
"1인칭",3
"2",3
"2018다이어리",3
"3",3
"3n",3
"500",3
"543",3
"8",3
"907화",3
"aion",3
"apxkfzla",3
"beautiful",3
"bewhy",3
"bj지훈",3
"blitzcrank",3
"burst",3
"cabello",3
"camila",3
"cars",3
"cgi",3
"changes",3
"chatshire",3
"cinematic",3
"claim",3
"client",3
"copyright",3
"couple",3
"cover",3
"crash",3
"dlwlrma",3
"doki",3
"dollor",3
"door",3
"durango",3
"eating",3
"eight",3
"ekko",3
"fillico",3
"funny매드무비",3
"ground",3
"hand",3
"havana",3
"heaven's",3
"heroes",3
"hojo",3
"ionia",3
"ip",3
"iq",3
"iu",3
"iuhongkong",3
"iusinger<U+00A0>",3
"kamiya",3
"karen",3
"knock",3
"knocking",3
"leejieun",3
"lg그램",3
"literature",3
"live",3
"loen",3
"lucian",3
"mama아이유",3
"metro",3
"mf",3
"mini",3
"minimetro",3
"moba",3
"mpl",3
"nao",3
"nationlittlesister",3
"nc소프트",3
"official",3
"on",3
"online",3
"out",3
"patch",3
"primus",3
"producers",3
"q&a",3
"qna",3
"queue",3
"ranked",3
"rin",3
"riot",3
"rito",3
"rodeo",3
"runner",3
"s~a급",3
"season",3
"season2018",3
"series",3
"shibuya",3
"shurima",3
"sign",3
"simulator",3
"solo",3
"soloq",3
"sons",3
"specialsoldier",3
"stampede",3
"start",3
"s급",3
"t1",3
"takju",3
"taliyah",3
"thresh",3
"tip",3
"triad",3
"trump",3
"uaena",3
"updates",3
"uprising",3
"ur",3
"warheroes",3
"xerath",3
"yasuo",3
"yellow",3
"yumcast",3
"z",3
"ゲ<U+30FC>ム",3
"トライアドプリムス",3
"가레나",3
"가보즈아",3
"간결한",3
"간다",3
"감성다이어리",3
"갓발키리",3
"강아지를",3
"개그콘서트",3
"검은사막m",3
"게임기를",3
"게임사",3
"게임사건",3
"게임사고",3
"게임시장",3
"게임주저리",3
"게임플레이",3
"게임회사",3
"겜브링vr",3
"겨울나라",3
"고간리뷰",3
"고급시계",3
"고급지고",3
"고양이",3
"곤지암",3
"공개",3
"공식행사",3
"공유",3
"광고부적합",3
"괴도",3
"구구",3
"구단주",3
"권투",3
"귀여운",3
"그것이알고싶다",3
"그리기",3
"급식",3
"기반",3
"김기열",3
"김블루생일",3
"김전일",3
"김점례",3
"김정균",3
"꼬마",3
"꼼수다",3
"꽈뚜룹",3
"나꼼수",3
"나는",3
"나오",3
"날",3
"넉",3
"넥슨레드",3
"노딱",3
"노란",3
"노란딱지",3
"노선도",3
"노선짜기",3
"노킹",3
"녹",3
"녹아웃리그",3
"논리",3
"논리력",3
"뉴스",3
"다이어리",3
"다이어리잠금",3
"다잉",3
"달러",3
"답변",3
"당신",3
"대기업",3
"댓글",3
"더",3
"도로",3
"도어",3
"돌격",3
"동물",3
"두근두근",3
"듀랑고",3
"등급",3
"등장",3
"디자인",3
"딜러",3
"딜탱",3
"딜탱커",3
"딸",3
"땅",3
"떡밥",3
"떵개",3
"떵개떵",3
"라디오",3
"라이더1등",3
"라이더500",3
"라이더543",3
"랭킹쇼",3
"러스티",3
"럭키블럭모드",3
"레벨리",3
"레볼루션",3
"레이크",3
"로데오스탬피드",3
"로열블러드",3
"록스",3
"롤큐",3
"루팡",3
"룬",3
"리뷰영상",3
"린",3
"마상",3
"마세요",3
"마이콜혜화",3
"마이타릭",3
"마인크래프트전쟁",3
"만드는",3
"만들기",3
"만화",3
"맘스터치",3
"매갈시위",3
"매드무비",3
"맥크리",3
"맹구",3
"멀티플레이",3
"멀티플레이어",3
"멋여우",3
"메갈시위",3
"메시지",3
"메이",3
"메탈킴의",3
"명장면",3
"목소리",3
"목표",3
"몰래카메라",3
"무료나눔",3
"무지개",3
"무프로리그",3
"문예부",3
"문제",3
"미국",3
"미니",3
"미니메트로",3
"미소녀",3
"미스포츈",3
"미연시",3
"미포",3
"바텀",3
"반란",3
"반응",3
"배경",3
"베이블레이드버스트",3
"보급함",3
"보슐랭",3
"복싱",3
"봇파괴",3
"봉보미",3
"北<U+6761>加蓮",3
"브루저",3
"브리기테",3
"블랙워치",3
"블레이더마스터",3
"블레이드애소울",3
"블레이드앤소울",3
"블루홀",3
"블소",3
"블소2",3
"블소m",3
"비와이",3
"사건",3
"사령관",3
"살인",3
"생선",3
"생수",3
"생일선물",3
"샹크스",3
"서봄",3
"서울",3
"성격차지수",3
"성적",3
"성평등",3
"세계최초",3
"세븐나이츠2",3
"셜록",3
"소식",3
"손",3
"솔저",3
"솜브라",3
"수수께끼",3
"수채화",3
"수채화세트",3
"수채화키트",3
"순간",3
"술먹방",3
"숨겼다",3
"숨바꼭질",3
"숨은",3
"숨은그림찾기",3
"슈마상",3
"슈팅게임",3
"슈퍼마리오",3
"스솔헬로",3
"스카이발키리",3
"스카이버스트",3
"스킨",3
"스타크래프트2",3
"스타투",3
"스토리",3
"스파키모드",3
"스페셜솔져지훈",3
"스페셜솔져찌훈",3
"스포츠카",3
"스플래툰2",3
"시네마틱",3
"시라호시",3
"시뮬레이션",3
"시부야",3
"시청자대전",3
"시청자덱",3
"시험",3
"神谷奈<U+7DD2>",3
"신기한다이어리",3
"신롱기누스",3
"신비아파트",3
"신영웅",3
"실험실",3
"심영리뷰",3
"심플한",3
"쏘지",3
"아나운서",3
"아웃",3
"아이온",3
"아이유",3
"아이유mma대상",3
"아이유대상",3
"아이유대상댄스",3
"아이유콘서트청주",3
"아이유홍콩콘서트직캠",3
"아이큐",3
"아찔한",3
"암호",3
"앞으로",3
"애드센스",3
"액션",3
"약빤",3
"엄마가",3
"업라이징",3
"엔씨소프트",3
"엔지니어",3
"엠브로",3
"연구",3
"연애",3
"영상편집",3
"예능로얄",3
"오딧세이",3
"오버와치",3
"오버워치코리아",3
"온",3
"옴닉",3
"옴닉의",3
"왁굳의",3
"운동",3
"웃긴동물",3
"워히어로즈",3
"원딜",3
"위험한",3
"윤루트",3
"윾짱",3
"음성도네",3
"응징",3
"응징의",3
"이",3
"이모티콘",3
"이상혁",3
"이자요이미쿠",3
"이지은<U+00A0>",3
"이지은직캠",3
"이카루스",3
"이카루스m",3
"이현경",3
"일식",3
"읽기",3
"읽어주기",3
"임무",3
"잡상인",3
"전교",3
"전리품",3
"전리품상자",3
"전설덱",3
"전쟁컨텐츠",3
"정답",3
"정보",3
"제이",3
"조추첨식",3
"주무기",3
"주작의신",3
"중국",3
"중대발표",3
"중수",3
"지문인식다이어리",3
"지하철",3
"지훈",3
"지훈tv",3
"지훈유튜브",3
"진혼가",3
"질답",3
"질문",3
"질문하기",3
"질의응답",3
"짜기",3
"차를로스",3
"참여",3
"찾기",3
"채보미",3
"챔피언십",3
"천룡인",3
"천재",3
"첫경기",3
"초z",3
"최초",3
"추리",3
"추리력",3
"치유",3
"치즈",3
"치치",3
"친구",3
"칭찬",3
"ㅋ",3
"ㅋㅋㅋㅋ",3
"ㅋㅋㅋㅋㅋ",3
"ㅋㅋㅋㅋㅋㅋ",3
"카",3
"카드",3
"카렌",3
"카미야",3
"카밀라",3
"카베요",3
"카즈",3
"카피라이트",3
"칼럼",3
"캐릭터",3
"캡사이신",3
"커버",3
"커플",3
"컨텐더스코리아",3
"코난공유",3
"콩콩이",3
"크래시",3
"클레임",3
"타릭",3
"탐정들의",3
"태국",3
"탬탬버린",3
"탱커",3
"테라m",3
"텐센트",3
"토스트",3
"톨비",3
"트라이어드",3
"트럼프",3
"트키미터",3
"트할",3
"틀린",3
"파괴",3
"파라다이스",3
"판매원",3
"팔굽혀",3
"패치",3
"페미니스트시위",3
"페미시위",3
"페미필살기",3
"펴기",3
"편집자모집",3
"표지판",3
"프리무스",3
"프리시즌",3
"플라워수채화",3
"플라워수채화키트",3
"플러그인",3
"피파온라인4",3
"피피",3
"필리코",3
"하바나",3
"하이픽셀",3
"핫클립",3
"해결사",3
"헤븐스",3
"헬로",3
"헬로유튜브",3
"혜화마이콜",3
"호죠",3
"호텔",3
"홈즈",3
"황당",3
"히어로즈",3
"힐금",3
"-",2
"#game",2
"#lineage",2
"#lineagem",2
"#mobilegame",2
"#강은호",2
"#꽃태자",2
"#난닝구",2
"#다크엘프",2
"#도박",2
"#랑쯔",2
"#리니지",2
"#리니지m",2
"#막부",2
"#만만",2
"#먹방",2
"#불도그",2
"#불도순",2
"#사다코",2
"#아프리카tv",2
"#엔틱보스",2
"#용느",2
"#인범",2
"#집행검",2
"#창현",2
"#천당m",2
"#天堂m",2
"#커츠의검",2
"#투네이션",2
"<U+5B9D>具",2
"<U+970A>基",2
"1080p",2
"11엔드",2
"1336",2
"15세",2
"190ce",2
"1line",2
"1등",2
"1위",2
"1인",2
"1인미디어",2
"2018평창올림픽",2
"30문답",2
"3d운전",2
"3연갈리오",2
"4선",2
"4시",2
"50만원",2
"50만원후원",2
"5g",2
"60초전",2
"8강",2
"8강진출",2
"advanced",2
"afreeca",2
"afs",2
"agenda",2
"america",2
"ancient",2
"ao",2
"attacks",2
"b120188282",2
"battleground;",2
"bcrf",2
"bj악어",2
"bj홍반장",2
"bj홍방장",2
"bk",2
"bladenet",2
"bokyem;",2
"bts월드",2
"cart",2
"championship",2
"check",2
"china",2
"christmas",2
"clan",2
"clans",2
"clashmas",2
"clip",2
"clipinquiries",2
"commercial",2
"comparison",2
"computer",2
"crownchampionship",2
"dawn",2
"diy",2
"dong",2
"ds3",2
"ds4",2
"du",2
"dynasty",2
"ea",2
"entertainment",2
"europe",2
"f2p",2
"fate",2
"fate/grand",2
"fatego",2
"ff",2
"fgo",2
"fire",2
"free",2
"freecs",2
"freefire",2
"full",2
"funniest",2
"giant",2
"hajime;",2
"hall",2
"han",2
"hd",2
"hidden",2
"highlights",2
"hikakin;",2
"hog",2
"horror",2
"howler",2
"hq",2
"in",2
"jfla;",2
"kingdoms",2
"kkoma",2
"korean;",2
"kpop;",2
"ksi",2
"late",2
"lcs",2
"life",2
"lita",2
"loganpaul",2
"match",2
"mcpe",2
"meteor",2
"mic",2
"michelin",2
"moments",2
"mukbang;",2
"na",2
"nexon",2
"nikki",2
"north",2
"off",2
"ongamenet",2
"oni",2
"oni:",2
"order",2
"overwatch;",2
"pekka",2
"pewdiepie;",2
"pizza",2
"playerunknown's",2
"preview",2
"ps",2
"ps3",2
"ps4",2
"psp",2
"psvita",2
"qmffnghf",2
"rainbow",2
"rainbowsix",2
"real",2
"recorder",2
"review",2
"rox",2
"sce",2
"shift",2
"sie",2
"siege",2
"six",2
"sk",2
"skeleton",2
"sktt1",2
"sk텔레콤",2
"slasher",2
"sony",2
"sonycomputer",2
"sonyinteractive",2
"split",2
"spring",2
"streaming",2
"subnautica",2
"summer",2
"telecom",2
"thediamondminecart",2
"three",2
"through",2
"tigers",2
"tips",2
"total",2
"town",2
"twitchtv",2
"until",2
"update",2
"usb롤러펜",2
"usb펜",2
"videogame",2
"vita",2
"vjftm",2
"vod",2
"vods",2
"wars",2
"weekly",2
"yt애플",2
"yume",2
"zhuo",2
"アビ<U+30FC>",2
"アビゲイル",2
"ウィリアムズ",2
"エンタテインメント",2
"グランドオ<U+30FC>ダ<U+30FC>",2
"セイレム",2
"ソニ<U+30FC>",2
"ソニ<U+30FC><U+30FB>インタラクティブエンタテインメント",2
"ソニ<U+30FC><U+30FB>コンピュ<U+30FC>タ",2
"ソニコン",2
"デュアルショック",2
"ビデオゲ<U+30FC>ム",2
"フェイト",2
"プレイステ<U+30FC>ション",2
"プレイステ<U+30FC>ション4",2
"プレステ",2
"モンスタ<U+30FC>ハンタ<U+30FC>：ワ<U+30FC>ルド",2
"가오갤",2
"가이드",2
"가이코",2
"가족",2
"간담회",2
"갈리오",2
"감정기복",2
"강좌",2
"강화",2
"개",2
"개그맨",2
"개꿀",2
"개미",2
"개와",2
"개콘",2
"갱복치",2
"거상",2
"거인",2
"건강",2
"것",2
"겜",2
"경도",2
"고누리",2
"고등학생",2
"고딩",2
"고릴라",2
"고백",2
"고소",2
"고스트",2
"고양이와",2
"고전게임",2
"곰렬",2
"곰탱이",2
"공모전",2
"공식",2
"관전",2
"광고쟁이",2
"괴력몬",2
"괴물",2
"교생",2
"교훈",2
"군인",2
"궁금증",2
"귀여움",2
"귀여움참기",2
"기능시험",2
"기능시험앱",2
"기막힌",2
"기막힌이야기",2
"기막힌이야기실제상황",2
"기무낙지",2
"김경애",2
"김동준",2
"김블루배그",2
"김블루배틀그라운드",2
"김선영",2
"김영미",2
"김은정",2
"김의중",2
"김정균감독",2
"김정균코치",2
"김정은",2
"김초희",2
"까르륵",2
"깜지곰",2
"깡통",2
"꼬동드툴루에",2
"꼬맹이",2
"꼬치",2
"꽁치",2
"꿀보이스",2
"꿀성대",2
"끼니",2
"나뭇잎",2
"나캐리",2
"네글",2
"넷",2
"노돌리",2
"노래방",2
"녹음러",2
"눈꽃",2
"눈치게임",2
"늪",2
"늪스타그램",2
"니브",2
"님피아",2
"다솜",2
"다이아몬드",2
"다이어트",2
"다주",2
"단군",2
"단추",2
"단클동",2
"달팽이",2
"대댕부부",2
"대리뽑기",2
"대머리",2
"대빡이야",2
"대퍼팀",2
"대형석궁장인",2
"댕댕이",2
"더헬",2
"던",2
"던파",2
"던파페스티벌",2
"도너츠",2
"도로주행",2
"도로주행앱",2
"도박",2
"도친",2
"도티눈치게임",2
"독수리",2
"동물영상",2
"동싱",2
"동화",2
"돼지",2
"드래곤즈",2
"드로퍼",2
"드바",2
"디바이스정지",2
"디지털기기",2
"딕트",2
"딥정",2
"뜨뜨",2
"라티",2
"래이트",2
"랭크",2
"랭크업",2
"랭킹",2
"러너군대",2
"러너군인",2
"레린이",2
"레비아탄",2
"레식",2
"레이트",2
"레인",2
"레인보우",2
"레인보우식스",2
"렌보",2
"렌식",2
"로밍",2
"로얄어드벤처",2
"롤랑",2
"롤러펜",2
"롤챔스포스트시즌",2
"루가루암",2
"루이",2
"리니지",2
"리니지m",2
"리마스터",2
"리바이이던",2
"리얼라이프",2
"린치",2
"린치클럽",2
"마듀",2
"마리오",2
"마인애플",2
"마일드",2
"마플",2
"막국수",2
"만화가",2
"말",2
"매각인수",2
"매직",2
"머니건",2
"머머리",2
"멍멍이",2
"메가진화",2
"메이비",2
"멜리",2
"멸망",2
"모드없이",2
"모바일포토샵",2
"모형가게",2
"목소리로",2
"문상",2
"문상이벤트",2
"문하생",2
"미디어",2
"미성년자",2
"미소",2
"미용실",2
"미쿠",2
"바다",2
"바위골렘",2
"박리타",2
"반려견",2
"반전",2
"반찬",2
"방귀탄",2
"방탄소년단",2
"배그;",2
"배그김블루",2
"배그한국",2
"배그한국인",2
"배달",2
"배틀그라운드;",2
"배틀그라운드김블루",2
"배틀그라운드한국",2
"배틀그라운드한국인",2
"배틀넷",2
"배팅",2
"백나른",2
"범퍼",2
"벙커",2
"변비",2
"병맛더빙",2
"보급상자",2
"보급품",2
"보물창고",2
"볼만한",2
"북두와같이",2
"분위기",2
"불도그",2
"불도순",2
"불새문화제",2
"붉은갸라도스",2
"뷰티dada",2
"블레이드",2
"블레이드넷",2
"비콘",2
"빅민",2
"빠른",2
"빵터짐",2
"뽀뿍",2
"뽁구",2
"사격",2
"사람을",2
"사용",2
"사이클롭스",2
"상민이",2
"새우젖",2
"색이다른포켓몬",2
"생일축하",2
"생일파티",2
"생존게임",2
"서민수",2
"서브나우티카",2
"서브노티카",2
"석궁",2
"선게임",2
"선풍기",2
"설명",2
"성능",2
"성대모사",2
"수류탄",2
"수학자",2
"숙소",2
"순위전",2
"숲",2
"쉬프트",2
"슈퍼",2
"슈퍼대퍼팀",2
"스나이퍼",2
"스마트폰",2
"스케줄",2
"스쿼드",2
"스티치",2
"스플릿",2
"슬라임",2
"시리즈",2
"시모스",2
"시즈",2
"식스",2
"신기한usb",2
"신비",2
"신작게임",2
"실제",2
"실제상황",2
"실종",2
"실종사건",2
"심해",2
"싸이클롭스",2
"쌈장",2
"썬문",2
"쎈",2
"씨",2
"아그라",2
"아기",2
"아메리카",2
"아이클레이",2
"아젠다",2
"아젠더",2
"아토",2
"암걸리는게임",2
"암빅",2
"앙빅하는",2
"앙투아네트",2
"애견",2
"앰비션",2
"앱게임",2
"야식",2
"야채호빵",2
"어벤져스",2
"어벤져스:",2
"어썸",2
"어썸한간담회",2
"어젠다",2
"어젠더",2
"언틸",2
"언틸던",2
"업",2
"에브이",2
"엘소드",2
"엘의",2
"엠퍼러",2
"여권",2
"여인",2
"여자",2
"여자게임",2
"여자컬링",2
"연구재단",2
"연상연하",2
"연장전",2
"연하",2
"연하남편",2
"연하남편좋은점",2
"연하좋은점",2
"영미",2
"영상공모전",2
"예고편",2
"오더레",2
"오로나민",2
"오로나민c",2
"오로나민씨",2
"오졌다",2
"오프더레코드",2
"온중이",2
"올스타",2
"올스타전",2
"옮긴",2
"옴므",2
"옵치영웅",2
"와일드카드",2
"왁굳형",2
"완다",2
"완다와",2
"완다의",2
"외계인",2
"외부자들58회",2
"요리",2
"욕",2
"우나기",2
"운석폭파",2
"운전면허",2
"운전면허앱",2
"운전앱",2
"운터운터",2
"운학tv",2
"울산행",2
"웃기는",2
"웃음벨",2
"원라인",2
"원라인앱게임",2
"원빈",2
"월드맵",2
"월드파이널",2
"위치렉",2
"위치핵",2
"위클리",2
"유럽",2
"유럽군",2
"유메니키",2
"유메닛키",2
"유방암",2
"유방암재단",2
"유소나",2
"유여름",2
"이득",2
"이로치",2
"이로치가이",2
"이사",2
"이슈",2
"이현우",2
"인내심",2
"인도네시아",2
"인터렉티브",2
"인터뷰",2
"인피니티",2
"자극전장",2
"자선",2
"자유한국당",2
"잠수함",2
"재미있는",2
"재밋는",2
"전",2
"전빨딱",2
"전용준",2
"전적",2
"전클동",2
"전현무",2
"점토",2
"정장",2
"정장입고",2
"제작팀",2
"젠야타",2
"조합법",2
"족발",2
"준결승",2
"중간평가",2
"중딩",2
"중앙지옥",2
"중학생",2
"쥬라기공원",2
"쥬라기월드",2
"지가르데",2
"지구",2
"지구멸망",2
"지렸다",2
"지망생",2
"직캠",2
"진격",2
"진격의",2
"진짜",2
"진호",2
"진화",2
"질러팅",2
"집",2
"집diy",2
"집만들기",2
"집밥",2
"짜누",2
"찐빵",2
"찾습니다",2
"채아",2
"채아후토스",2
"채팅창",2
"첫무대",2
"청소년이용가",2
"체링",2
"초대형",2
"초보자",2
"초소형",2
"최군",2
"최시은",2
"쵸코",2
"축구게임",2
"출시",2
"충희",2
"취미",2
"칠색조",2
"ㅋㅋㅋㅋㅋㅋㅋ",2
"ㅋㅋㅋㅋㅋㅋㅋㅋ",2
"ㅋㅋㅋㅋㅋㅋㅋㅋㅋ",2
"ㅋㅋㅋㅋㅋㅋㅋㅋㅋㅋ",2
"카운터",2
"카일",2
"카카오톡",2
"카톡",2
"카트",2
"카트라이더",2
"캠방",2
"캡틴",2
"컬링",2
"코스튬",2
"콩콩",2
"쿠키요미",2
"쿠킹",2
"큐베",2
"크라운챔피언십",2
"크레이지꽁치",2
"클레이",2
"키덜트그램",2
"킹존",2
"타이탄",2
"타피",2
"탈모르파티",2
"테러드론",2
"토토",2
"토토쑤",2
"통누나",2
"투틴",2
"트랩",2
"트레이드",2
"트롤링",2
"트수",2
"트수인생",2
"트와일라잇",2
"트위치로",2
"트위치티비",2
"티저",2
"판치기",2
"패키지",2
"펄스",2
"평창올림픽",2
"포스트시즌",2
"포인트",2
"포토샵",2
"포토샵앱",2
"포토샵어플",2
"폴란드군",2
"프로",2
"프로팁",2
"프리뷰",2
"프리티걸",2
"플레",2
"플레이스테이션4",2
"플레이오프",2
"플레티넘",2
"피온3",2
"피자",2
"픽스아트",2
"픽스아트앱",2
"핑크메르시",2
"하는게임",2
"하우카우",2
"하울러",2
"학살",2
"한국인",2
"한글",2
"한일전",2
"한팬",2
"함정",2
"해명",2
"해외",2
"해킹",2
"핵잼",2
"핵쟁이",2
"헤어",2
"헤어스타일",2
"현실",2
"협력",2
"호기심",2
"호러게임",2
"홍반장",2
"홍반장게임",2
"홍방장게임",2
"홍방장의",2
"홍준표",2
"홍팡이",2
"화려한팀",2
"화염병",2
"환불",2
"환불사건",2
"황금잉어킹",2
"황혼의",2
"회로",2
"효근",2
"후속곡",2
"후속작",2
"후원",2
"후추",2
"후토스댄스",2
"휘모리",2
"흙으로만드는집",2
"희바",2
"히든",2
"히든어젠더",2
"힐링되는",2
"힐링영상",2
"(business",1
"<U+5869>見周子",1
"1.0",1
"100만",1
"100만아튜버",1
"100층",1
"120만원",1
"12차패치",1
"160만",1
"160만원",1
"19",1
"19금",1
"1인자",1
"2018평창동계올림픽",1
"27인치",1
"3d",1
"3배율",1
"54회",1
"6배율",1
"7",1
"abilities",1
"abstemiousrichokapiwow",1
"action",1
"adventure",1
"amanda",1
"apink",1
"art",1
"asmr",1
"astro",1
"award",1
"b120177449",1
"bang",1
"bayonetta",1
"benq",1
"bj정재영",1
"blank",1
"blossom",1
"bomb",1
"bonus",1
"boss",1
"camera",1
"catch",1
"chernobog",1
"co-op",1
"comedy",1
"con",1
"concourse",1
"controller",1
"daedo",1
"david",1
"development",1
"direction",1
"dorothy",1
"dunkshot",1
"effort",1
"emoji",1
"emoticon",1
"eowjdfud",1
"e녀",1
"fallout",1
"fifaol3",1
"fight",1
"flash",1
"fun",1
"g903",1
"gag",1
"gagconcert",1
"global",1
"gta5",1
"gtx1080ti",1
"gun",1
"gunblade",1
"hagoromo",1
"hikakintv",1
"htc",1
"industry",1
"jelly",1
"jigsaw",1
"joy",1
"justdance",1
"k70",1
"kids",1
"knights",1
"kobayakawa",1
"komachi",1
"konami",1
"koreanbroadcasting",1
"larva",1
"legend",1
"maplestory2",1
"monstrum",1
"mp3",1
"mt",1
"nuclealr",1
"nuclear",1
"oksusu",1
"online3",1
"operation)",1
"ox퀴즈",1
"pc",1
"pd대정령",1
"perfect",1
"pig",1
"pj천마",1
"protoss",1
"puzzle",1
"rank",1
"rider2",1
"road",1
"rtts",1
"sae",1
"saw",1
"sense",1
"seven",1
"shiomi",1
"show17",1
"skills",1
"slr",1
"spaceteam",1
"sports",1
"spotv",1
"spotvgames",1
"starcraft",1
"stock",1
"syuko",1
"tapp",1
"tcam",1
"tdc",1
"terran",1
"tga",1
"thal",1
"to",1
"triangularcooperativepistachiopraiseit",1
"u",1
"uae",1
"uncle",1
"untara",1
"up",1
"virtual",1
"vive",1
"vivotv",1
"vrgame",1
"vr게임",1
"vr게임기",1
"vr장비",1
"vr카페",1
"warships",1
"wii",1
"witch",1
"wolf",1
"worldbest",1
"x-ray",1
"x.d.",1
"zerg",1
"アズ<U+30FC>ルレ<U+30FC>ン",1
"コナミ",1
"가고시마",1
"가상현실",1
"가이세키",1
"가족시트콤",1
"가족여행",1
"강남",1
"강남역",1
"강선구",1
"강적들",1
"강추",1
"개그",1
"개그맨안윤상",1
"개막식",1
"개봉",1
"개웃김",1
"개인정보",1
"개인정보유출",1
"개회식",1
"갱생레바",1
"걸그룹",1
"검문대",1
"게임단",1
"게임즈",1
"게임포스트",1
"겔라",1
"견자희",1
"결승",1
"결장",1
"결투",1
"결투장",1
"고득점",1
"고양이가",1
"고양이귀",1
"골드베이",1
"골드스프리건",1
"공개처형",1
"공부",1
"공중화장실",1
"공항",1
"공항검문",1
"공항검색대",1
"공혁준",1
"관광",1
"괴담",1
"교복",1
"구스",1
"구스마일",1
"구토조심",1
"국민의당",1
"국산게임",1
"그것도",1
"그랜드",1
"그럼",1
"그림그리기세트",1
"글라디오",1
"급식왕",1
"기라티나",1
"기리시마",1
"기분",1
"김광진",1
"김성태",1
"김신영",1
"김영희",1
"김이브",1
"김향기",1
"김환희",1
"깝도이",1
"꽃말",1
"날아오르라",1
"남국",1
"남순",1
"남친",1
"남편",1
"내방탈출",1
"냐무홈",1
"냥이",1
"네티즌",1
"노트북",1
"논란",1
"놀랍다",1
"뉴스브리핑",1
"능력배틀",1
"늦은밤",1
"다른",1
"다른그림찾기",1
"단편",1
"당신의",1
"대리결장",1
"대리결투",1
"대세",1
"대작게임",1
"대한민국",1
"댁",1
"더로라",1
"더로얄라이브",1
"더빙레전드",1
"더빙신",1
"더빙신안윤상",1
"더쇼17",1
"덕빌",1
"덩크샷",1
"데레스테",1
"데포8섭",1
"덱분석",1
"덱상담",1
"덱성형",1
"덱수술",1
"덱추천",1
"도로시",1
"도로시tv",1
"동시영상통화",1
"돼지죽",1
"디스크종류",1
"디아루가",1
"딥",1
"딩셉션",1
"따기",1
"따는",1
"따효니",1
"때",1
"똘킹",1
"라이더2",1
"라이더하다가",1
"라이딩",1
"라이브",1
"라이플잡이",1
"랜딩",1
"랭킹1위",1
"레전드예능",1
"레트로게임",1
"레트로게임기",1
"로드투더쇼",1
"로렌",1
"로로",1
"로복",1
"로지텍",1
"롤강의",1
"루자미네",1
"룩삼",1
"리뷰어",1
"릴리에",1
"마개",1
"마린포드",1
"마비노기영웅전",1
"마영전",1
"마이",1
"마이크",1
"마이크셀카",1
"마인크",1
"마인크래프트럭키블럭",1
"마인크래프트악마의열매",1
"마지막승리",1
"막방",1
"만경봉호",1
"만득이",1
"만렙",1
"맛있는",1
"맵선택",1
"먹보미",1
"먹스타그램",1
"멋있는천마님",1
"메이플2",1
"메이플스토리",1
"메이플스토리2",1
"메탈슬러그",1
"메투",1
"메트로컨플릭트",1
"멜론",1
"모래찜질",1
"모바일게임전문",1
"모바일겜",1
"모바일모바일",1
"모창",1
"목츄리",1
"몬스트럼",1
"몸개그",1
"몽마르뜨세트",1
"몽마르뜨아트세트",1
"무전기",1
"무한도전",1
"문화유산",1
"뮤츠",1
"미니드라마",1
"미라도",1
"미래의",1
"미술도구",1
"미술도구세트",1
"미쳤다",1
"밀리",1
"밍구",1
"바른정당",1
"바보",1
"바보미",1
"바이브",1
"박권혁",1
"박범찬",1
"박살",1
"박솔로몬",1
"박의진",1
"발표",1
"밥만드는",1
"밥만들기",1
"밥짓기",1
"밥짓는",1
"방구석편집자",1
"방법",1
"방송종료",1
"방송중",1
"배그장인",1
"배준식",1
"배틀그라운드고수",1
"배틀그라운드스나",1
"백층탈출",1
"밸런스",1
"뱅",1
"버블파이터",1
"벤큐27인치",1
"碧<U+84DD>航<U+7EBF>",1
"벽람",1
"벽람항로",1
"복수노트",1
"부인",1
"불화설",1
"블라썸",1
"블랙박스",1
"블랭크",1
"비누의",1
"비디오",1
"비디오워키토키",1
"비보tv",1
"비위조심",1
"빅데이터",1
"빅브라더",1
"빡겜러",1
"빨무",1
"뽀미",1
"뽀뽀해줘",1
"삐삐",1
"사상검증",1
"사에",1
"사자",1
"사진보정",1
"사칭",1
"사쿠라지마",1
"삼국지m",1
"삼성ssd",1
"상남자",1
"새",1
"새봄추",1
"새와",1
"샛별",1
"샤브샤브",1
"샤이니",1
"샷건잡이",1
"서바이벌",1
"서새봄",1
"선글라스",1
"선바",1
"선생님",1
"성냥",1
"성냥개비",1
"성대모사달인",1
"성대모사레전드",1
"성숙한막내",1
"세뱃돈",1
"센간엔",1
"셀카봉마이크",1
"셀피마이크",1
"소니쇼",1
"소셜이슈",1
"小早川紗枝",1
"솔가레오",1
"송은이",1
"숑아",1
"수냉쿨러",1
"숨은강자들",1
"슈게임",1
"슈코",1
"슈퍼컴퓨터",1
"스나",1
"스나잡이",1
"스마트컴",1
"스무디",1
"스타1",1
"스토리탈출맵",1
"스트라이크갓칩",1
"스트림",1
"스틱게임",1
"스파이워키토키",1
"스페이스팀",1
"스포티비",1
"스포티비게임즈",1
"시간때우기",1
"시오미",1
"시즈닝카메라",1
"시참",1
"시트콤",1
"식스테일",1
"신과함께",1
"신과함꼐",1
"신규차량",1
"신규총",1
"신년특집",1
"신봉선",1
"실시간",1
"심심할때",1
"싸움",1
"쏜다",1
"쓰다듬어줘",1
"아날로그도쿄",1
"아내",1
"아르세우스",1
"아모르파티",1
"아빠",1
"아스트로",1
"아유플라자",1
"아이워너",1
"아이템",1
"아이폰x",1
"아크바하무트",1
"아트세트",1
"악녀",1
"악플",1
"악플읽기",1
"안돼?",1
"안아줘",1
"안영미",1
"안윤상",1
"앙상블",1
"앙상블스타즈",1
"앙상블스타즈forkakao",1
"애긔겅",1
"애기",1
"애아빠",1
"애키우기",1
"앱",1
"야3당",1
"야당",1
"얍얍",1
"양민",1
"어디갔지",1
"어려운게임",1
"어플",1
"언더테일",1
"엄마를",1
"없을",1
"없이",1
"엉클대도",1
"에렌디라",1
"에몽이형",1
"에이치티씨",1
"에이핑크",1
"에포트",1
"엠티",1
"여동생",1
"여섯명까지통화",1
"여친",1
"여행",1
"역대급",1
"연두쿤",1
"영상무전기",1
"영상통화",1
"영상통화무전기",1
"영상통화앱",1
"영화소개",1
"예능레전드",1
"오락실게임",1
"오유",1
"오지엔",1
"오토",1
"오프너",1
"오프로디테",1
"오해",1
"옥수수",1
"온천",1
"온천마을",1
"옷입히기",1
"와이프",1
"와인",1
"와인오프너",1
"외부자들",1
"요들송",1
"우결",1
"우럭따",1
"羽衣小町",1
"우주괴물",1
"운영자",1
"운타라",1
"울었다",1
"울트라썬문",1
"울프",1
"웃대",1
"워쉽",1
"원전수주",1
"원펀맨",1
"원피스꼬리잡기",1
"원피스악마의열매",1
"위안부",1
"유로트럭",1
"유로파",1
"유부남",1
"유출",1
"유황온천",1
"육아",1
"윤상",1
"윰댕님",1
"음식사진",1
"음식사진보정",1
"음식사진앱",1
"음주",1
"의문",1
"읭읭이",1
"이면합의",1
"이명박",1
"이모지",1
"이별",1
"이부스키",1
"이상호",1
"이스포츠",1
"이재완",1
"인스타",1
"인스타라이브",1
"인지",1
"인지테스트",1
"일베",1
"일본여행",1
"임요환",1
"임종석",1
"임홍규",1
"있지",1
"자기전에",1
"자수해라",1
"자우보",1
"자원외교",1
"자전거도난방지",1
"자전거블랙박스",1
"자전거안전등",1
"자전거템",1
"자한당",1
"작약꽃",1
"잠안올때",1
"장난감느낌카메라",1
"장난감카메라",1
"장동민",1
"장삐쮸",1
"잼구",1
"저그",1
"저스트댄스",1
"저승",1
"저승사자",1
"저승사자님",1
"전원책",1
"정상전쟁",1
"정재영",1
"정치인",1
"정치풍자",1
"젤리",1
"종합게임",1
"종현",1
"좋아지는",1
"주신",1
"주작이여",1
"죽다",1
"줄루형",1
"중대",1
"중독성게임",1
"중복",1
"즈기요",1
"지식인",1
"지우",1
"직구",1
"진결",1
"振袖",1
"진실",1
"질투",1
"짱구",1
"쫓아오는",1
"찜질장",1
"차은우",1
"채채",1
"채팅",1
"채희선",1
"챌린저",1
"天堂m",1
"천마",1
"첫날부터",1
"청와대",1
"청춘드라마",1
"초승달",1
"총기",1
"최고다",1
"최고다윽박",1
"쵸슈엔",1
"축구",1
"출입국",1
"출장",1
"츄~",1
"친구네집",1
"카메라",1
"카메라앱",1
"카메라어플",1
"카메라효과앱",1
"카카오앙상블스타즈",1
"칼들고",1
"캐리",1
"캐치업",1
"커디스미디어",1
"커세어",1
"커플장난감",1
"케츄",1
"코르크",1
"코르크마개",1
"코믹",1
"코바야카와",1
"코스모그",1
"코스프레",1
"콩두",1
"쿠오븐",1
"쿠키런",1
"쿰척",1
"클린",1
"키즈",1
"탈출하기",1
"태규",1
"텅비드",1
"테란",1
"토네이도와이번",1
"토미오카",1
"통합추진",1
"투시",1
"튜나",1
"트럭",1
"트로피카나",1
"특공행정병",1
"틀린그림찾기",1
"티원",1
"티카",1
"티캠",1
"틸트",1
"틸트쉬프트",1
"판벌려",1
"패드립",1
"패러디",1
"퍼펙트센스",1
"펄기아",1
"펍지",1
"평창동계올림픽",1
"포켓몬고",1
"폰게임",1
"폰겜",1
"폴아웃",1
"폴아웃4",1
"푸드사진",1
"푸드앱",1
"푸드어플",1
"푸디",1
"풀빌라",1
"프로토스",1
"피카츄",1
"피해",1
"하고로모코마치",1
"하양이",1
"하영",1
"학창시절",1
"한pd",1
"한스타",1
"한프로",1
"함께",1
"합동방송",1
"합성",1
"핫이슈",1
"해달라고",1
"해외여행",1
"해줘",1
"해줘!",1
"해줘라",1
"해줘요",1
"해줘해줘",1
"핸드폰게임",1
"호러",1
"혼수성태",1
"혼종",1
"홍구",1
"홍그리거",1
"홍트콤",1
"화산",1
"화장실",1
"환생",1
"황장수",1
"휴양지",1
"흐앙",1
"흑돼지",1
"흑우",1
