Entertain_tags,number
[none],305
먹방,160
리뷰,109
bts,96
mukbang,84
레전드,81
꿀잼,80
대도서관,79
허팝,76
korea,76
개그,75
예능,75
강호동,71
윰댕,69
장난감,67
bj,67
srilanka,67
방탄소년단,67
웃긴영상,66
kpop,64
유재석,64
양띵,63
entertainment,62
드라마,60
toy,59
아프리카tv,58
노래,58
이수근,58
영국남자,57
소녀시대,57
워너원,56
철구,54
wannaone,54
게임,53
롤,53
샤이니,52
김민경,51
love,51
유민상,51
문세윤,51
김준현,51
김이브,50
웃긴,50
동영상,50
남캠,49
korean,49
밴쯔,49
턱형,48
오버워치,48
아프리카,47
다시보기,46
아이돌,45
미스테리,44
남순,44
인기,44
슈기,44
tr??nggiang,43
엠브로,43
여캠,43
신태일,43
꾹이,43
premium,42
악어,42
srilankacricket,42
playcricket,42
janakasiriwardana,42
sinhala,42
romantic,42
cricket,42
devenienima,42
adventure,42
sarangamendis,42
derana,42
bestteledrama,42
deweniinima,42
schoollove,42
srilanka'sbest,42
lanka,42
tvderana,42
dtv,42
cricketteam,42
secondinning,42
dawanainima,42
samanedirimuni,42
devanainima,42
deveniinima,42
deweni,42
최군,42
02ndinnings,42
topteledrama,42
종현,42
school,42
srilankanteledrama,42
cricketmatch,42
innings,42
dewenienima,42
dewanainima,42
연예인,41
공대생,40
신기한,40
비제이,40
고든램지,39
치킨,39
heopop,39
gjvkq,39
fight,39
장난,39
감동,38
lol,38
실험,38
정준하,37
sidu,36
국가비,36
#youtube,36
??????????,36
tr?nthanh,36
꾹tv,36
mbro,35
세야,35
?????,35
강다니엘,35
재미,35
tranthanh,35
김희철,35
eatingshow,34
k-pop,34
도전,34
한국,33
양세형,33
????????,33
아이유,33
reaction,33
재밌는,32
food,32
꾹tv꿀잼,32
추천,32
티비,32
꾹tv리뷰,32
rnr,32
???????????,32
꾹티비,32
rnrtv,32
찬,32
꾹리뷰,32
꾹추천,32
꾹tv추천,32
뀩,32
eating,32
꾹인기,32
꾹,32
꾹꿀잼,32
남자,31
dienquan,31
truonggiang,31
유튜브,31
미스터리,31
drama,31
케이,31
은지원,31
jungkook,31
문재인,31
영화,30
뉴스,30
무한도전,30
춤,30
신동훈,30
지드래곤,30
맛있는녀석들,30
코미디tv,30
유머,30
bangtan,30
tastyguys,30
iu,30
micdrop,30
재밌는영상,30
미국,30
하하,29
????,29
신서유기,29
pony,29
꾹재미,29
송민호,29
꾹동영상,29
안재현,29
꾹tv재미,29
?????????,29
박명수,28
로이조,28
씬님,28
포니,28
꾹tv인기,28
감스트,28
섹시,28
디바제시카,28
창현,28
대광이형,27
역관광,27
clashroyale,27
whatthefun,27
토크,27
mbc,27
천대광,27
클로,27
맛집,27
딕헌터,27
오늘은너다,27
funny,27
클래시로얄,27
다이어트,26
이광수,26
twice,26
김종국,26
이설,26
애니메이션,26
직캠,26
meokbang,26
이상민,26
배틀그라운드,26
파파독,26
꾹tv예능,26
꾹예능,26
꾹tv개그,26
꾹개그,26
#news,26
신동엽,26
캠,25
영드,25
캐이,25
필메,25
와꾸대장봉준,25
엽떡,25
쪼꼬북,25
엣지,25
대신리뷰,25
안소진,25
실험실,25
입짧은햇님,25
찌워니,25
태림,25
꾹레전드,25
김영철,25
김준호,25
봉준,25
유소다,25
캠방송,25
버스킹,25
피자,25
꾹tv레전드,25
teledrama,25
independenttelevisionnetwork,25
itn,25
????????????,25
슈퍼셀,25
꾹tv동영상,25
만화,25
드라마다시보기,25
서장훈,25
햄튜브,25
기훈,25
언니tv,25
유소나,25
까루,25
최신곡,25
케이tv,25
세글자,25
님슈기,25
대세,25
킹기훈,25
서윤,25
일드,25
풍월량,25
필매,25
밤비걸,25
민경훈,25
도복순,25
미드,25
chicken,24
빨간토마토,24
??????,24
장동민,24
엔터,24
도티,24
걸그룹,24
레드벨벳,23
커플,23
박성광,23
???????,23
이특,23
반응,23
장도연,23
규현,23
유인나,23
정형돈,23
트와이스,23
김병만,23
1000도,23
노홍철,22
rm,22
지연,22
01커플,22
조세호,22
연애,22
상식,22
여자,22
공대생김하나,22
연예,22
이슈,22
shinee,22
박나래,22
challenge,21
엑기스,21
일본,21
진상,21
신봉선,21
e01,21
안무,21
???,21
오나미,21
송지효,21
떡볶이,21
챌린지,21
짤,21
홍수아,21
전소민,21
지석진,21
황제성,21
hani,21
1화,21
안영미,21
시즌3,21
김숙,21
티아라,21
후방,21
스킬,21
양세찬,21
박휘순,21
htvgiongaigiongai,21
안소미,21
?cthanhvan,21
sejeong,21
미리보기,21
권혁수,21
김민교,21
thutrang,21
상남자,21
김대희,21
유세윤,21
giongaigiongai,21
dia,21
분노조절,21
정상훈,21
김여사,21
김다온,21
나르샤,21
전효성,21
김치,21
이국주,21
김신영,21
정성호,21
상상극장,21
옴니버스,21
푸파,21
잠뜰,21
푸드파이터,21
#변희재,20
맥주,20
뷰티,20
소주,20
june,20
2017,20
funnyvideo,19
exo,19
??雷?限挑?,19
jhope,19
vlog,19
액괴,19
덱,19
아라시,19
jimin,19
신기,19
소프,19
메이크업,19
썰전,19
gi?ng?igi?ngai,19
octhanhvan,19
?????????????????,19
샤이니종현,19
news,19
사건,19
황민현,19
옹성우,19
김이브님,19
방탄,19
박지훈,19
react,18
대신,18
koreanfood,18
영국,18
overwatch,18
박우진,18
아나운서,18
예고편,18
sof,18
음식,18
1박2일,18
이대휘,18
구혜선,18
jin,18
인형뽑기,17
e채널,17
윤아,17
하성운,17
알쓸신잡,17
배그,17
엑소,17
슈퍼주니어,17
웹드라마,17
대정령,17
suga,17
천재,17
삼겹살,17
대통령,17
?嘉?,17
??,17
beyblade,17
gordonramsay,17
엠브로먹방,17
트럼프,17
clash;,16
요리,16
오버워치;,16
김재환,16
ucqgfhfh_s9cqdoko-x3pjaw,16
데이트,16
kimtaehee,16
철벽,16
royale;,16
lol;,16
리그오브레전드;,16
포켓몬;,16
롤;,16
테드,16
asmr,16
라이관린,16
어린이,16
크라운,16
실제상황,16
이승기,16
실수,16
김민규,16
불,16
fancam,16
챔피언십,16
크리스마스,16
클로얄;,16
홈쇼핑,16
보겸;,16
정국,16
중국,16
보겸tv;,16
도티;,16
胡歌,16
?嘉????全集,16
원피스;,16
클래시로얄;,16
胡歌???,16
??雷新???,16
胡歌??,16
sunhonglei,16
??雷,16
zhangjiayi,16
hugo,16
패션,16
gameofhunting,16
dylan,16
胡歌的???,16
胡歌新???,16
胡歌林依晨,16
?嘉?的???,16
?嘉?新?,16
?嘉?主演的???,16
??雷??,16
?嘉????,16
huge,16
모바일게임;,16
bj세야,16
슈마상;,16
급식체,16
스키,16
재미있는영상,16
heartshaker,16
라면,16
상상극장철수,16
먹방;,16
여행,16
매드무비,16
harakotiyahaarakotiya,15
swarnavahini,15
sarangateledrama,15
swarnavahiniprograms,15
eat,15
harakotiyayesterday,15
haarakotiyaallepisodes,15
보이즈빌리지,15
축구,15
김다예,15
harakotiya,15
swarnavahini.lk,15
삼성,15
sinhalateledrama,15
htv,15
마이린,15
teledramaepisodes,15
swarnavahiniteledrama,15
swarnavahiniharakotiya,15
srilankateledramas,15
오늘도형제는평화롭다,15
kangdaniel,15
오형평,15
스티브,15
watchlatestteledramas,15
찰흙,15
배진영,15
짬뽕,15
움짤,15
실패,15
서울맛집,15
짤방,15
사쿠라이쇼,15
테마파크,15
액체괴물,15
한식,15
오노사토시,15
변승주,15
마인크래프트,15
나영석,15
비디오빌리지,15
체험,15
sbs,15
반전,15
윤지성,15
이야기,15
꾹tv아이디어,14
꾹대박,14
music,14
아이디어,14
권아솔,14
이윤준,14
한류,14
아이바마사키,14
박근혜,14
베이블레이드,14
콜라,14
꾹아이디어,14
중식,14
철수,14
업소용,14
taehyung,14
로드fc,14
블로그,14
수능,14
럭키,14
jtbc,14
토이,14
#손석희,14
꾹tv대박,14
베이블레이드버스트,14
겁없는녀석들,14
인터뷰,14
??????????????????,14
cook,14
대박,14
보쌈,14
pizza,14
meok,14
dna,14
족발,14
bang,14
cooking,14
seoul,14
ベイブレ?ド,14
#koreanews24h,14
럭키강이,14
luckykangi,14
kangi,14
강이,14
놀이,14
kids,14
셰프,14
강식당,13
쇠구슬,13
윤형빈,13
남편,13
steveaoki,13
권민석,13
정문홍,13
짜장면,13
workpointchannel,13
용인민속촌,13
꿀알바,13
19금,13
thaitvshow,13
workpoint,13
comedy,13
한국민속촌,13
민속촌캐릭터,13
koreanfolkvillage,13
민속촌,13
민속촌알바,13
닥파,13
안재억,13
thaitv,13
maheshrathsara,13
mnet,13
에피소드,13
서프라이즈,13
기막힌이야기,13
역대급,13
신비한웹툰서프라이즈,13
신비한tv서프라이즈,13
surprisestory,13
서프라이즈레전드,13
서프라이즈스토리,13
보겸,13
쇳물,13
납량특집,13
익스트림,13
닥터파이어,13
remix,13
사건사고,13
surprise,13
웹툰,13
amazingstory,13
서프라이즈웹툰,13
한국어,13
충격사건,13
민주주의,13
청와대,13
알루미늄,13
엠넷,13
토요미스테리,13
#손석희의저주,13
shanthazoysa,13
gayathridias,13
pini,13
udariwarnakulasooriya,13
세월호,13
theekshanaanuradha,13
surajmapa,13
jonghyun,12
리액션,12
kbs,12
공대생재넌,12
mv,12
irl,12
형제,12
서울,12
성공,12
roadfc,12
니노미야카즈나리,12
라멘,12
도네이션,12
초대형,12
dr.fire,12
테스트,12
트위치,12
트게더,12
트수,12
army,12
동핵,12
액체쇳물,12
thachth?cdanhhai,12
삼대장,12
htvthachthucdanhhai,12
fullhd,12
thachthucdanhhai,12
하스스톤,12
나pd,12
thumindudodanthanna,12
kumbiyo,12
약빤영상,12
ㅋㅋㅋ,12
빵터지는,12
혼밥,12
웃음참기,12
소셜,12
kalanagunasekara,12
백종원,12
koombiyo,12
약,12
yureninoshika,12
퍼즐,12
lakmaldharmarathne,12
kubiyo,12
koobiyoo,12
kuumbiyo,12
thailand,12
achalasolamans,12
sns,12
#showbiz,11
#koreanews,11
식사망,11
그때그놀이,11
박리혜,11
몰카,11
stevenspielberg,11
해외,11
평창올림픽,11
박찬호,11
나루토,11
bighit,11
장광,11
이재용,11
주석,11
주물,11
마이린tv,11
아침뉴스,11
한혜진,11
정오뉴스,11
카톡,11
연플리,11
옐로우,11
연애플레이리스트,11
xuannh?n,11
????????????????,11
마크정식,11
인기가요,11
뮤직뱅크,11
블리치,11
중국음식,11
온정돈까스,11
편의점조합,11
#변희재미디어워치,11
점보라멘,11
점보라면,11
매운짬뽕,11
릴마블,11
멘토스,11
유준호,11
푸드파이트,11
대형,11
디진다돈까스,11
신전떡볶이,11
불닭볶음면,11
불닭볶음탕면,11
데일리삼대장,11
진,11
섭이,11
삼대장플레이,11
철판아이스크림,11
tr?nhxuannhan,11
억섭호,11
김윤태,11
대왕돈까스,11
컵라면,11
원피스,11
편의점,11
쏫,11
삼대장챌린져스,11
요구르트,11
hoanmy,11
평창,11
quangb?o,11
viyeumaden,11
jamescorden,11
avengers,11
머리,11
hoanmi,11
thevoice,11
뉴스공장,11
mobidic,11
쉐프,11
카스,11
모비딕,11
미슐랭,11
숏터뷰,11
#조원진,11
thevoiceth,11
thevoicethailand,11
funnyent,11
blindauditions,11
외국인,11
꾹tv신기,11
비정상회담,11
닭발,11
조쉬,11
idol,11
1편,11
왕쥬,11
꾹신기,11
afreecatv,11
nguy?nti?nđ?t,11
매운음식,11
phithuonghoanmy,11
b?okun,11
viyeumađ?n,11
phithuong,11
착시현상,11
vymd,11
cuong7,11
karik,11
ph?mh?ngh?i,11
신현준,10
c??ngseven,10
파이터,10
정유라,10
메이플,10
양식,10
ongioicaudayroi,10
홍진영,10
던전,10
에이핑크,10
cabletvprovider,10
cableprovider,10
apink,10
디아블로,10
던파,10
분식,10
satellitetvproviders,10
스토리,10
사랑,10
th?nt??ng,10
?ngi?ic?uđayr?i,10
붕어빵,10
show,10
댄스,10
비글즈,10
번역,10
용느,10
cablepackages,10
방송,10
t?tinhv?ing??in?iti?ngvymdtap,10
b?okul,10
cabletelevisioncompanies,10
#대한애국당,10
외계인,10
주진우,10
cabletelevisionproviders,10
#jtbc,10
스타크래프트,10
t-ara,10
일식,10
아프리카먹방,10
내딸의남자들2,10
티브이조선,10
덕질,10
mygoldenlife,10
황금빛내인생,10
티비조선,10
스테이크,10
kikduu,10
tv조선,10
종합편성,10
지진,10
kik,10
jsl,10
배동성,10
jslglobalmedia,10
미자,10
duu,10
김태원,10
소진,10
박정학,10
조선일보,10
종편,10
이명박,10
?????????????,10
김진태,10
cableserviceproviders,10
미슐랭가이드,10
맛있는먹방,10
thankgodyouarehere,10
hoailinh,10
cableproviders,10
tvcablecompanies,10
foodfighter,10
eater,10
#태블릿,10
thankgodyou’rehere,10
satellitetvprovider,10
jiyeon,10
피파,10
ogcdr,10
fasteater,10
foodfight,10
cablecompanyinmyarea,10
sm,10
서든어택,10
二宮和也,10
시사,10
사드,10
화장품,10
#대한애국당변희재,10
창의력,10
엄태웅,10
민호,10
한성주장군,10
相葉雅紀,10
태민,10
울산큰고래,10
온유,10
櫻井翔,10
제일비싼,10
계선국tv,10
dance,10
嵐,10
ellen,10
군대,10
핵,10
속보,10
大野智,10
chitai,10
김주혁,10
비투비,10
xuanb?c,10
松本潤,10
btob,10
avengers:infinitywar,9
더불어민주당,9
infinitywar,9
marvel,9
ama,9
기자,9
mpd,9
marvelstudios,9
comicbooks,9
superhero,9
musicvideo,9
nerdy,9
지식,9
bangtansonyeondan,9
열일곱,9
패러디,9
snl,9
#변희재정미홍,9
플레이리스트,9
찮찮,9
플레이리스트스튜디오,9
태연,9
효연,9
사이다,9
자살,9
interview,9
redvelvet,9
한국방송,9
마동석,9
써니,9
예능레전드,9
공대생작비,9
좋아요,9
동핵셀리,9
구독,9
동핵유부초밥,9
페이커,9
롤매드무비,9
세야이은혜,9
동핵자살,9
세야은혜,9
동핵지혜,9
seya세야,9
웡풍,9
풍웡,9
동핵근황,9
세야윈도우,9
엠피디,9
엠투,9
#pc,9
범죄도시,9
24시간,9
세야먹방,9
아프리카tv세야,9
은혁,9
세야폭행,9
리얼사운드,9
key,9
정국직캠,9
geeky,9
comics,9
연예뉴스,9
양파,9
m2,9
세야꽂자,9
세야이기광,9
맞구독,9
동핵찬,9
동핵지코,9
동핵이당,9
먹방bj,9
세야해명,9
수영,9
세야동핵,9
동핵철구,9
review,9
마술,9
나쁜사또,9
이슈스틱헤럴드,9
???????????????,9
추미애,9
홍익표,9
김경수,9
youtube,9
stephencolbert,9
독일빵,9
매직,9
btsarmy,9
핵꿀잼,8
겜도리프라모델,8
신혜선,8
아버지가이상해,8
대광,8
겜도리성공,8
이재명,8
ellenshow,8
크리스신부님,8
깸돌이,8
장삐쭈,8
킹스맨,8
미친남자,8
겜도리리뷰,8
겜도리장난감,8
겜도리모바일게임,8
박시후,8
껨도리,8
thelatelateshow,8
겜도리실패,8
kimchi,8
트와이스하트쉐이커,8
카카오톡,8
이태환,8
약빤더빙,8
서은수,8
갬돌이,8
화제,8
쇼미더머니,8
남친,8
????one,8
멋짐,8
닭똥집,8
겜도리조립,8
갬도리,8
???????????????????,8
껨돌이,8
겜도리모바일,8
미용,8
네이버웹툰,8
겜도리게임,8
겜도리꿀잼,8
목소리,8
one31,8
철구형,8
모바일,8
겜도리,8
koreanculture,8
주말드라마,8
문화,8
병맛더빙,8
영국남자들,8
englishman,8
깻잎전,8
joelbennett,8
#kdhbreakingnews,8
#showsbiz,8
danandjoel,8
한강,8
단앤조엘,8
영국신사,8
koreanenglishman,8
깸도리,8
이쁨,8
샘해밍턴,8
겜도리멋짐,8
여친,8
season6,8
kingsman,8
조니,8
한국음식,8
광장시장,8
한국말,8
ollie,8
dan,8
삐쭈,8
미친조니,8
조엘,8
동해,8
joel,8
jipseekid,8
mama,8
파닭,8
구운치킨,8
홍어,8
팽이,8
길거리음식,8
깻잎,8
먹방레전드,8
녹두전,8
음악,8
엑시,8
josh,8
kimchee,8
요리사,8
뽑기,8
최고다윽박,8
단,8
koreanmukbang,8
런던,8
멕시멈가루다,8
조민석,8
영국젠틀맨,8
합체,8
고추튀김,8
재미있는,8
먹거리,8
모바일게임,8
조립,8
한글자막,8
강호동가스,8
스노우보드,8
신서유기외전,8
realsound,8
급식,8
movie,8
프라모델,8
마이린액괴,8
성화,8
coc,8
겜도리합체,8
겜,8
공대생변승주,8
항아리,8
남자친구,8
clashofclans,8
클래시오브클랜,8
girls,8
북핵,8
여자친구,8
급식체특강,8
껨,8
블랙박스,8
유시민,8
fireexperiment,8
girl,8
가수,8
콜롬비아나,8
redtomato,8
겜돌이,8
metal,8
겜도리실수,8
사장이더많이먹는,8
영상,8
정규재,8
amas,8
배틀,8
급식생,8
장삐쮸,8
김밥,8
슬라임,8
비행기,8
클오클,8
더빙,8
pong,8
해외반응,8
수진,8
lovelyz,8
만들기,8
미자의온도,8
김석진,8
놀라운,7
benz,7
the디바,7
테블릿pc,7
일상,7
일반인들의소름돋는라이브,7
신규카드,7
애견,7
일소라,7
mintae,7
uc74nuj8guq14boak5eoduna,7
manggaeboy,7
snowboard,7
shineejonghyundead,7
tranthanhthachthucdanhhai,7
healthcarekr,7
chrispratt,7
spicyfood,7
k팝스타,7
연예인먹방,7
동전,7
강남맛집,7
논현역맛집,7
daniellapineda,7
puppy,7
너목보,7
유아인,7
슈퍼스타k,7
레비,7
사기,7
철튜브,7
노래방,7
토크쇼,7
dog,7
서현,7
홍대맛집,7
논현맛집,7
bj음마,7
7일동안,7
창현먹방,7
먹방창현,7
강아지,7
???kpn,7
페북스타,7
하나,7
허재혁,7
fatedtoloveyou,7
youaremydestiny,7
신사역맛집,7
전창근,7
????????????????????????????,7
리니지2레볼루션,7
쿡방,7
성우,7
diva,7
#미디어워치tv,7
71530,7
bj최군,7
남자섹시댄스,7
조정석,7
남사친,7
겨울,7
아캔,7
바보,7
러블리즈,7
우성재,7
일반인커버업,7
밴쯔먹방,7
hyeri,7
기노주,7
박찬수,7
찬열,7
제이플라,7
강남역맛집,7
박서준,7
j.fla,7
꾹실패,7
슈스케,7
캡사이신,7
#저주,7
일반인이부른노래레전드,7
디바,7
이거레알,7
일반인커버,7
얼평,7
스태디움,7
시험,7
americanmusicawards,7
tobyjones,7
celebrity,7
woman,7
귀여운,7
꽃빈,7
experiment,7
humor,7
하트쉐이커,7
베이블레이드버스트갓,7
올림픽,7
해군수달뮤비해석,7
#최순실,7
#newkorea,7
도깨비,7
reacts,7
justicesmith,7
hoseok,7
성수커플,7
정치,7
gang,7
??????????????,7
정지훈,7
팽이놀이,7
islanublar,7
ufo,7
colintrevorrow,7
ksi,7
염보성,7
조선시대,7
조문,7
비깡,7
배현진,7
심리테스트,7
하찮아도괜찮아,7
광년이,7
비,7
연탄차기,7
스타뉴스,7
2017mama,7
작명가,7
이벤트,7
튀김,7
성탄절,7
j.a.bayona,7
tr??nggiangthachth?cdanhhai,7
결혼,7
rain,7
퀴즈코리아,7
date,7
brycedallashoward,7
뮤비해석,7
레인컴퍼니,7
왕비,7
수달늬우스,7
난쟁이성현,7
마츠모토준,7
truonggiangthachthucdanhhai,7
vi?th??ng,7
bdwong,7
꾹실수,7
fallenkingdom,7
꾹tv실수,7
derekconnolly,7
dinosaur,7
워너원고,7
정준영,7
rapmonster,7
포항지진,7
geraldinechaplin,7
맛녀석,7
tedlevine,7
raptor,7
jurassicpark,7
ellendegeneres,7
주사파,7
t-rex,7
예리,7
tr?nthanhthachth?cdanhhai,7
마블,7
lonely,7
jurassicworld,7
태극기,7
namjoon,7
jamescromwell,7
official,7
jeffgoldblum,7
#시사폭격,7
짝사랑,7
해군수달,7
빈소,7
아오르꺼러,7
스브,7
꾹tv실패,7
로켓,7
holasoygerman,7
판타지,7
스튜디오v,7
정상회담,7
신곡깡,7
desiigner,7
#자유한국당,7
드레인파브닐,7
rafespall,7
자기관리,6
복학생,6
태구,6
dramax,6
올림픽금메달리스트,6
thehottestrankingshow,6
비포애프터,6
#대한애국당조원진,6
스포츠선수근황,6
diy,6
와이스타,6
마츠모토쥰,6
국민영웅,6
순발력,6
장혁,6
스파게티,6
허경영,6
lifen,6
별,6
스타일링,6
thechainsmokers,6
한류스타리포트,6
검찰,6
부모님께효도한후달라진어머니의모습,6
cumedia,6
피카부,6
김유화,6
포미닛,6
kstarreport,6
타임어택,6
parkeunji,6
2018자카르타팔렘방아시안게임,6
m+,6
비스트,6
mpluspeople,6
ihq,6
꾹tv먹방,6
체조도마선수양학선,6
김우빈,6
과일,6
한국국가대표선수,6
clc,6
라이프앤,6
라이프엔,6
kimyuhwa,6
씨유미디어,6
꾹먹방,6
김유정,6
신과함께,6
문제,6
두뇌,6
김구라,6
그림,6
코미디티비,6
야구,6
닥터,6
지능,6
y-star,6
디어클라우드,6
사모장,6
최시원,6
생방송스타뉴스,6
드라맥스,6
보아,6
박은지,6
iqtest,6
투와이즈,6
comedytv,6
전학생,6
합병,6
창의력퍼즐,6
성냥퍼즐,6
창의력퀴즈,6
kangmijeong,6
재밌는퍼즐,6
천재테스트,6
양학선선수근황,6
cp83,6
아이에이치큐,6
#손석희변희재,6
사람에게돈과여유가생기면나타나는변화,6
창의성,6
창의력문제,6
성냥개비퍼즐,6
착시,6
iq,6
#대한애국당정미홍,6
숨은그림,6
아이큐,6
톡톡카톡,6
강미정,6
헤어,6
아이에이치큐미디어부문,6
카톡대화,6
아이큐테스트,6
카톡으로말해요,6
실화,6
무엇이보이나요,6
김도원,6
한류문화,6
battleroyale,6
워너원강다니엘,6
seventeen,6
뉴스투데이,6
8시뉴스,6
김소영,6
뉴스데스크,6
로맨스,6
박창현,6
도인태,6
newsdesk,6
a6살인사건,6
김어준,6
iphonex,6
아이폰x,6
mbc뉴스,6
강다솜,6
마마,6
종북좌파,6
영화예매,6
강철비,6
컬투쇼베스트사연,6
박용찬,6
newstoday,6
magician,6
이진,6
인형뽑기기계,6
컬투쇼,6
컬투쇼베스트사연모음,6
이성현,6
서인,6
클로얄전설상자,6
#박근혜대통령,6
홀리,6
육성재,6
웃음,6
토네이도와이번,6
이별,6
합방,6
지민,6
포항,6
힐링,6
콜라보,6
윰댕꽃빈,6
yoongi,6
윰꽃,6
이상현,6
배틀로얄,6
랜덤덱,6
프로듀스101시즌2,6
평화,6
이수은,6
김이브윰댕,6
top,6
상상낙원,6
임현주,6
박상권,6
이혜민,6
최대현,6
컬투쇼10만원,6
컬투쇼베스트,6
뷔,6
화유기,6
아이스크림,6
냉동고,6
내딸의남자들미자,6
독설,6
귀신,6
proximity,6
whatisitinice,6
오연서,6
breakupice,6
ax,6
괭이,6
곡괭이,6
treasure,6
야식,6
마이쮸,6
차승원,6
pickax,6
슬러쉬,6
icetreasurechallenge,6
슬러시만드는방법,6
icechallenge,6
특검,6
심상정,6
여사친,6
안철수,6
노무현,6
하울,6
wb,6
상황극,6
얼음냉장고,6
윤은혜가,6
조수빈,6
이나영,6
배달,6
마술사,6
최현우,6
꿀팁,6
couple,6
magic,6
wbpictures,6
warnerbrospictures,6
겨울놀이,6
항아리실사판,6
crushice,6
눈썰매,6
도박,6
북극,6
iniceroad,6
눈싸람,6
항아리게임,6
얼음게임,6
icechallengegame,6
슬러쉬만들기,6
iceroad,6
new,6
눈표범,6
우병우,6
#조원진대표,6
degeneres,6
해외토크쇼,6
샌드박스네트워크,6
클래시로얄상자까기,6
제임스코든,6
비누tv,6
윽박,6
유승민,6
돼지고기,6
빨간토마토철수,6
정배우,6
햄버거,6
겔튜브,6
하창봉,6
몰트,6
클래시로얄도티,6
sleepground,6
레잇레잇쇼,6
원디렉션,6
손석희,6
배로,6
ted,6
클래시로얄버그,6
파파독클럽,6
크로롱,6
pongtv,6
molt,6
papadog,6
ddotty,6
말이야,6
supercell,6
clashroyaleinvitational,6
클로얄신규카드,6
테드찡,6
부인,6
sandboxnetwork,6
글로벌,6
로얄의정석,6
king’scup,6
클래시로얄전설상자,6
클로얄클랜상자,6
팝송,6
비누,6
김대중,6
카풀가라오케,6
뉴스속보,6
클래시로얄광고,6
카풀노래방,6
boyband,6
킹스컵,6
윤겔라,6
닭꼬치,6
ellenaudience,6
크리에이터,6
star,6
클래시로얄버그판.클로얄핵,6
#김경혜,6
배우,6
코메디,6
papadogclub,6
국정원,6
끼야,6
마이클잭슨,6
팝,6
니얼굴윤겔라,6
클로얄버그,6
썸,6
엔젤7777,6
ellenfans,6
해리스타일스,6
theellenshow,6
공민지,6
클로얄버그판,6
레잇레잇쇼자막,6
headliner,6
ellentube,6
??????6,6
헤드라이너,6
최순실,6
btsband,6
ellentickets,6
wintersports,5
winterolympic,5
스케이팅,5
안정환,5
평창동계올림픽,5
냉장고,5
술,5
램지,5
skeleton,5
bobsleigh,5
허팝이가다,5
winterolympicsportsgames,5
카메라,5
김성주,5
pyeongchangolympic,5
부탁해,5
이연복,5
아이스스케이팅,5
pd,5
고든,5
pyeongchang,5
성과,5
friends,5
celeb,5
아이스링크,5
알파인스키,5
skijump,5
giongaigiongaitap8,5
싸움,5
단편영화,5
연애포차,5
컬링,5
아이스스포츠,5
자한당,5
koreanolympic,5
애국당,5
스키점프,5
개그맨,5
마마무,5
아이언맨,5
comic,5
group,5
스노보드,5
wendy,5
battleground,5
야한,5
스키장,5
김용임남편시성웅이혼이유,5
고든램지한국,5
후궁,5
민주당,5
시진핑,5
더불어,5
자이언티,5
진실,5
방중,5
김용임,5
randombooster,5
edsheeran,5
자본주의,5
레어팽이,5
스킨십,5
느와르,5
루지,5
한정애,5
더치페이,5
정치후원금,5
김정우,5
허팝스포츠,5
이민혁,5
jokes,5
병원,5
트와이스풀캠,5
하트쉐이커풀캠,5
예능연구소풀캠,5
produce101kangdaniel,5
쇼음악중심하트쉐이커,5
twiceheartshaker,5
쇼음악중심,5
음중트와이스,5
프로듀스강다니엘,5
예능연구소세로캠,5
쇼음악중심트와이스,5
겜도리꿀팁,5
세로캠,5
예능연구소트와이스,5
풀캠,5
음악중심,5
예능연구소직캠,5
하트쉐이커직캠,5
예능연구소,5
famous,5
시상식,5
corden,5
태극기집회,5
도티tv,5
제이홉,5
하늘궁,5
병맛,5
허본좌,5
교양,5
나태,5
보도,5
사회,5
탐사,5
불안,5
새우,5
음중트와이스풀캠,5
허총재,5
윤정섭,5
폭식,5
음중트와이스직캠,5
탐사보도세븐,5
화장,5
호일,5
뽀로로하우스,5
youtubepororo,5
pororovideo,5
뽀로로인형,5
toycom,5
루피,5
프레디,5
겜도리터치펜,5
뽀로로,5
#조작,5
프로듀스101produce101,5
강다니엘풀컷,5
#미디어워치,5
프로듀스101강다니엘,5
철벽녀,5
tienluat,5
강다니엘입덕,5
ti?nlu?t,5
강다니엘컷,5
워너원자막,5
교촌,5
굽네,5
프레디의피자가게,5
크롱,5
보로로,5
뽀로로애니,5
pororopororo,5
freddy,5
뽀로로마을,5
포비,5
뽀로로동영상,5
강다니엘모음,5
뽀로로장난감애니,5
pororopenguin,5
pororo,5
토이컴,5
fivenightsatfreddy's,5
pororokorean,5
escapethefreddy's,5
pororoanimation,5
방탈출,5
뽀로로애니메이션,5
뽀로로장난감,5
뽀로로와친구들,5
거리노래방,5
베이블레이드경기장,5
동핵미국자살,5
겜도리머리,5
뉴이스트w,5
보이즈빌리지큐드파이터,5
monologue,5
너무나,5
안타깝다,5
북한,5
로드맨,5
실시간,5
생방송,5
겜도리브레인,5
브레인,5
이정재,5
12월개봉작,5
주호민,5
김동욱,5
도경수,5
겜도리브레인도트,5
겜도리못함,5
볼펜,5
큐드파이터먹방,5
큐드파이터,5
권지용,5
impressions,5
아이스하키,5
colbert,5
funnyvideos,5
동계올림픽,5
볼슬레이,5
curling,5
스켈레톤,5
celebrities,5
cbs,5
빅뱅,5
hollywood,5
latenight,5
bangtanboys,5
체육관,5
producekangdaniel,5
권투,5
ghost,5
공포게임,5
latelateshow,5
joke,5
팝콘tv동핵,5
공짜터치펜,5
배틀그라운드명장면,5
세야광고,5
남순홍대버스킹,5
블랙리스트,5
타요,5
창현거리노래방,5
배틀그라운드레전드,5
홍대버스킹,5
배틀그라운드대회,5
앙띵,5
대정령tv,5
대도서관tv,5
팝콘tv,5
창현남순,5
쉘터레굴루스,5
셀리,5
동혁자살,5
갓발키리,5
세야로렌,5
세야종서,5
윤혜진,5
김연아,5
겜도리바보,5
브레인도트,5
겜도리천재,5
터치펜,5
겜도리공짜터치펜,5
공주,5
겜도리알루미늄,5
평창동계올림픽대회,5
도트,5
겜도리도트,5
겜도리볼펜,5
겜도리피규어,5
겜도리호일,5
주지훈,5
comedian,5
하정우,5
차태현,5
김향기,5
못함,5
makeup,5
hallyu,5
ski,5
투명상자챌린지,5
taeyeon,5
투명의자하는법,5
투명의자,5
투명의자가격,5
투명의자트릭,5
의자추천,5
공대생펀샵투명의자,5
투명상자만들기,5
신기한물건,5
투명의자벌,5
투명의자반응,5
의자,5
투명의자공연,5
tvn강식당,5
투명의자마술,5
투명의자벌칙,5
나야나,5
나훈아,5
스타,5
투명상자,5
영하,5
cryocare,5
지방,5
운동,5
크라이오케어,5
냉동,5
백선생,5
이수근까스,5
앤디,5
보고싶진아,5
황재근,5
너에게나를보낸다,5
방한,5
성동일,5
응답하라,5
정호석,5
민윤기,5
김태형,5
시력,5
눈,5
防?少年?,5
#정미홍,5
ripple,5
티비엔,5
여름,5
리플s,5
임프,5
리플,5
진아,5
uctiqlgtewia0_hguxsm6oza,5
live,5
공대생하나,5
김남준,5
신세계,5
웃긴동영상,5
건강,5
크라이오테라피,5
크라이오,5
-196도,5
한식당,5
교육,5
퀴즈,5
고든램지레전드,5
고든램지자막,5
랭킹,5
금손,5
장인,5
고퀄,5
뉴욕,5
내한,5
정통한식,5
제철음식,5
갈비,5
액화질소,5
비빔밥,5
나몰라패밀리,5
만두,5
스타셰프,5
la,5
양세형의숏터뷰,5
니모,5
한식애호가,5
전통음식,5
화유기방송사고,5
사망,5
콘,5
인기급상승동영상,5
레나,5
구구콘,5
설렁탕,5
헬스,5
불사신,5
frozenman,5
로이킴,5
갈색지방,5
액체질소,5
cryo,5
얼음인간,5
갈탄,5
영생,5
얼음,5
동상,5
냉동인간,5
freeze,5
냉동요법,5
레지던스,5
frozen,5
영원히살기,5
idqudnitrogen,5
cyronic,5
froze,5
-196℃,5
cryocaretherapy,5
냉동치료,5
옥수수콘,5
정은표,5
최마태,5
자유한국당,5
김평우,5
mydaily,5
탄핵,5
전희경,5
????????????????????,5
정우택,5
마이데일리,5
md동영상,5
우울은날집어삼켰다,5
#김경혜조원진,5
유서,5
girls'generation,5
나인,5
boa,5
사연,5
박지민,5
서석구,5
lg,5
모델,5
프리드로우,5
출국,5
김동현,5
전정국,5
?ジャニ,5
아들,5
하재숙,5
신화,5
fire,4
엄크,4
hotoil,4
마이린방공개,4
베트남새우칩,4
grantthompson,4
hotoilburn,4
츄팝,4
10배새우칩,4
튀김과자,4
shrimpsnack,4
피규어,4
과자튀김,4
알새우칩튀김,4
friedshrimpchip,4
scald,4
알새우칩,4
기름화상,4
식용유,4
식용류,4
새우과자튀김,4
battleram,4
신기한과자,4
뜨거운기름,4
10배로커지는과자,4
지즐,4
라이너tv,4
급식의사랑,4
공대생급식의사랑,4
게리모드,4
기네스,4
급식노래,4
김승혜,4
직비,4
마이린액괴방,4
개그콘서트,4
공두리,4
김준호공대생,4
얼간기네스,4
나몰라패밀리패러디,4
이사배,4
액괴방,4
나몰라,4
알새우칩을튀기면,4
주조,4
마이린슬라임,4
이혼,4
shrimpchip,4
알새우칩튀기면커진다,4
shrimp,4
바바리안,4
새우과자,4
마이린책상,4
#korea,4
burn,4
grwm,4
미소,4
아디다스,4
금속,4
꾹tv모션인식,4
rc,4
꾹tv넋,4
나몰라패밀리아디다스,4
이사베,4
수능응원,4
미라클,4
교회,4
asian,4
미니,4
최재형,4
신의한수,4
현충원,4
흥진호,4
윤에스더,4
러시아,4
브라,4
페치카,4
아디다스협찬,4
응원,4
make,4
포켓뷰티,4
꾹비행,4
동성애,4
530gp,4
랑,4
대포카트,4
나몰라패밀리브라,4
새우칩,4
나몰라패밀리여자,4
대신커플,4
만취,4
숙취,4
꽐라,4
꾹tv폴딩드론,4
무쌍,4
꾹조종,4
드론,4
꾹드론,4
꾹모션인식,4
real,4
넋,4
꾹tvrc,4
꾹폴딩드론,4
꾹tv미니,4
wake,4
꾹tv시계,4
나몰라패러디,4
꾹넋,4
sound,4
웨이크,4
대학,4
홑쌍,4
eng,4
minhyun,4
사배,4
홑,4
나몰라패밀리청바지,4
engsub,4
메이크,4
찰리킴,4
다이아,4
oliviacooke,4
염력,4
여진,4
ayogg,4
leionastream,4
twitter,4
rpo,4
니키,4
quest,4
jameshalliday,4
sci-fi,4
avatar,4
강도5.5,4
서울지진,4
초능력,4
2girls,4
경북지진,4
leiona,4
전국지진,4
emma,4
stream,4
경북대지진,4
beyondthescenes,4
fangirls,4
포항5.5,4
instagram,4
seph,4
btsremix,4
bulletproofboyscouts,4
속임수,4
micdropremix,4
simonpegg,4
anorak,4
readyplayerone,4
crystalkey,4
재활용,4
#new,4
ekrxjvkdldj,4
마이크스웨거,4
마이크스웨거3,4
사냥꾼,4
감전돌이,4
뉴올채널,4
해골통,4
헬륨,4
해골병사,4
풍선,4
해골,4
닥파송,4
뉴올,4
닥터파,4
tyesheridan,4
zappies,4
virtualreality,4
vr,4
빛,4
gunter,4
oasis,4
avatarcreator,4
thewriter,4
?.????????,4
jadekey,4
rp1movie,4
tjmiller,4
학예회,4
anorak'sannouncement,4
amblinentertainment,4
readyplayeronemovie,4
얼간김준호,4
electronic,4
전여친,4
인천공항,4
전남친,4
박영수,4
이유님,4
쓸고라면,4
edm,4
danfarah,4
#손석희태블릿pc,4
#최순실태블릿pc,4
훈제이,4
팽이대결,4
베이블레이드버스트대결,4
테드tv,4
공항,4
스피드런,4
indihorrorgames,4
울펜슈타인2,4
콘솔게임,4
이유,4
그림자복도,4
gta5,4
비디오게임,4
backyard,4
가이코,4
김블루,4
manatarms,4
babarian,4
광고,4
비누국,4
몬스트럼,4
트릭,4
nicky,4
마법,4
masterchefus,4
역대2위,4
vrgoggles,4
copperkey,4
trick,4
군'산지진,4
역대급지진,4
강진,4
울산지진,4
군산지진,4
소정,4
전설,4
배틀램,4
ernestcline,4
고든렘지,4
마스터셰프,4
이은결,4
마스터셰프한글,4
masterchef,4
rocket,4
키친나이트메어,4
마스터셰프us시즌3한글,4
gordonramsaykorea,4
마스터셰프us시즌3,4
창의적인,4
렘지,4
masterchefusseason3,4
마스터쉐프마스터셰프us,4
니키양,4
도구,4
해법,4
쉐도우,4
youtuberewind,4
에이에스엠알,4
꾹tv방청소,4
꾹드러워,4
꾹헐,4
사고,4
꾹사고,4
꾹tv사고영상,4
드러워,4
꾹tv일상,4
꾹꾹오리,4
헐,4
꾹tv꾹오리,4
꾹사고영상,4
방청소,4
꾹방청소,4
꾹tv헐,4
꾹일상,4
꾹tv청소,4
꾹tv드러워,4
사고영상,4
꾹오리,4
임현식,4
장제원,4
윤소하,4
통장요정,4
강경화,4
파파이스,4
boy,4
서은광,4
프니엘,4
꾹청소,4
이창섭,4
비트콤,4
정일훈,4
비하인드,4
김병기,4
고기,4
taemin,4
청소,4
제이티비씨,4
애국채널,4
xiumin,4
2017년,4
올해,4
라디오,4
문화초강대국,4
bbc라디오,4
외신번역,4
아시아,4
japan,4
이병헌,4
레드카펫,4
어워드,4
뮤직어워드,4
redcarpet,4
음악시상식,4
조용한,4
외신,4
마사이,4
김나영,4
아는형님,4
피픽,4
구하라,4
카리스마,4
백윤식,4
#대한애국당창당,4
ㅇㄱㄹㅇ,4
피키픽처스,4
음란마귀,4
pikicast,4
sillymann,4
패션앤,4
보물,4
김성은,4
이현이,4
실리만젖병,4
실리만,4
마마랜드,4
이은재,4
김동철,4
이혜훈,4
표창원,4
새누리,4
하태경,4
김관진,4
조윤선,4
전거성,4
김경진,4
국정감사,4
정봉주,4
이정현,4
나경원,4
주진형,4
박영선,4
바른당,4
정청래,4
이재정,4
신경민,4
박홍근,4
국민의당,4
황교안,4
김정숙,4
임종석,4
전여옥,4
도종환,4
박지원,4
노회찬,4
조국,4
친박,4
김상조,4
김현미,4
김성태,4
고영주,4
박형준,4
민경욱,4
헌법재판소,4
유인촌,4
조응천,4
이해찬,4
강원랜드,4
박범계,4
미디어워치,4
안민석,4
박경미,4
이용주,4
비서실장,4
김무성,4
송영길,4
정두언,4
박원순,4
김진,4
진중권,4
손학규,4
이언주,4
손혜원,4
최민희,4
고대영,4
안희정,4
이낙연,4
강일원,4
홍준표,4
이완영,4
더민주,4
최재천,4
청문회,4
박주민,4
백분토론,4
bjkang,4
개논란,4
김이수,4
김용민,4
전원책,4
김두관,4
개고기,4
설훈,4
홍종학,4
권성동,4
엠넷아시안뮤직어워드,4
2017mamaxm2,4
mamainjapan,4
caseyneistat,4
가상키보드,4
팽이장난감,4
가요대전,4
sbs가요대전,4
danandphil,4
markiplier,4
swoozie,4
#youtuberewind,4
꾹tv키보드,4
dolantwins,4
nianaguerrero,4
i’mtheone,4
despacito,4
slime,4
jakepaul,4
보수,4
꾹레이저,4
꾹키보드,4
레이저키보드,4
꾹가상키보드,4
레이저,4
꾹프로젝터,4
꾹tv레이저키보드,4
꾹프로젝터키보드,4
제품,4
레이져,4
프로젝터,4
꾹상품,4
꾹tv상품,4
꾹tv프로젝터,4
키보드,4
프로젝터키보드,4
상품,4
꾹제품,4
꾹레이져,4
꾹tv제품,4
rewind,4
#rewind,4
rewind2017,4
트와이스모모레전드,4
섭이는못말려,4
외질혜,4
디스아너드,4
트와이스모모일본어,4
트와이스모모일본,4
모모복숭아,4
트와이스모모족발,4
홍방장,4
joeygraceffa,4
쌍둥이대포,4
공략,4
언틸던,4
쉐리,4
돈꽃,4
아웃라스트,4
어쌔신크리드,4
shapeofyou,4
luisfonsi,4
lelepons,4
humble,4
daddyyankee,4
loganpaul,4
rhettlink,4
fidgetspinners,4
김종민,4
aprilthegiraffe,4
lizakoshy,4
kendricklamar,4
themasterkey,4
backpackkid,4
lillysingh,4
youtuberewind2017,4
gracehelbig,4
rewind2016,4
poppy,4
꾹tv가상키보드,4
꾹tv레이져,4
베이블레이드장난감,4
수렵,4
방탄엘렌,4
방탄입덕,4
btsxellen,4
k-popband,4
사냥,4
뉴코리아헌터,4
코리아헌터,4
멧돼지,4
ellenbts,4
피해,4
figh,4
로드샵,4
뷰티유튜버,4
dickhunter,4
김종현,4
브리또,4
방탄영상,4
방탄소년단엘렌,4
영어공부,4
#변희재손석희,4
beybladebust,4
왕진진,4
낸시랭,4
왕,4
이승기군대,4
난쟁이수은,4
#손석희앵커,4
연인,4
btsellenshow,4
사냥개,4
몰래카메라,4
돈스테이크,4
김태균,4
거대멧돼지,4
이병진,4
돈스파이크,4
퀘사디야,4
피자치즈,4
치즈호박,4
김수현작가,4
조영남,4
latestnews,4
윤여정,4
조영남이혼,4
백은실,4
최신뉴스,4
김수현,4
fallinlovelyz,4
치즈닭갈비,4
컴백,4
종소리,4
twinkle,4
3rdminialbum,4
꾹레이저키보드,4
꾹tv레이저,4
꾹tv프로젝터키보드,4
조영남윤여정,4
실시간뉴스,4
entertainmentnews,4
편의점꿀조합,4
박해미,4
뮤직비디오,4
신비,4
news24h,4
항공교신,4
메로니,4
실제교신,4
meloni,4
비행사,4
찌질남,4
관제탑대화,4
관제탑,4
세븐틴,4
영어대화,4
미국대통령,4
파일럿,4
카드,4
꾹시계,4
btsxama,4
african,4
dnabts,4
mexican,4
여비제이,4
길리슈트,4
dnaama,4
vstar,4
rapmon,4
btsxamas,4
칸쟈니,4
#문재인,4
afrominx,4
거대액괴,4
btsama,4
종현추모,4
42화,4
ラップモンスタ?,4
kspazzing,4
tipsy,4
k-music,4
pop,4
대형슬라임,4
인스타수제슬라임,4
수제슬라임,4
playerunknown'sbattlegrounds,4
스팀,4
개꿀잼,4
염보,4
백내장,4
라식,4
라식수술,4
궁예,4
eyesight,4
왕건,4
정의,4
눈병,4
트와이스likey,4
bj파이,4
여bj,4
커스텀모드,4
파이,4
pubg,4
개인방송,4
여포,4
좀비모드,4
야외방송,4
야방,4
좀비,4
염파이,4
배틀그라운드사관학교,4
배사관,4
액괴버리기,4
초거대액괴,4
빨간토마토상상극장,4
동핵미국,4
#조원진김경혜,4
#변희재최고위원,4
#변희재조원진,4
kdramatv,4
キム?テヒョン,4
#조원진김경혜정미홍,4
광화문,4
세야야킹,4
kimtaehyung,4
세야꽃자,4
세야철구,4
동핵차,4
초거대슬라임,4
팝콘동핵,4
이시우동핵,4
사이코패스,4
세야집,4
최고다윽박세야,4
bj동핵,4
문진혁,4
musicstation,4
천국,4
뮤직스테이션,4
빨간토마토천국,4
이시우,4
#정미홍김경혜,4
#시도당위원장,4
동핵유부녀,4
sammysofiesteffy,4
권참솔,4
사장해임에배현진아나운서한마디,4
김장겸,4
kstory,4
세야우결,4
bj세야아프리카tv,4
세야윽박,4
동핵유부초밥동영상,4
세야차,4
팝콘tv이시우,4
세야만두,4
세야킹스맨,4
롤브금,4
bj창현,4
동핵아들,4
세야남순,4
세야술,4
세야용느,4
ブイ,4
americansreact,4
#대한애국당김경혜,4
#대한애국당시도당위원장,4
사극,4
태조,4
eyetrouble,4
스트레이키즈방예담,4
덕질방꾸미기,4
防彈少年團,4
덕질방,4
네코미미그리기,4
여자친구앞에서,4
사투리,4
작은거인,4
5xl,4
옷가게,4
kpopstar방예담,4
방예담jyp,4
kpop스타방예담,4
한쪽눈,4
협찬,4
발인,4
田柾國,4
덕질다이어리,4
덕질브이로그,4
덕질방소개,4
네코미미스위치,4
수은,4
고든램지칭찬,4
jeonjungkook,4
덕질노트만들기,4
네코미미헤드셋,4
윤종신,4
강타,4
유희열,4
parkjimin,4
ジェイホ?プ,4
ジョングク,4
パク?ジミン,4
ジン,4
ジミン,4
아이튠즈,4
鄭號錫,4
남자친구앞에서옷,4
여자친구앞에서덕질,4
덕질노트,4
네코미미뇌파,4
덕질vlog,4
네코미미,4
안구정화티비,4
bangtailboys,4
閔玧其,4
朴智旻,4
シュガ,4
キム?ソクジン,4
남자친구앞에서,4
덕질현타,4
장재인,4
시력검사,4
ミン?ユンギ,4
유행성눈병,4
재판,4
alcohol,4
짝눈으로살아남기,4
latina,4
화이트,4
눈사람,4
eyedisease,4
눈수술,4
누가기침을하였느냐,4
라섹,4
라섹수술,4
안대,4
짝귀,4
선물,4
눈병유행,4
약국,4
아폴로눈병,4
안과,4
eyesurgery,4
인공눈물,4
빨간눈,4
기침,4
최수종,4
전염,4
samsofsteff,4
reactions,4
네코미미이계의반역자,4
laser,4
남자친구앞에서덕질,4
덕질꿀팁,4
金碩珍,4
drunk,4
kdrama,4
mixed,4
women,4
金南俊,4
thejesslyfe,4
성현,4
이성계,4
라색,4
짝눈,4
lasereyesurgery,4
hispanic,4
american,4
jrekml,4
bangtail,4
koreanpop,4
2minjinkjongkey,4
black,4
金泰亨,4
kmusic,4
행복드링크,4
72초,4
같은,4
슈가,4
큐피디,4
레드벨벳뮤비해석,4
ㅋㅋㅋㅋ,4
김근명,4
모의고사,4
cute,4
바레인,4
두바이,4
소근,4
출국금지,4
항공기,4
꾹tv조종,4
대한항공,4
이소영,4
노출,4
lovely,4
소영,4
hl8228,4
근명,4
웃기는,4
adorable,4
이시형,4
꾹미니,4
코스프레,4
모션인식,4
소근커플,4
보이즈빌리지화니,4
skcouple,4
안구정화tv,4
위꼴,4
daniel,4
해리포터,4
아이폰,4
bj왕쥬,4
웹예능,4
친구,4
wannaonego,4
보이는라디오,4
핸드폰,4
performance,4
큐pd,4
피카부뮤비해석,4
왕쥬먹방,4
チョン?ホソク,4
eatingsounds,4
네얼간이,4
먹방왕쥬,4
jktv,4
キム?ナムジュン,4
チョン?ジョングク,4
종현사망,4
안구정화,4
레드벨벳피카부뮤비해석,4
꾹rc,4
꾹tv비행,4
ニノ,4
櫻井,4
아델,4
조종,4
보슐랭가이드,4
松潤,4
광동요리,4
大野,4
비행,4
#정미홍변희재,4
꾹tv드론,4
니노,4
二宮,4
페이스북,4
오노,4
相葉,4
matsumotojun,4
코믹,4
아이바,4
포크포크,4
시계,4
브로맨스,4
계좌,4
#변희재손석희의저주,4
폴딩드론,4
워너원고제로베이스,4
마츠준,4
たからとみ?,3
베이블레이드유스1위석민,3
꾹tv쥐치,3
ハイパ?レスキュ?,3
꾹tv영상,3
mnetasianmusicawards,3
간식,3
꾹tv아귀포,3
fangcao,3
배틀경기,3
動物園,3
#변희재미디어워치대표고문,3
골드갓발키리,3
battle,3
꾹아귀포,3
꾹tv간식,3
꾹tv쥐치포,3
꾹히터,3
베이블레이드팽이,3
ナ?フ,3
버스트피니쉬,3
쥐치,3
베이블레이드버스트챔피언십,3
대형경기장,3
베이블레이드챔피언십,3
최강팽이,3
베이블레이드유스1위,3
3on3,3
아토믹,3
가디언케르베우스,3
한국드라마,3
コマ,3
royaleghost,3
대물변강쇠(2017)영화다시보기,3
난로,3
로얄고스트,3
2017베이블레이드챔피언십유스,3
cast,3
꾹tv히터,3
crown,3
꾹난로,3
꾹쥐치포,3
한국최고의영화리뷰채널,3
リカちゃん,3
꾹realsound,3
영화평론,3
꾹mukbang,3
석고,3
영화다시보기,3
꾹쥐포,3
꾹영상,3
전범준,3
박나래기안84,3
fangcaochannel,3
zoids,3
channel,3
꾹tv쥐포,3
꾹tvrealsound,3
꾹tv리얼사운드,3
왕관,3
쥐포,3
히터,3
꾹tv난로,3
yokohama,3
아귀포,3
대물변강쇠(2017),3
한국영화,3
베이블레이드레이어,3
おもちゃ,3
골드레이어,3
대형스태디움,3
사망원인은,3
내딸의남자들,3
01커플데이트,3
#신혜식,3
고소공포증체험,3
스키장알바,3
스키장보드,3
스키장사고,3
훈토이tv,3
스키장개장,3
방방데이트,3
스키장데이트,3
#정준길,3
#홍준표,3
#류여해,3
#최고의원,3
#유승민,3
#안철수,3
종현과거영상,3
화유기2회,3
화유기아이유,3
화유기원,3
화유기출연진,3
화유기줄거리,3
화유기몇부작,3
#김휘종,3
스키숏턴,3
스키카빙턴,3
칼,3
스키장리프트,3
henna,3
ppomo,3
스키장노래,3
고소공포증,3
thomwhat,3
yuvely,3
국물닭발,3
의사,3
메스,3
dana,3
꿀꿀선아,3
고소공포증테스트,3
luin,3
darling,3
스키활강,3
스키초보,3
밥테일,3
bobtail,3
과학,3
고소공포증vr,3
여자친구에게선물,3
여자친구에게장난치기,3
starstory,3
화유기시청률,3
화유기스텝,3
화유기오연서,3
스핀피니쉬,3
홍대,3
오쿠라타다요시,3
야스다쇼타,3
시부타니스바루,3
무라카미싱고,3
요코야마유,3
마루야마류헤이,3
니시키도료,3
꾹간식,3
장자연,3
썰전e251,3
バトル,3
장아찌,3
나이트메어롱기누르,3
레이어조합,3
2017베이블레이드챔피언십,3
챔피언,3
리볼브,3
지구인,3
micswagger3,3
행주,3
rhythmpower,3
리듬파워,3
보이비,3
상상마당,3
화유기추자현,3
화유기등장인물,3
화유기차승원,3
화유기티저,3
화유기캐스팅,3
드라마방송사고,3
화유기리딩,3
화유기이홍기,3
화유기대본리딩,3
화유기스텝사고,3
화유기진선미,3
이승기유라,3
종현비정상회담,3
화유기3회,3
화유기재방송,3
이승기결혼,3
사무실fbi,3
이승기오연서,3
무서운이야기,3
화유기예고,3
화유기뜻,3
화유기인물관계도,3
화유기이승기,3
화유기대본,3
화유기1회,3
화유기4회,3
꾹tvmukbang,3
요코하마,3
꾹망고,3
꾹쥐치,3
단비스toy,3
스프리건레퀴엠무한배틀,3
단비스토이,3
스프리건레퀴엠무한경기장,3
스프리건레퀴엠스트라이크갓발키리,3
스프리건레퀴엠흡수능력,3
스프리건레퀴엠흡수력,3
단비스장난감,3
젠가,3
취중젠담,3
술자리,3
리얼리티,3
크리스피스튜디오,3
btsnews,3
rosekook,3
ベイブレ?ドバ?スト,3
ベイ,3
ト?マス,3
jungkooksexymoments,3
jungkookgirlfriend,3
sunmi,3
vkook,3
스프리건레퀴엠갓발키리,3
스프리건레퀴엠흡입신공,3
파인애플,3
appleexperiment,3
꾹파인애플,3
jikook,3
blackpink,3
jungkookidealtype,3
카니발,3
꾹tv건강,3
carwatermelonexperiment,3
btsmama2017,3
꾹tv사과,3
トランスフォ?マ?アニメ,3
btsidealtype,3
バトルコマ,3
bts21+,3
btsengsub,3
btssmut,3
btsfanfic,3
꾹바나나,3
꾹tv과일,3
자동차사과,3
apple,3
자동차로수박밟고지나가기,3
tapping,3
btssexymoments,3
결승전,3
한일전,3
식품,3
btscrushes,3
딸기,3
btsamas,3
망고,3
꾹사과,3
꾹tv망고,3
꾹딸기,3
꾹asmr,3
kai,3
꾹tv건조과일,3
ベ?ゴマ,3
꾹tv건조,3
꾹tv대추,3
デュエルマスタ?ズ,3
꾹tv바나나,3
神,3
사과,3
꾹tv식품,3
꾹건조과일,3
꾹tv딸기,3
taekook,3
ゴッドレイヤ?,3
꾹건조,3
プラレ?ル,3
동아시안컵,3
btsartistoftheyear,3
liskook,3
タカラトミ?,3
トランスフォ?マ?,3
btsjamescorden,3
改造,3
デュエマ,3
太陽チャンネル,3
꾹tv파인애플,3
건조,3
건조과일,3
あにあ,3
꾹건강,3
taehyunggirlfriend,3
jiminidealtype,3
꾹과일,3
바나나,3
꾹식품,3
꾹tvasmr,3
대추,3
여자친구에게노래,3
꾹리얼사운드,3
watermeloncar,3
carpool,3
현대,3
karaoke,3
watermelonbomb,3
latenightshow,3
시사폭격,3
hoangs?n,3
수박박살내기,3
trungdan,3
과일실험,3
玩具,3
takaratomy,3
ミラクルちゅ?んず,3
トミカ,3
과일수박,3
こえだちゃん,3
존잼,3
손오공,3
국수,3
면만먹기,3
トランスフォ?マ?アドベンチャ?,3
허팝자동차,3
melon,3
tomy,3
h?ngđao,3
쥐치포,3
lay,3
suho,3
snsd,3
수지,3
채영,3
다현,3
쯔위,3
모모,3
사나,3
빙의,3
무술년,3
유압프레스,3
자동차수박지나가기,3
수박터트리기,3
허팝연구소,3
꾹대추,3
수박,3
carvswatermelon,3
멜론,3
smachwatermelon,3
면먹방,3
우동,3
고기국수,3
쌀국수먹는법,3
쌀국수,3
면먹방레전드,3
취중젠가,3
spinel,3
mingiongaigiongai,3
gi?ng?igi?ngait?p9full,3
giongaigiongaitap9full,3
gi?ng?igi?ngait?p9,3
willgiongaigiongai,3
처음처럼,3
술게임,3
min,3
will,3
will365,3
giongaigiongaitap9,3
수박실험,3
watermelon,3
포르쉐,3
사과멜론,3
改造コマ,3
takara,3
메밀국수,3
속이더부룩할때,3
더부룩할때,3
りかちゃん,3
배마사지,3
면,3
마스크,3
면요리,3
핫소스,3
당면,3
세상에서가장매운,3
우마,3
모밀,3
バ?スト,3
헤어진연인,3
가면,3
초코,3
기아,3
マキシマムガル?ダ,3
アニア,3
べいぶれ?ど,3
ビ?ストウォ?ズ,3
볶음우동,3
オモチャ,3
arashi,3
cookclawmachine,3
데이나,3
집회,3
lobsterparty,3
랍스터파티,3
영국남자크리스마스,3
강부자가,3
steakdinner,3
gabievlog,3
요즘화제가된,3
lobster,3
영국일상,3
연말파티,3
대한애국당,3
이묵원배우,3
조원진,3
랍스터,3
그냥,3
연말,3
christmasdinner,3
스테이크파티,3
수술,3
카톡내용,3
chickenmachine,3
인형뽑기기계새우튀김,3
friedchickenmachine,3
강부자,3
치킨야식,3
야식뽑아먹기,3
asianchickenfood,3
배달음식,3
조가비,3
브이로그,3
크리스마스레시피,3
졸리비,3
꾹눈,3
꾹눈덩이,3
꾹사람,3
꾹작은손,3
꾹tv눈,3
상담,3
인성,3
lobsterdinner,3
2018,3
gabiekook,3
영국브이로그,3
영국남자국가비,3
가비,3
괴물,3
연말레시피,3
국가비크리스마스,3
hellogabie,3
랍스타,3
국가비브이로그,3
레시피,3
크리스마스파티,3
영국남자크루,3
헬로가비,3
christmasdinnerlobster,3
christmasvlog,3
졸리국가비,3
헬로우가비,3
koreanfriedchicken,3
또래오래,3
라이스치킨,3
베이블레이드버스트경기,3
phuongtrinhjolie,3
ph??ngtrinhjolie,3
ph??ngtrinhjoliegi?ng?igi?ngai,3
onlyc,3
베이블레이드특별한경기장,3
gi?ng?igi?ngait?p10,3
gi?ng?igi?ngait?p10full,3
giongaigiongaitap10,3
onlycgi?ng?igi?ngai,3
giongaigiongaitap10full,3
화장대,3
고민,3
공항교신,3
에어포스1,3
에어포스원,3
관제사,3
관제사교신,3
영문번역,3
비행교신,3
이별장면,3
#홍석현,3
슬픔,3
무한상사야유회,3
무한도전며느리,3
졸림,3
잠깨기,3
잠깨기용품,3
베이블레이드솥뚜껑,3
윰댕김이브,3
friedchicken,3
박가린,3
koreanchicken,3
충격고백,3
왕세자,3
제천,3
#박근혜,3
나이트메어롱기누스,3
특별한경기장,3
새로운경기장,3
팽이경기장,3
베이블레이드스태디움,3
몬카트,3
베이블레이드버스트갓레이어,3
솥뚜껑경기장,3
경기장,3
몬카트메가로이드,3
솥뚜껑챌린지,3
치킨배달,3
짱깽뽀,3
chickeninclawmachine,3
bhq,3
치킨뽑기기계,3
friedchickenclawmachine,3
재밌는치킨게임,3
여자bj,3
솥뚜껑,3
챌린지놀이,3
베이블레이드새로운경기장,3
예능레전드.,3
웃긴영상.,3
레전드.,3
알고보면초라한영화속비하인드7가지,3
꾹tv크리스마스,3
닥터스트레인지,3
디즈니,3
꾹눈사람,3
알고보면초라한영화속제작과정top7,3
어벤져스인피니티워,3
알고보면초라한영화속장면top7,3
가디언즈오브갤럭시,3
에이지오브울트론,3
2012,3
헤르미온느,3
김이브대도서관,3
김이브인성,3
국제결혼,3
bj사이다,3
꾹tv눈사람,3
김이브논란,3
style,3
살인,3
국제부부,3
국제연애,3
stereotypes,3
文化の違い,3
日本人,3
유학생,3
국제커플단점,3
국제커플미국,3
영화속촬영비하인드스토리,3
마블영화비하인드모음영상top7,3
韓?人,3
영화속cg전후top7,3
realbarca,3
프로야구,3
롯데,3
barcavsreal,3
fa,3
야구장,3
강민호,3
realmadrid,3
두산,3
fa대박,3
김현수,3
realbarcasieukinhđi?n,3
울프오브월스트리트,3
토르라그나로크,3
부산팬콘,3
fancon,3
sieukinhđi?n,3
realbarca23122017,3
꾹성탄절,3
팬콘,3
第一印象,3
국제커플,3
그루트,3
꾹크리스마스,3
캡틴아메리카,3
캡틴아메리카시빌워,3
어벤져스2,3
遠距離,3
結婚,3
작은손,3
꾹손,3
꾹tv손,3
사람,3
편견,3
culturaldifferences,3
문화차이,3
?際結婚,3
languagebarrier,3
外?語,3
海外生活,3
遠距離?愛,3
국제커플일본,3
interracialcouples,3
internationalrelations,3
언어장벽,3
ステレオタイプ,3
interracialdating,3
デ?ト,3
규호와세라,3
日韓,3
국제커플스위스,3
?際?愛,3
internationalcouple,3
국제커플첫만남,3
트와이스뮤비해석,3
트와이스heartshaker뮤비해석,3
눈덩이,3
로또,3
꾹tv눈덩이,3
꾹tv작은손,3
국제커플장점,3
러너교,3
韓?語,3
mixedcouple,3
김이브vs윰댕,3
아프리카bj,3
코트,3
留?,3
앰브로,3
꾹tv사람,3
폭설,3
꽃자,3
윤마,3
손,3
꾹화이트,3
범프리카,3
꾹tv화이트,3
꾹tv성탄절,3
beauty,3
몸매,3
꾹tv폭설,3
이상호,3
man,3
윰댕vs김이브,3
해명,3
런닝맨,3
seya,3
꾹폭설,3
소희짱,3
졸림방지,3
신성일,3
아리따움,3
한국고기,3
인형뽑기기계치킨,3
요리실험,3
cookbaconandsteakwithclawmachine,3
인형뽑기기계요리,3
인형뽑기기계로요리하기,3
한지이,3
sksksk,3
도로시,3
wang,3
ねこてん,3
realg?pbarca,3
breathing,3
그릴,3
입소리,3
ucsyp_gvs8rnjq83zzxcrnza,3
불판,3
뽑기기계요리,3
치킨뽑아먹기,3
인형뽑기기계실험,3
병맛실험,3
roleplay,3
배달의민족,3
bachetr?mtri?ukimdung,3
소고기,3
thachth?cdanhhait?p3,3
thachthucdanhhaitap3full,3
뽑기기계로삼겹살굽기,3
thisinhgianh100tri?u,3
옥수수,3
seniro,3
온라인,3
외국,3
trigger,3
miniyu,3
suzevi,3
きまぐれクック,3
종현발인,3
키,3
귀파기,3
touko,3
뽀모,3
soy,3
eraing,3
massage,3
meesh,3
nomnomsammieboy,3
미니유,3
팅글,3
rappeler,3
매운닭발,3
한신포차,3
매운맛,3
이어클리닝,3
unclej&mia,3
relaxing,3
톰왔,3
hyedy,3
인터넷,3
속도,3
cot?banchec?chi,3
thachth?cdanhhait?p3full,3
clawmachinecookingexperiment,3
롤플레이,3
howto,3
멜팅샵,3
여자친구에게편지,3
음영섀도우,3
슈에무라,3
메이크업포에버,3
틴트추천,3
로드샵메이크업,3
여자친구에게불러줄,3
페리페라,3
파우치소개,3
미아파우치,3
redstsn,3
메이크업튜토리얼,3
kbeauty,3
브로우추천,3
미아,3
파우치추천,3
파우치공개,3
뷰티크리에이터,3
학생메이크업,3
미아리뷰,3
투쿨포스쿨,3
yeondukong,3
안나수이,3
여자친구에게잘해주는법,3
연두콩,3
권회훈,3
에뛰드하우스,3
병맛요리,3
파우치털기,3
thachthucdanhhaitap3,3
kimjonghyun,3
샤이니종현사망,3
ティブイデイルリ,3
티비데일리,3
주영진,3
관훈토론회,3
tvdaily,3
티브이데일리,3
clawmachine,3
소름,3
인형뽑기기계삼겹살,3
mystery,3
허팝요리,3
여자친구에게사랑받는법,3
여자친구데이트,3
태양,3
스키타는법,3
포니이펙트,3
haul,3
파우치,3
버츠비,3
로드샵하울,3
리락쿠마,3
뷰티블렌더,3
블러셔추천,3
메이드인미아,3
무뼈닭발,3
트리거,3
earcleaning,3
kbsworldlive,3
kbslive,3
동방신기,3
viyeumadentap13,3
vymdtap13,3
djmie,3
bupbedj,3
jinfocus,3
jinfancam,3
석진직캠,3
정연,3
film,3
안해,3
나,3
달성,3
겜도리라이더게임,3
인기게임,3
겜도리나만,3
나만,3
seokjin,3
석진,3
171225jungkookfocusfancam,3
morethaneverjk,3
171225정국,3
라이더게임,3
마이크드랍,3
겜도리인기게임,3
171225micdropbts,3
운,3
trailer,3
100점,3
koreandrama,3
대석장,3
자몽티비,3
인기급상승뉴스,3
breakingnews,3
라인프렌즈스마트폰,3
휴대폰,3
라인키즈폰,3
trendingnews,3
라인폰,3
조회수4.989.283,3
#최순실국정농단,3
이혼이유,3
황민,3
#상암동,3
#언론조작,3
#태극기집회,3
김프로,3
이십끼형,3
맛녀,3
동훈,3
수학능력시험,3
#집회,3
실시간tv,3
hot,3
sub,3
kbsworld,3
kbsonair,3
겜도리목표,3
171225btsjungkook,3
alexa,3
viewed,3
#검찰,3
작약,3
prank,3
step,3
ドッキリ,3
dub,3
다이소,3
시원,3
jonghyeon,3
영어,3
쿠쿠크루,3
일본어,3
nigahiga,3
asia,3
popular,3
이재용여자관계와연예인,3
작약꽃,3
#son,3
#thuy,3
cuckoocrew,3
이케아,3
스포츠서울,3
shineejonghyun,3
irene,3
joy,3
seulgi,3
yeri,3
fun,3
현아,3
모바일게임라이더,3
most,3
목표,3
100점달성,3
겜도리인기,3
겜도리이쁨,3
겜도리안해,3
겜도리100점,3
겜도리나,3
라이더,3
겜도리100점달성,3
겜도리라이더,3
겜도리모바일게임라이더,3
겜도리달성,3
171225,3
171225jungkook,3
171225정국직캠,3
171225jungkookmicdrop,3
171225micdrop정국,3
171225bts,3
micdropjungkook,3
mtejk,3
171225jkfocus,3
fashion,3
171225jungkookfancam,3
smosh,3
현아뮤비,3
171225micdrop,3
성덕,3
고양이,3
btsonellen,3
한컷,3
오뎅,3
?限挑?第三季,3
??第12期,3
?限挑?第十二期,3
????限挑?,3
?挑第3季,3
??第3季,3
??ep.12,3
?限挑?完整版,3
gofighting!,3
추위,3
100개,3
어묵,3
한국아저씨,3
사쿠라이,3
嵐女?,3
ニノさん,3
mj長?,3
長?智也,3
松本,3
오오미야,3
tokio,3
아라시꽁트,3
菅田?暉,3
嵐韓?,3
?志祥?限挑?,3
?限挑?官方高?,3
jixiantiaozhan,3
?限挑?三,3
베이블레이드버스트랜덤박스,3
랜덤부스터,3
랜덤,3
랜덤팽이,3
godlayersystem,3
드라군스톰,3
random,3
랜덤부스터vol.8,3
쉘터레귤루스,3
예거이그드라실,3
갓레이어,3
베이블레이드버스트갓랜덤부스터vol.8,3
rarebay,3
갓레이어시스템,3
블레이즈라그나로크,3
베이블레이드버스트랜덤부스터,3
booster,3
킬러데스사이저,3
레어,3
알타크로노스,3
rare,3
?限挑?,3
ep12?限挑?,3
사쿠사토,3
스다마사키,3
아라시여장,3
꾹로켓북웨이브,3
문구,3
꾹tv비싼,3
꾹5만원,3
꾹tv웨이브,3
꾹비싼,3
비싼,3
불남,3
꾹tv화재,3
화재,3
꾹tv문구,3
꾹웨이브,3
꾹tv5만원,3
웨이브,3
꾹tv공책,3
꾹노트,3
꾹tv로켓북,3
5만원,3
꾹화재,3
로켓북,3
꾹불남,3
로켓북웨이브,3
꾹tv노트,3
한국아줌마,3
꾹불,3
꾹tv로켓북웨이브,3
mj,3
꾹문구,3
thuthuy,3
gi?ng?igi?ngait?p7full,3
giongaigiongaitap7full,3
thuth?ygi?ng?igi?ngai,3
thuth?y,3
gi?ng?igi?ngait?p7,3
giongaigiongaitap7,3
?nghoangphuc,3
unghoangphuc,3
?nghoangphucgi?ng?igi?ngai,3
다니엘,3
하이라이트,3
응답하라1988,3
mamamoo,3
일본예능,3
advertisement,3
horror,3
꾹tv불남,3
꾹로켓북,3
꾹공책,3
공책,3
노트,3
꾹tv불,3
팽이배틀,3
랜덤뽑기,3
쿼드케찰콰틀,3
양현석,3
leeseunggi,3
통째로먹방,3
통째먹방,3
2kg스테이크,3
돈스파이크먹방,3
거대,3
초거대,3
뜯어먹는스테이크,3
kpopmusic,3
smilewa,3
-wa-,3
smile,3
챌린저,3
브실골,3
복남이,3
게임잘하는여자,3
온라인게임,3
미션,3
과제,3
제작,3
와우엔터,3
쏘쭝커플,3
남녀행동보고서,3
믹스나인,3
김치찌개,3
쭝아,3
깨,3
동전쌓기,3
꾹tv동전,3
꾹tv영국,3
꾹tv동전쌓기,3
꾹tv페니,3
꾹tv묘기,3
꾹페니,3
꾹동전,3
jimmykimmel,3
concert,3
엘렌쇼,3
mariolopez,3
국회,3
공민지저격,3
공민지yg탈퇴,3
공민지양현석,3
공민지yg,3
공민지탈퇴,3
이홍렬사망x,3
이홍렬,3
한국요리,3
파,3
국물,3
믹스엑스믹스,3
조중우,3
드라이거슬래시,3
멍뭉이,3
윙깅,3
?雪?限挑?,3
?渤?限挑?,3
王迅?限挑?,3
??第三季,3
20171117?限挑?,3
gofighting3,3
?挑第三季,3
?限挑?ep12,3
?????雷,3
?磊?限挑?,3
?限挑?20171117,3
第12期?限挑?,3
?限挑?第12期,3
?限挑?第3季,3
gofighting,3
gofightings3,3
?挑第12期,3
?限挑?第3季第12期,3
?挑ep.12,3
?限挑?第12期完整版,3
??20171117,3
?挑20171117,3
꾸꾸까까,3
팝핀,3
와우,3
걸리버,3
의상,3
남여행동보고서,3
커플룩,3
수느넌니,3
쏘야,3
커플실험,3
소중커플,3
데이트룩,3
옷,3
쏘야쭝아,3
와우엔터테인먼트,3
남행보,3
신소현,3
쏘쭝,3
mixxmix,3
순이언니,3
에너제틱,3
내마음속의저장,3
애깅,3
워너원엄마,3
황갈량,3
소두,3
고음장인,3
한국할머니,3
새우튀김,3
꾹묘기,3
신아영,3
꾹어플,3
꾹tv패러디,3
꾹tvsnow,3
꾹tv급식체,3
꾹앱,3
snow,3
꾹tv앱,3
앱,3
꾹tv인터뷰,3
김준형병신,3
소사이어티,3
퍼펙트센스,3
순대,3
장동민신아영,3
신아영노출,3
꾹tv카메라,3
꾹충격,3
thachth?cdanhhait?p1,3
thachthucdanhhaitap1,3
어플,3
꾹스노우,3
꾹인터뷰,3
꾹tv앵커,3
꾹tv재난,3
꾹앵커,3
꾹재난,3
충격,3
꾹tv충격,3
btsmicdroplyric,3
micdropreaction,3
btsmicdropremixremix,3
장동민케미,3
btsmicdropdesiigner,3
btssteveaoki,3
firstreactiontokpop,3
btssteveaokiremix,3
btsmicdrop,3
btsmicdropdesigner,3
rapmoster,3
bestmicdropremix,3
micdropremixreaction,3
btssteveaokimicdropreaction,3
꾹tv상황극,3
꾹tv어플,3
꾹tv외계인,3
꾹외계인,3
꾹tv수능,3
꾹패러디,3
꾹뉴스,3
꾹tv뉴스,3
꾹사건,3
꾹snow,3
앵커,3
스노우앱,3
라이브엔,3
williamsingereaction,3
dadanddaughtersreactionstobtsmicdropftsteveaoki,3
mic,3
steve,3
daughterreacts,3
daughtersanddadreactionchannel,3
dadanddaughtersreactionstobts,3
mattymatt,3
daughtersreactions,3
drop,3
dadanddaughtersreactionstobtsmicdrop,3
dadanddaughtersreactionstobts(방탄소년단)'micdrop(steveaokiremix)'officialmv,3
produce101,3
프로듀스101,3
임프레드,3
리플에스,3
워너원go,3
취준생,3
진아마태,3
취업,3
맨즈팩토리,3
석준,3
imp,3
썰전e246,3
라이브en,3
꾹상황극,3
liveen,3
꾹tv스노우앱,3
꾹카메라,3
꾹스노우앱,3
재난,3
스노우,3
꾹수능,3
꾹tv스노우,3
꾹tv사건,3
청룡영화제,3
남우조연상,3
진선규,3
이홍기,3
breakdown,3
fan,3
blackguyreacts,3
vv,3
thanksgiving,3
brisxlife,3
빅히트,3
bts|micdrop|steveaokiremix'officialmv|blackguyreaction!!!,3
좋아하는남자집,3
눈치,3
사각관계,3
btsmicdropjapanese,3
bestmicdropreaction,3
firstreactiontobts,3
wbc,3
저녁식사,3
프리미어리그,3
나노리스트,3
듣는,3
#복면가왕,3
불면증치료,3
#마인크래프트,3
월드,3
부활남,3
백색소음,3
해외축구,3
탄액,3
#카카오톡,3
엽기,3
미국대통령경호장면,3
인기연예인,3
유미의,3
잠,3
러시아대통령경호,3
대한민국대통령경호,3
비소리,3
애니,3
#네이버웹툰,3
내,3
경호,3
고시원,3
불면증치료수면유도,3
#유튜브,3
#피파온라인3,3
#드래곤,3
파파라치,3
#영화,3
여탕보고서,3
heronews,3
hero,3
빌리지m,3
중국주석경호장면,3
보험사기,3
세포들,3
#페이스북,3
배구,3
대박영상,3
영웅tv,3
귀각시,3
농구,3
베이스볼,3
#트위터,3
#노트8,3
id는,3
메이저리그,3
잠잘때,3
잘오는,3
btsmicdropremixsteveaoki,3
집나가면개고생,3
수면부족,3
여행숙소,3
잠부족,3
텐트,3
공항노숙자,3
범pd,3
외박,3
공항노숙,3
캠핑장,3
범피디,3
잠자리,3
호랑이형님,3
찜질방,3
주식,3
#아이폰8,3
신고,3
ogn,3
소사이어티게임,3
야외취침,3
캠핑,3
btsmicdropreaction,3
beatsandbrews,3
sirtrevion,3
잠자리복불복,3
야외취침레전드,3
y?nnhigi?ng?igi?ngai,3
노숙체험,3
tr?nhth?ngbinhgi?ng?igi?ngai,3
gi?ng?igi?ngait?p8,3
클래식,3
대가리,3
아프리카티비,3
포켓몬고,3
고시텔,3
금수저,3
강남미인,3
웹소설,3
빗소리,3
포상금,3
공복의,3
#인스타그램,3
#갤럭시8,3
tr?nhth?ngbinh,3
yennhi,3
trinhthangbinhgiongaigiongai,3
trinhthangbinh,3
y?nnhi,3
yennhigiongaigiongai,3
giongaigiongaitap8full,3
gi?ng?igi?ngait?p8full,3
달인,3
마태진아,3
리조또,3
송지아,3
송종국바람,3
24시간뉴스,3
송종국아들,3
주헌,3
송종국축구,3
송종국,3
송지욱,3
highlight,3
이채널,3
토마토,3
엔칠라다,3
리소토,3
송종국여자,3
송종국지아,3
ongseongwu,3
에그인헬,3
꽃보다청춘,3
송종국아빠어디가,3
#대한애국당당원,3
#대한애국당자유한국당,3
황교익,3
infinite,3
위너,3
신서유기외전강식당,3
꽃청춘위너,3
송종국이혼,3
박잎선,3
송종국부인,3
복면가왕,3
눈물,3
video,3
간호사,3
한림대,3
sauanhhaoquang,3
장기자랑,3
설레는영상,3
김원희,3
커플영상,3
s.scouple,3
커플데이트코스,3
커플데이트장소,3
비글남친,3
커플데이트,3
달달한영상,3
놀러갈만한곳,3
커플데이트영상,3
데이트코스추천,3
난쟁이성현여자친구,3
비글커플,3
비글여친,3
coupledate,3
비글커플데이트,3
이성현여자친구,3
커플놀만한곳,3
커플놀러갈만한곳,3
손혁찬,3
임신과,3
성심병원,3
코미디,3
송종국딸,3
masterkey,3
학생,3
미주,3
fallin,3
수정,3
더스타,3
예인,3
베이비소울,3
thestar,3
지수,3
지애,3
폴링,3
꾹마술,3
wannaonebeautiful,3
워너원뷰티풀,3
공포,3
꾹달인,3
꾹동전쌓기,3
묘기,3
기안84,3
monstax,3
몬스타엑스,3
showcase,3
워너블,3
produce101season2,3
페니,3
꾹매직,3
꾹영국,3
꾹tv매직,3
나이,3
꾹tv달인,3
미나,3
꾹tv마술,3
서현진,3
모자,2
boyhood,2
보이후드,2
보이후드비하인드,2
1인1닭,2
치킨깨끗하게,2
치킨먹방,2
최소1주일이상,2
화유기결방,2
식초냉면,2
막국수,2
냉면,2
세얼간이,2
여름석준,2
얼짱소녀,2
김종면,2
노잼,2
벼락,2
tu?nkh??ng,2
cas?gi?um?t,2
trang?c,2
viyeumadentap16,2
석준이가해,2
민욱,2
데프콘,2
리플미나,2
노잼일기장,2
impred,2
caraph??ng,2
마태,2
마태pd,2
vymdtap16,2
kangdanielbeautiful,2
어린이채널,2
다빈,2
김수영,2
벼락문방구,2
이재형,2
오경수,2
어린이드라마,2
아역,2
샤프펜슬,2
태권도,2
한열,2
한현민,2
망토,2
투니버스,2
독심술,2
초등학생,2
신발,2
앤씨아,2
샤프,2
청진기,2
비눗방울,2
한별,2
문방구,2
돋보기,2
치킨bbq,2
정인서,2
무술,2
탐정,2
홍태의,2
줄넘기,2
요요,2
김승찬,2
문구점주인,2
우등생,2
김기천,2
승찬,2
조윤호,2
태의노정의,2
나혼자산다,2
벼락맞은문방구,2
치킨보겸,2
피카츄,2
보이즈빌리지고니,2
재수생,2
양궁선수,2
개미애국방송,2
아메리칸뮤직어워드24시간,2
썸남,2
번호,2
니전화번호,2
키스신,2
연애고자,2
데스크,2
72초데스크,2
재수,2
오구실,2
설레는,2
썸녀,2
황해,2
커플이색데이트,2
위성락,2
minhyuk,2
nomercy,2
monsterx,2
네게만집착해,2
몬스타엑스파이터,2
아름다워,2
노머시,2
shownu,2
몬스타엑스걸어,2
아이엠,2
몬스타엑스히어로,2
형원,2
몬스터엑스,2
이색데이트코스,2
커플이색데이트코스,2
콩pd,2
커플이색데이트추천,2
ngoki?nhuygi?ng?igi?ngai,2
khongtuquynh,2
ngoki?nhuy,2
ngokienhuy,2
giongaigiongaitap11,2
kh?ngtuqu?nh,2
gi?ng?igi?ngait?p11full,2
윰댕먹방,2
윰꽃먹방,2
시간제한,2
5분먹방,2
꽃빈먹방,2
양궁카페,2
셔누,2
이색데이트추천,2
이색데이트장소,2
monstaxallin,2
데이트추천,2
커플양궁내기,2
양궁장,2
이색데이트,2
커플스포츠,2
커플익스트림,2
커플양궁카페,2
밥값내기,2
양궁한판!,2
밥값은니가내!,2
양궁내기,2
이색카페,2
커플양궁장,2
wonho,2
민혁,2
monstaxhero,2
토론,2
?谷すばる,2
大倉忠義,2
ジャニ?ズ事務所,2
ジャニ?ズ,2
그리워하다,2
무대대기,2
stagewaiting,2
wanna-one,2
baejinyoung,2
노예,2
고유미,2
지우,2
포켓몬스터,2
기천,2
논란,2
im,2
대신토론,2
치킨날개,2
치킨1인1닭,2
치킨뼈,2
치킨빨리먹기,2
치킨레전드,2
치킨먹기,2
치킨닭다리,2
치킨밴쯔,2
콩피디,2
bbq써프라이드,2
치킨뼈발굴,2
대결,2
치킨리뷰,2
kanjani8,2
錦?亮,2
?ジャニ∞,2
あらし,2
monstarx,2
몬스타엑스신속히,2
기현,2
몬스타엑스fighter,2
몬스타엑스아름다워,2
starship,2
씨스타,2
몬스타엑스샤인포에버,2
엑스마스,2
sistar,2
드라마라마,2
샤인포에버,2
hotnews,2
트와이스heartshaker,2
인터넷방송,2
네티즌,2
에프터파티,2
호텔,2
村上信五,2
donaldtrump,2
talkshow,2
?山裕,2
lastweektonighttrumppresidency,2
安田章大,2
johnny’s아라시,2
johnolivertrump,2
kanjani,2
丸山隆平,2
lastweektonightdonaldtrump,2
양한열,2
6인조,2
썬더키티,2
범인검거,2
범인,2
통장만들기,2
top10,2
통장,2
1000만원으로1억만들기,2
사기교환복수,2
사기꾼,2
공대생섭이,2
#트럼프문재인,2
top10게임,2
공대생투보,2
#문재인야동,2
#문재인김정은,2
#변희재시사폭격,2
사기꾼락,2
1000만원,2
#문재인북한,2
6000만원짜리,2
1000만원컴퓨터,2
6000만원차,2
사기교환,2
1000만원쇼핑,2
범인체포,2
사기맵,2
사기꾼역관광,2
사기교환후기,2
1000만원자전거,2
통장쪼개기,2
사기꾼검거,2
통장관리,2
성예분,2
radio,2
삼성1호-허베이스피릿호원유유출사고,2
태안자원봉사자,2
game,2
립스틱,2
make-up,2
섀도우,2
틴트,2
태안기름유출사고10년후,2
심즈,2
향수,2
costume,2
남모여심,2
foodporn,2
말공이,2
#북ㅁ한,2
reactionvideo,2
페이스북저격수,2
학교폭력예방,2
koreanvideo,2
병맛동영상,2
여자들은모르는남자들의심리,2
koreanyoutuber,2
여모남심,2
koreanpeople,2
학교폭력,2
페북성예분,2
코믹동영상,2
인간띠,2
6000만원대출,2
#김정은문재인,2
#김정은,2
센세tv,2
짧아서못올렸던영상,2
썸남썸녀,2
도박치료,2
도박문제관리센터,2
중독치료,2
달팽이,2
쓰레기,2
김생민사업실패,2
김생민,2
김생민의영수증,2
김생민의영수증6회,2
꼬만,2
그레잇,2
내년,2
#미국문재인,2
신년,2
일출,2
innisfree,2
홀리데이,2
이니스프리,2
그린크리스마스,2
greenchristmas,2
칵테일바,2
봉천,2
버머스,2
바카디,2
1년,2
작년,2
틱톡모음,2
공대생01커플,2
틱톡,2
짧아서,2
#김정은문재ㅣㅈ,2
#문재인대통령,2
프슈,2
학교폭력예방컨텐츠,2
베이블레이드가방만들기,2
레어팽이보관함,2
베이블레이드만들기놀이,2
코스튬의상,2
beybladebag,2
개그동영상,2
가방만들기,2
강산코스튬,2
강산코스프레,2
베이블레이드보관함,2
베이블레이드가방,2
강산,2
경기장보관함,2
코스튬,2
팽이보관함,2
런처보관함,2
베이블레이드스타디움,2
맛있게먹는법,2
맛있게,2
바인모음,2
콰이모음,2
콰이,2
바인,2
cosmetics,2
학교폭력예방영상컨텐츠,2
과학자,2
사랑의온도,2
받아쓰기노래,2
공대생트와이스,2
heartshakermp3,2
채소영,2
트와이스가사들리는대로,2
가사맞추기공대생,2
트와이스시그널,2
heartshaker들리는대로,2
트와이스가사논란,2
피오,2
김재욱,2
차인하,2
심희섭,2
조보아,2
노래받아쓰기공대생,2
양세종,2
#변희재의시사폭격,2
#대한애국당내홍,2
#대한애국당변희재최고위원,2
#대한애국당허평환,2
동화면세점,2
시청,2
가사맞추기,2
트와이스가사맞추기,2
트와이스가사tt,2
heartshakerteaser,2
공대생트와이스받아쓰기,2
가사맞추기트와이스,2
노래받아쓰기,2
동아리,2
태안원유유출,2
공포라디오,2
수영선수,2
번개탐정단,2
아역배우,2
예빈,2
전교1등,2
야외활동반,2
초딩,2
정지민,2
정다빈,2
2017mbc방송연예대상,2
시사토론,2
투명인간,2
무서운,2
복습,2
tooniverse,2
새해,2
스파르타,2
체육관장,2
엔터테인먼트,2
이강민,2
하명희,2
판타지드라마,2
kh?ngtuqu?nhgi?ng?igi?ngaigi?ng?igi?ngait?p11,2
인서,2
박소영,2
강예빈,2
강한별,2
채널,2
의혹,2
전자발찌,2
오후,2
v?catt??ng,2
asia'sgottalent,2
thesacredrianawinner2017,2
thesacredrianaresultsshow2017,2
asiasgottalentresultsshow2017,2
asia'sgottalent2017,2
asia'sgottalentaudition,2
asiasgottalent2017winner,2
asia'sgottalentseason22017,2
페이스북저격,2
페북저격,2
페북저격수,2
reactto,2
reacttovideo,2
vucattuong,2
징역,2
gi?ng?igi?ngait?p13,2
v?catt??nggi?ng?igi?ngai,2
giongaigiongaitap13full,2
giongaigiongaitap13,2
gi?ng?igi?ngait?p13full,2
hoailamgi?ng?igi?ngai,2
김수미,2
승승장구,2
꽃으로도때리지말라,2
봉사활동,2
김혜자,2
홍백가합전,2
기름띠,2
hoailam,2
asia'sgottalentseason2,2
asia'sgottalents2,2
침묵을깬용기,2
감옥,2
긴급,2
아메리칸뮤직어워즈,2
회견,2
빌보드,2
그룹,2
일본반응,2
생리증후군,2
생리통,2
호르몬,2
신논현,2
기적의논리,2
김스,2
허인창,2
쟈니즈,2
aibamasaki,2
킨키,2
ohnosatoshi,2
kinkikids,2
3시,2
복면가왕윤유선남편이성호판사,2
뇌과학,2
연쇄살인,2
살인마,2
이름,2
name,2
한국유튜버,2
giongaigiongaitap11full,2
겟레디윗미,2
박선영,2
랜덤박스,2
꾹카카오톡,2
꾹랜덤박스,2
꾹tv어피치,2
개봉,2
꾹럭키박스,2
꾹tv선물,2
꾹tv콘,2
제이지,2
프렌즈,2
꾹tv카카오,2
꾹tv택배,2
꾹튜브,2
라이언,2
강성진,2
꾹tv프렌즈,2
채리나,2
콩불,2
불고기,2
우삼겹숙주볶음,2
우삼겹,2
규동,2
우삼겹배추찜,2
롤링볼,2
tree,2
트리,2
christmas,2
별거가별거냐2,2
닥파파,2
무지,2
꾹tv뽑기,2
박용근,2
꾹tv랜덤박스,2
택배,2
thachth?cdanhhait?p5,2
thachthucdanhhaitap5,2
thachthucdanhhaitap5full,2
thachth?cdanhhait?p5full,2
운전면허,2
물건,2
korea3every,2
종현타투,2
명복을빕니다,2
꾹선물,2
꾹콘,2
꾹tv라이언,2
꾹무지,2
꾹개봉,2
박스,2
어피치,2
꾹뽑기,2
꾹박스,2
꾹카카오,2
꾹프렌즈,2
꾹tv제이지,2
꾹택배,2
꾹라이언,2
튜브,2
꾹tv카카오톡,2
꾹제이지,2
꾹tv튜브,2
song,2
#김기수,2
본격,2
shineejonghyunmeninggal,2
gianghongngoc,2
giongaigiongaitap12,2
?ngđ?iv?gi?ng?igi?ngaigi?ng?igi?ngait?p12,2
gi?ng?igi?ngait?p12full,2
giongaigiongaitap12full,2
金鐘鉉,2
슬픈음악,2
슬픈,2
샤이니인터뷰,2
종현인터뷰,2
슬픈영상,2
샤이니영상,2
videoberita,2
boybandkorea,2
?ngđ?iv?,2
beritaduka,2
jonghyunmeninggal,2
jonghyundead,2
recap,2
personilshineemeninggal,2
penghormatanterakhirjonghyunshinee,2
artiskorea,2
jonghyunshineemeninggal,2
jonghyunsuicide,2
jonghyunshinee,2
jonghyuntaeyeon,2
musik,2
kimjongyunmeninggal,2
giangh?ngng?cgi?ng?igi?ngai,2
giangh?ngng?c,2
#유영하,2
다이아버튼,2
#손석희구속,2
남성진,2
김지영,2
이현영,2
이현영다이어트,2
별거가별거냐이현영,2
sauanhhaoquang2017,2
신세경,2
redvelvetupdates,2
신비한,2
smtown,2
ailen,2
화성소년,2
redvelvetnews,2
ungdaive,2
몰래,2
진품명품,2
실버버튼,2
자낳괴,2
보석,2
억,2
팔면,2
만,2
얼마,2
만원,2
천,2
가보,2
골드버튼,2
꾹tv개봉,2
꾹어피치,2
카카오,2
아이폰8,2
#대한애국당카페,2
#정미홍최고위원,2
#정미홍kbs,2
#대한애국당당사,2
#허평환,2
#변희재대한애국당,2
#변희재대표,2
#조원진허평환,2
#대한애국당태극기집회,2
#애국당,2
#변희재의청춘투쟁,2
#정미홍사무총장,2
애니티콘,2
iphoneanimal,2
대한민국,2
iphone8,2
아이폰8x,2
kookie,2
iphonedog,2
아이폰사진,2
아이폰동영상,2
최신핸드폰,2
애니모티콘,2
비싼핸드폰,2
jbjfull,2
밋앤그릿full,2
meet&greetjbjfull,2
소녀시대몸매,2
문재인연설,2
국빈,2
꾹tv박스,2
참모총장,2
wannaoneisbeautiful,2
강다니엘뷰티풀,2
오해,2
미팅,2
전선욱,2
형여친,2
예정화,2
커피,2
맥심,2
고현정,2
아이폰디자인,2
iphone8x,2
아이폰엑스,2
핵잠수함,2
해군,2
국빈방문,2
안종범,2
압수,2
이니,2
입진보,2
일침,2
보유국,2
연설,2
잠수함,2
황기철,2
도날드,2
방문,2
대한민국은민주공화국이다,2
써니몸매,2
써니필라테스,2
인피니트,2
백지영,2
피젯스피너,2
찾아가는이벤트,2
찾아가는,2
개인교습,2
당첨,2
에어스피너,2
나눔이벤트,2
금연,2
100일,2
아베,2
샤이니종현영상,2
썰전e250,2
엠버,2
정채연,2
지만원,2
고아라,2
선미,2
광수,2
김일성,2
5.18폭동,2
핵전쟁,2
썰전e245,2
시국진단,2
김정일,2
김정은,2
꾹tv럭키박스,2
럭키박스,2
꾹tv무지,2
나눔,2
샤이니종현부모님아빠엄마비화더욱슬프다,2
??20,2
중견배우,2
전두환,2
황재근집,2
예원,2
소녀시대필라테스,2
아이돌예능,2
jbj,2
엠웨이브,2
밋앤그릿jbjfull,2
엠웨이브밋앤그릿,2
밋앤그릿jbj,2
밋앤그릿,2
김영삼,2
밋앤그릿다시보기,2
meet&greet,2
meet&greetjbj,2
mwave,2
밋앤그릿풀,2
김양래,2
장진성,2
500만야전군,2
??ep20,2
안타까운,2
들려온다,2
말기,2
??第20集,2
소식이,2
폐암,2
visualtv,2
pesanterakhirjonghyunshinee,2
beritaentertainment,2
클럽춤,2
가시나춤추기,2
리얼후기,2
춤실력,2
섹시댄스,2
샌드박스,2
elal,2
탈색,2
후기,2
피카부춤배우기,2
응가댄스,2
숨겨진춤실력,2
레드벨벳피카부,2
피카부춤거울모드,2
내딸의남자들지원,2
시우민,2
훈제통삼겹,2
30시간굶고먹방,2
리얼사운드떵개,2
통연어,2
훈제통삼겹살,2
30시간굶고치킨,2
훈제통삼겹살만들기,2
24시간굶고보겸,2
24시간굶고,2
통삼겹살,2
24시간굶고치킨,2
24시간굶고자메이카,2
공대생먹방,2
염색,2
응가춤,2
electronicscooter,2
아이폰텐,2
포마전동킥보드,2
hk킥보드,2
아이폰x리뷰,2
포마샵,2
electrokickboard,2
미니모터스,2
iphoneten,2
poma,2
전기킥보드,2
유로휠,2
electroscooter,2
전동킥보드리뷰,2
전동,2
전동킥보드,2
쇼핑,2
pocketmagazine,2
iphone,2
런디스,2
세계지도,2
소니삼성,2
가시나거울모드,2
레드벨벳춤,2
가시나춤,2
가시나춤배우기,2
띠미,2
몬스타엑스레이,2
피카부거울모드,2
엉뚱,2
통삼겹먹방,2
30시간굶고,2
리얼사운드먹방,2
팬싸인회,2
winter,2
소근커플데이트,2
재미도없더라,2
홀튜디오,2
스튜디오,2
nothingwithoutyou,2
홀리메이크업,2
어딕션,2
랑콤,2
겟레디윗홀리,2
beautiful,2
몬스타엑스어린이집,2
뷰티풀,2
포인트안무,2
24시간굶고먹방,2
fansign,2
로드,2
카라데,2
씨즐,2
아라시먹방,2
monstaxshineforever,2
mj菅田,2
thisismj,2
아라시한국,2
松潤天然,2
나가세토모야,2
일본아이돌,2
한밤,2
캐롤,2
맛도없더라,2
snowboarding,2
ㅋㅋ,2
통삼겹살오븐,2
통연어먹방,2
통삼겹베이컨,2
통삼겹,2
30시간굶고라면,2
24시간굶고엽떡,2
리얼사운드떵순,2
중학생이된사쿠라이쇼(櫻井翔)~??재밌는일본광고(자막포함),2
아라시cm,2
japancm,2
사쿠라이쇼광고,2
해외광고,2
사쿠라이쇼cm,2
cf,2
japancf,2
한글자막포함,2
일본광고,2
cm,2
자막포함,2
자막,2
아라시광고,2
japanad,2
출연:사쿠라이쇼(櫻井翔)제품:進?ゼミ中?講座,2
사쿠라이쇼(櫻井翔),2
ad,2
재미도없드라,2
맛도없드라,2
포켓매거진전동킥보드,2
아이폰리뷰,2
영화모음,2
awkwafina,2
휴지없애기,2
바보만들기,2
크리넥스,2
휴지,2
티슈,2
주름,2
외모,2
안티에이징,2
노화,2
helenabonhamcarter,2
ocean's8,2
heist,2
jungyeon,2
민현,2
hilight,2
뉴스큐브,2
171223,2
newscube,2
한경선,2
전조증상으로,2
nct127,2
뇌경색,2
화유기2화,2
몬스타x,2
몬스타엑스hero,2
몬스타엑스드라마라마,2
trespass,2
몬스타x-mas,2
루머,2
오렌지큐라소,2
포켓매거진,2
소름주의,2
체코,2
fmv,2
모르는이야기,2
세계에서가장,2
대박소름,2
팬뮤비,2
소름돋는,2
라이즌,2
순위,2
ranking,2
맥시코,2
조진웅,2
영화패러디,2
뮤비,2
sarahpaulson,2
cateblanchett,2
villageroadshowpictures,2
rihanna,2
ocean's8movie,2
mindykaling,2
sandrabullock,2
movies,2
june2018,2
annehathaway,2
summer2018,2
action,2
crime,2
garyross,2
하서운워너원고,2
hyungwon,2
몬스타엑스마스,2
얼짱시대,2
시골총각,2
피팅모델차유진,2
피팅모델송진주,2
피팅모델되는법,2
피팅모델,2
피팅모델여자,2
인터넷쇼핑팁,2
피팅모델실물,2
피팅모델촬영현장,2
피팅모델임미예,2
포토샵터치,2
인터넷쇼핑,2
피팅모델송준혁,2
피팅모델김참,2
monstaxray,2
피팅모델알바,2
피팅모델포즈,2
모델키,2
악플읽기,2
뷰티유투버,2
악플,2
포토샵보정,2
피팅모델남자,2
인터넷쇼핑몰,2
모델몸무게,2
피팅모델촬영,2
얼짱박재현,2
포마,2
주정뱅이,2
조선동화실록,2
민속촌작명가,2
길거리퍼포먼스,2
monstaxbeautiful,2
아라시한국어,2
스타쉽,2
원호,2
monstaxrush,2
몬스타엑스무단침입,2
kihyun,2
monstaxmas,2
매운,2
dramarama,2
수다방,2
수액님,2
마츠모토,2
대도서관수다방,2
엉클대도,2
편집자,2
큐피트,2
대도서관고전,2
수액,2
첫계기,2
첫만남,2
jooheon,2
closinggreetings,2
엔딩무대,2
끝인사,2
랩몬,2
이방,2
warnerbros,2
davidletterman,2
해물믹스,2
남매,2
이우희,2
최순실특검,2
양재식공소유지,2
기자시대,2
양재식,2
양재식이재용,2
특검공소유지,2
신체절단,2
흉가,2
dvd,2
굴,2
spel,2
rootmagic,2
in-ae,2
koreanmagician,2
렉쳐,2
cutting,2
sean,2
lecturedvd,2
r.o.m,2
cool,2
양재식특검보,2
최순실국정농단,2
최순실게이트,2
숙주,2
newingrosso,2
dreamer,2
axwellingrossonewtrack,2
lyricvideo,2
서한결,2
육개장칼국수,2
육개장,2
양지,2
고사리,2
steveaokiremixmicdrop,2
양재식특검,2
smink,2
starstable,2
honor,2
subscribe,2
scare,2
양재식변호사,2
미디어워치기자,2
박영수특검,2
이우희기자,2
현실남매,2
남매싸움,2
root,2
개싸움,2
marketing,2
vongailacas?,2
giongaigiongaitap,2
gaga,2
gagatap8,2
vonglipsync,2
htvgiongai,2
mua2,2
htvgaga,2
gagatap,2
vongt?ohinh,2
giongai,2
굴진짬뽕,2
spiderman,2
suit,2
자석,2
맨홀,2
lifthammer,2
marble,2
자석망치,2
망치,2
유니클로,2
마케팅,2
남궁민,2
jumpscare,2
남동생,2
누나,2
루트,2
skrack,2
reactionvideoonbtsmicdrop,2
gaming,2
angelica,2
고퀄리티,2
mino,2
luncher,2
광고홍보,2
coinmagic,2
tecnic,2
bodyslam,2
vlogg,2
dotter,2
horlurar,2
jump,2
angelsmile11,2
minecraft,2
axwellingrossolyricvideo,2
연플리시즌2,2
axwellingrossodreamerl,2
axwellingrossodreamerlyricvideo,2
시리사랑해,2
빅스비오류,2
cre.kerentertainment,2
크래커,2
시리질문,2
theboyz,2
헬기로,2
비행기를,2
활주로착륙해,2
너헬기아니였어?,2
[실제교신]비행기를헬기로착각한관제사,2
착각한,2
빅스비대화,2
cre.ker,2
이지연,2
문자내용,2
무도,2
빅스비랩,2
시리대빅스비,2
creker,2
더보이즈,2
정화,2
하니,2
안희연,2
동영배,2
closeupmagic,2
magicroot,2
amanda,2
impactmagic,2
pact,2
매직컨트롤,2
magicdvd,2
절단마술릴레이,2
절단마술,2
피즘,2
연어,2
폰후기,2
갤럭시s8,2
빅스비찾아줘,2
beybladeburstgod,2
싸게,2
구매,2
신제품,2
파는곳,2
exid,2
빅스비받아적어,2
빅스비놀기,2
혜린,2
??ep58,2
koreanmagic,2
graysquare,2
haoquang,2
sahq,2
??58,2
전범석,2
rootofmagic,2
사람자르기,2
charmingchoi,2
??第58集,2
빅스비시리랩,2
axwell,2
소주연,2
axwellingrossodreamerlyrics,2
lyric,2
\ingrosso-dreamer,2
newaxwell,2
lyrics,2
ingrosso,2
axwellingrossolyrics,2
시리,2
인공지능대화,2
최초,2
빅스비활용법,2
보이그룹,2
1위,2
빅스비시리비교,2
시리전화,2
폰리뷰,2
시리대화,2
빅스비시리대결,2
인공지능,2
남자리뷰,2
빅스비,2
시리갤럭시,2
빅스비음성,2
시리빅스비,2
애플,2
빅스비대시리,2
시리vs빅스비,2
빅스비사용법,2
빅스비시리,2
빅스비vs시리,2
빅스비시리대화,2
토르망치,2
ironmanasuit,2
슈트,2
thachth?cdanhhait?p2fullhtv,2
프리랜서,2
안재억의재밌는인생,2
유튜버시작,2
??54,2
??第54集,2
??ep54,2
프리랜서직업,2
영주,2
유튜버나도,2
관종,2
mygoldenlifeparkshihoo,2
mygoldenlifeepisode29,2
mygoldenlifeep29preview,2
mygoldenlifeep29,2
shinhyesun,2
황금빛내인생29,2
areli777,2
mygoldenlifeepisode29preview,2
parkshihoo,2
mygoldenlifeshinhyesun,2
심리,2
선여정,2
유투버,2
윤계상,2
highright,2
171125축하공연,2
171125,2
데이브레이브,2
jinyoung,2
sungwoon,2
btsjungkook,2
variety,2
band,2
핫뉴스,2
gongyoo,2
朴寶劍,2
캐미,2
아이돌여행,2
woojin,2
소식,2
seongwoo,2
krush,2
이동휘,2
이동욱,2
출발비디오여행,2
직업소개,2
공감능력,2
dj,2
김c,2
유튜버되기,2
선여정지환,2
유튜버수입,2
유튜브수익,2
유튜버광고,2
김무비,2
seeyouagain,2
btstour,2
micdroplyrics,2
mc몽,2
부리부리방범대,2
초코파이먹는isco,2
1박2일시즌1레전드,2
이수근레전드,2
사시미,2
엘리,2
le,2
연어초밥,2
솔지,2
스브스뉴스,2
엄마가잠든후에,2
조섭,2
민속촌장사꾼,2
액션,2
찹쌀떡,2
부채장수,2
내기도깨비,2
엄잠후,2
유튜버되는법,2
유튜버오프닝,2
올어바웃,2
allabout,2
정지환,2
로멘틱코메디,2
사무실,2
스탑환,2
유튜버수익,2
연포차,2
출퇴근,2
여정을떠난여정,2
카더가든,2
유튜버,2
술집싸움,2
헌팅,2
thachthucdanhhaitap2,2
171125청룡,2
마그넷,2
thachth?cdanhhait?p2,2
fism,2
mentalmagic,2
질투의화신,2
#jtbc변희재,2
질투는나의힘,2
replay1988,2
조재윤,2
안재홍,2
gongyu,2
접속무비월드,2
theoutlaws,2
柳俊烈,2
parkbo-gum,2
케미,2
leedongwook,2
찌질함,2
질투,2
춥다,2
복학,2
인스타그램,2
chemistry,2
마술동영상,2
채인애,2
마술영상,2
illusion,2
토르망치들기,2
spider,2
manhole,2
liftingthorhammer,2
hammer,2
토르망치자석,2
스파이더맨,2
토르,2
magnetthorhammer,2
thorhammer,2
illusionmagic,2
ironman,2
악당,2
맨홀뚜껑,2
자석토르망치,2
howtomakemagnet,2
어벤져스,2
thor,2
magnet,2
benson,2
응팔,2
최귀화,2
공유,2
李惠利,2
버라이어티,2
k-rush,2
연예인여행,2
guanlin,2
류준열,2
parkbogum,2
magazine,2
introduction,2
영화가좋다,2
김고은,2
접속무비,2
sword,2
weekly,2
걸스데이,2
daehwi,2
actor,2
dokebi,2
171125청룡영화제,2
청룡영화제축하공연,2
thachthucdanhhaitap2fullhtv,2
sports,2
seouldiscovery,2
comicscene,2
캠퍼스커플,2
girl'sday,2
이혜리,2
박보검,2
tvshow,2
jihoon,2
웃김,2
연애하는법,2
찌질,2
한국남자,2
스타가말하는스타,2
ryujunyeol,2
스말스,2
박수,2
휴몬,2
연예인서울여행,2
애니모지,2
animoji,2
ryujun-yeol,2
jaehwan,2
jisung,2
fism2018,2
빅스비전화,2
rom,2
#조원진정미홍,2
j-pop,2
unboxing,2
fanboy,2
beybladegodbattleset,2
btsfan,2
#김한수,2
#태블릿pc의진실,2
변신,2
디지털소드런처,2
#변희재음해,2
후너스,2
#조원진변희재,2
버스트베이스태디움,2
burstbeystadiu,2
exofan,2
varietyshow,2
전짝시,2
blastjinnius,2
sana,2
스트라이크갓발키리,2
지크엑스칼리버,2
beybladeburst,2
캄보디아,2
앙코르와트,2
2017마마워너원에너제틱,2
2017마마워너원,2
2017mamawannaone,2
안선영,2
yellow,2
전지적짝사랑시점,2
#손석희의저주북콘서트,2
#신혜식셋째부인,2
#신의한수,2
#황경구,2
네네,2
j-rock,2
spinbeystadiumdxset,2
k-popmemes,2
3on3battleboosterset,2
사는곳,2
사업실패,2
딸,2
국민엄마,2
남편과,2
김해숙,2
강적들211,2
강적들,2
강적들211회20171129,2
자메이카,2
bbq,2
랜덤부스터7,2
크래커엔터테인먼트,2
bhc,2
브랜드,2
완구,2
viyeumadentap12,2
vymdtap12,2
siegxcaliber,2
3on3배틀부스터세트,2
vixxfan,2
베이블레이드갓배틀세트,2
astrofan,2
창고,2
블라스트지니어스,2
메탈갓칩,2
72ch,2
#jtbc집회,2
변희재,2
오피스물,2
거북이,2
오승우,2
달콤한,2
선임,2
야외,2
대학교,2
event,2
나무늘보,2
토코투칸,2
사막여우,2
2017마마,2
직장드라마,2
미생,2
직딩,2
홍상수,2
하남주렁주렁,2
btsv,2
스마트,2
스마트교복,2
스마트학생복,2
태구드라마,2
2107마마,2
mama2017,2
베트남,2
민규,2
lateshow,2
skits,2
bit,2
letterman,2
thelateshow,2
아이와갈곳,2
대왕,2
#jtbc손석희앵커,2
community,2
바나나액츄얼리,2
달콤한인생,2
캠퍼스,2
태블릿pc,2
카피바라,2
애니멀,2
치츠,2
아탐생,2
경복궁,2
주렁주렁,2
theme,2
jypentertaintment,2
외국인축구,2
소금구이,2
indonesia,2
animalpark,2
제기,2
한복,2
토끼,2
k-pop101,2
한국겨울,2
이피엘,2
첫눈,2
카멜레온,2
동물,2
수달,2
붉은여우,2
themepark,2
루트매직,2
호시,2
무한스핀베이스태디움dx세트,2
metalgodchip,2
뉴이스트,2
칵테일,2
솔방울,2
완자,2
velvet,2
cardmagic,2
볶음,2
깔루아,2
red,2
오징어,2
불금,2
chanyeol,2
produce101fan,2
깔루아밀크,2
불목,2
seventeenfan,2
계란탕,2
nctfan,2
전,2
bapfan,2
knkfan,2
infinitefan,2
walkonwater,2
신림,2
illusions,2
r3hab,2
칵테일만들기,2
제왕,2
남자아이돌,2
갓다니앨,2
이노다스,2
윙크보이,2
옹박,2
이노다스tv,2
지성박수,2
팬덤,2
마티니,2
lecture,2
팬,2
롬,2
주렁주렁테마파크,2
놀아줘,2
인체의신비,2
집사,2
케이팝,2
호산이,2
simplemagic,2
올리브,2
아론,2
명품보이스,2
ren,2
saypaseuthphommavongxay,2
최신혁,2
emperor,2
황제,2
strikegodvalkyrie,2
판매,2
라온플레이,2
음착,2
koreanvarietyshow,2
소년,2
30secondstomars,2
투트오브매직,2
cuttingillusions,2
돈까스파전,2
animal,2
바지락,2
sehun,2
aron,2
박민호,2
got7fan,2
여우,2
r3habwalkonwater,2
?????????????????????????????,2
baekhyun,2
렌,2
lao,2
꿈,2
preap,1
cambodia,1
theater,1
aeon,1
생일기념여행,1
대부도풀빌라펜션,1
대부도데이트,1
semi,1
인정,1
yonghwa,1
폭죽,1
인피니티풀,1
meas,1
sovannareach,1
final,1
season,1
탕수육,1
bayarith,1
랩배틀,1
close,1
forgetyou,1
btsjungkookandiucutemoments,1
171202mmas,1
jungkookreactingtoiuthroughthenight,1
eatingsound,1
jungkookfanboymoments,1
jungkookcoupleiumoments,1
바베큐파티,1
돼지주물럭,1
sarangahaarakotiyaepisode235,1
뚱서방,1
infinitypool,1
haarakotiyas01e235,1
고든램지몰카,1
bj뚱녀,1
wannable,1
오징어무국,1
건빵녀,1
#미디어워치이우희기자,1
#태블릿pc미디어워치,1
부부먹방,1
생일선물,1
생일기념,1
생일데이트,1
뚱녀먹방,1
고딩,1
생일여행,1
재환,1
??ep46,1
round,1
iumelonmusicawards,1
자니윤,1
jungkookiumoments,1
김태현,1
정은혜,1
정용화,1
붐,1
취재,1
do,1
우울증,1
실내수영장,1
jungkookfanboyingoveriu,1
iuthroughthenight,1
펜션,1
바다펜션,1
대부도펜션,1
김대오,1
문희옥,1
별별톡쇼,1
총,1
째니,1
wannaonebeautifulchro,1
idols,1
kris,1
hk416,1
장난감총,1
밸런스게임,1
balancegame,1
겨울바다,1
풀빌라,1
더블케이,1
doublek,1
nuol,1
micswagger,1
바베큐,1
폭죽놀이,1
겨울바다좋은곳,1
#jtbc태블릿pc조작,1
??46,1
정선희,1
#태블릿pc진상조사팀,1
#김진태자유한국당,1
#박정희대통령,1
#김진태홍준표,1
#박근혜박정희,1
??第46集,1
#김진태자유한국당의원,1
#자유한국당태블릿pc,1
#jtbc태블릿pc최순실,1
백은영,1
#자유한국당태블릿pc진상조사팀,1
#김진태,1
바다,1
주현미,1
대부도,1
#박근혜국정농단,1
#김진태박근혜대통령,1
#태블릿pc국정농단,1
스캔들,1
뒷담화,1
커플1박2일,1
#김진태태블릿pc,1
btsdnalivemma2017,1
#홍준표자유한국당,1
#김진태의원,1
생일,1
btsjungkookreactingtoiumma,1
대부도풀빌라,1
생일이벤트,1
#최순실박근혜,1
박신혜,1
도준,1
shinhye,1
일본게임,1
닌텐도스위치,1
닌텐도크리스마스선물,1
음식물쓰레기,1
iphonegame,1
171225winner,1
watch,1
reviews,1
종이봉투,1
닌텐도스위치쓴맛,1
쓴맛,1
아이폰닌텐도,1
相葉くん,1
무릎,1
櫻井くん,1
sakuraisho,1
vs嵐,1
아이바사무라이,1
adultsreact,1
responds,1
thefinebros,1
parentsreact,1
youtubersreact,1
finebrothersentertainment,1
collegekidsreact,1
tastenintendoswitchcartridge,1
해리포터젤리빈,1
nintendoswitchcartridge,1
171225winnerxblackpink,1
태형,1
신우,1
육아,1
내딸남,1
육아비법,1
너나보,1
휴가,1
winnerxblackpink,1
뉴스상품,1
한민족뉴스,1
니노사무라이,1
꿇고,1
인물정보,1
multimedianews,1
171225blackpink,1
엔터테인먼트뉴스,1
twhk,1
쓰레기맛,1
nintendoswitch,1
닌텐도게임칩맛보기,1
닌텐토스위치쓴맛,1
nintendoswitchgame,1
sbsgayodaejunopening,1
teensreact,1
collegekidsreacttok-popbtsmonstaxseventeentwiceredvelvet,1
fbe,1
쇼사무라이,1
크리스마스캐롤메들리,1
커플유튜브,1
노래100곡,1
크리스마스노래,1
크리스마스선물노래,1
??ep40,1
??40,1
??第40集,1
크리스마스선물,1
크리스마스캐롤송,1
크리스마스선물추천,1
크리스마스캐롤재즈,1
크리스마스캐롤팝송,1
#무고죄,1
#수사,1
#사진,1
#김필준,1
크리스마스메이크업,1
크리스마스율동,1
희님,1
지원,1
내딸남미자,1
우주대스타,1
오노닌자,1
ninomiyakazunari,1
양아리,1
嵐にしやがれ,1
finebros,1
finebrothers,1
forthefirsttime,1
kidsreact,1
eldersreact,1
respond,1
teenagersreact,1
크리스마스워십,1
마츠준닌자,1
翔くん,1
嵐の宿題くん,1
쇼,1
大ちゃん,1
にの,1
翔ちゃん,1
크리스마스선물후기,1
크리스마스팝송,1
크리스마스선물개봉기,1
크리스마스캐롤,1
크리스마스캐롤피아노,1
크리스마스카드,1
크리스마스동요,1
크리스마스선물개봉,1
大野くん,1
흘린,1
me,1
나단,1
btsmma,1
btsbeyondthescene,1
꿀잼동영상,1
씽크홀,1
갓턱형,1
외모평가,1
꿀잼영상,1
cookshow,1
crazy,1
비글즈턱형,1
함정,1
rapmonstar,1
연합속보,1
wearethefuture,1
비글즈블랙리스트,1
방탄소년단랩몬스터,1
블랙리스트턱형,1
방탄소년단똘끼,1
턱중,1
비수면내시경,1
수면내시경,1
내시경,1
비수면,1
건강검진,1
철구비글즈,1
철구턱형,1
(leader,1
mr.jaw,1
jung,1
yongshin,1
iumma,1
heartstrings,1
park,1
des,1
lovers,1
fallen,1
정국이지은,1
풀빌라펜션,1
이제만나러갑니다.e308.82min19sec.171112.hdtv.1920x1080p-channela,1
imankap.이만갑.e308.171112,1
턱형철구,1
턱형블랙리스트,1
재밌는동영상,1
bj턱형,1
rumors,1
k),1
d.o.,1
you've,1
boys,1
for,1
chen,1
위내시경,1
내안,1
btsj-hope,1
이원주발레,1
pathumrukshan,1
이재용감독,1
이재용군대,1
buwanichapadiyalagoda,1
삼성이재용,1
isurulokuhettige,1
shiromikafernando,1
priyanthasenevirathne,1
이원주,1
nadeeshaalahapperuma,1
digitalswordlauncher,1
magepinikandule,1
niroshanwijesinghe,1
소방차,1
소방차출동,1
불끄러가는차,1
119출동,1
긴급출동,1
화재출동,1
119,1
김현식,1
mylovebymyside,1
내사랑내곁에,1
삼성이원주,1
방탄소년단rm,1
방탄소년단전정국,1
외국어서비스,1
늙었지예,1
newsstar,1
7,1
news24,1
twhkstar,1
방탄소년단뷔,1
방탄밤,1
방탄소년단제이홉,1
방탄소년단김석진,1
trendingnew,1
국내뉴스,1
btsjimin,1
btsrm,1
금융정보뉴스,1
방탄소년단박지민,1
btssuga,1
방탄소년단슈가,1
연합뉴스,1
btsjin,1
팝음악,1
국제뉴스,1
방탄소년단브로맨스,1
연중무휴뉴스,1
급식체은어,1
코이치,1
teenager,1
일본라면먹방,1
돈코츠육수,1
라멘먹방애니,1
일본라면광고,1
라멘먹방,1
일본라면추천,1
일본라멘만들기,1
일본가서라면,1
라멘만들기,1
생면식감돈코츠라멘,1
일본라면,1
일본라면끓이기,1
라면만먹고살기,1
일본라멘방송,1
라멘다큐,1
돈코츠라멘만들기,1
돈코츠라멘,1
라멘장인,1
고딩용어,1
생면식감,1
혼전,1
기철,1
아가,1
haarakotiyas01e236,1
sarangahaarakotiyaepisode236,1
무한스핀베이스타디움dx세트,1
jeonghan,1
joshua,1
dokyeom,1
woozi,1
디노,1
에스쿱스,1
일본가서라면만먹고,1
라멘맛집,1
일본라면한국라면,1
일본라면비류,1
일본라멘,1
라멘스페셜,1
돈코츠된장라면,1
손석희아들,1
간마눼,1
손석희저주,1
태블릿pc조작,1
손석기,1
손석희삼성,1
손석희앵커,1
태블릿,1
손석희감옥,1
손석기아나운서,1
2017마마일본,1
홍진호,1
wonwoo,1
2017mamajapan,1
hoshi,1
손석희최순실,1
손석희의저주,1
손석희태블릿,1
손석희사장,1
일본라멘맛집,1
라면만먹고오기,1
조슈아,1
진쨔,1
옼케,1
고장환,1
손석희병역특혜,1
손석희국정농단,1
손석희아나운서,1
손석희구속,1
손석기사장,1
손석희jtbc,1
혈액형,1
dino,1
임신,1
튼튼이,1
2017mbc연예대상박나래기안84,1
turningmecard,1
henho,1
tuilatuhautranthanh,1
di?unhitr?nthanh,1
tranthanhtown,1
tr?nthanhm?inh?t,1
t?h?utr?nthanh,1
tuilat?h?utr?nthanh,1
tranthanhdieunhi,1
??45,1
??第45集,1
박명수그랬구나,1
메카니멀,1
터닝카,1
파키케,1
공룡메카드,1
haitranthanh,1
tuhau,1
tuilat?h?ut?p1,1
t?h?u,1
di?unhi,1
tr?nthanhtown,1
tuilatuhau,1
dieunhi,1
tr?nthanhtuilat?h?u,1
tuilat?h?u,1
tr?nthanh2018,1
tr?nthanhdi?unhi,1
haitr?nthanh,1
dieunhitranthanh,1
tuhauhenho,1
tr?nthanhofficial,1
h?nho,1
t?h?uh?nho,1
트리케라,1
터닝메카드w,1
박나래기안84입맞춤,1
프테라노돈,1
#태블릿최순실,1
테닝메카드,1
#미디어워치실시간중계,1
티라노,1
티톤,1
알키온,1
터닝메카드r,1
티라노사우루스,1
프테라,1
woossi,1
lime,1
emmanhatkhanh,1
박나래기안84뽀뽀,1
2017mbc연예대상,1
mbc연예대상,1
#미디어워치변희재,1
#변희재진중권,1
스테고,1
#태블릿피씨,1
초이락,1
크로노,1
트리케라톱스,1
타이노소어,1
#미디어워치독자카페,1
#변희재사퇴의변,1
공룡,1
#변희재사퇴,1
#변희재사퇴카페,1
브라키오,1
#정규재,1
#미디어워치실시간방송,1
#변희재정규재,1
#변희재직사퇴,1
진샤,1
디에잇,1
승관,1
트와이스열애,1
tellme,1
성종,1
성규,1
동우,1
성열,1
엘,1
topseed,1
버스트스태디움,1
b98개조세트,1
딥카오스,1
아크바하무트,1
베이블레이드놀이,1
베이블레이드버스트스태디움,1
이승기특전사,1
나연이승기,1
우현,1
周湯豪,1
跨年,1
林明禎,1
吳映潔,1
2018臺北最high新年城,1
in2it,1
頑童mj116,1
台北市,1
天堂m,1
rain、,1
蔡健雅,1
盧廣仲,1
韋禮安,1
柯文哲,1
艾怡良,1
丁?,1
鬼鬼,1
트와이스이승기,1
연예인트와이스팬,1
畢書盡,1
이승기집사부일체,1
김상중,1
연기대상수상자,1
윤균상,1
지성,1
mbc파업,1
연기대상,1
171231엔시티127마마무리액션트와이스하트쉐이커가요대제전,1
171231nct127,1
171231,1
171231엔시티127마마무리액션트와이스,1
musick,1
엔시티127,1
가요대제전,1
gayodaejun,1
171231mamamooreactiontwiceheartshakermbcgayodaejun,1
엄기준,1
무도레전드,1
우정,1
트와이스집사부일체,1
이승기레전드,1
트와이스이상형,1
집사부일체이승기,1
twiceseunggi,1
이승기트와이스,1
원스,1
연예인원스,1
학교,1
트와이스연애,1
성공한덕후,1
once,1
원스연예인,1
집사부일체트와이스,1
집사부일체,1
101煙火,1
bestofanmolkcsong,1
간만에,1
애교,1
토크bj,1
유소나애교,1
유소나무지개떡,1
유소나옷,1
유도도,1
유소나컨셉,1
유소나섹시,1
이효리,1
시청자레전드,1
유소나핑클,1
유소나춤,1
재넌,1
놀리기레전드,1
뇌쇄,1
유소나댄스,1
우지,1
도겸,1
dk,1
jun,1
svt,1
the.8,1
오옼퀘,1
s.coups,1
mingyu,1
진쟈,1
정한,1
준,1
핫쇼,1
seungkwan,1
원우,1
vernon,1
버논,1
엌케이,1
도도컨셉,1
유소나하이라이트,1
yetiyetipanikrisong,1
애송이,1
거지,1
aditibudhathokimoviekrisongs,1
anmolkcnewmoviesong,1
topnepalimoviessuperhitsongs,1
latestanmolkcmovies,1
newnepalimoviekrisongyetiyetipani,1
yetiyetipanifullvideosong,1
yetiyetipani,1
yetiyetipaniyoutubedownloadhd,1
viralnepalimoviesongs,1
anmolkcmoviekritrailer,1
upcomingnepalimoviesongs,1
anoopbikramshahimoviekrisongs,1
krimoviesong,1
newnepalimoviekrihitsongs,1
공짜,1
돈없이살기,1
공짜기프트카드,1
도도리아,1
노래모음,1
유소나토크,1
흑역사,1
유소나흑역사,1
유소나도도,1
시청자,1
배드걸,1
돈없이,1
유소나이효리,1
유소나노래,1
유소나애송이,1
토크하이라이트,1
돈없을때대처법,1
돈없을때,1
b?omy,1
gialinh,1
misoa,1
김기수,1
놀랄,1
두기만해도놀랄정도로,1
정도로,1
좋아지는,1
두기만,1
이,1
uchsyf1luyvrdhdh4-g8qu4g,1
돼지런한생활,1
소프스테이크,1
도윤,1
꿀조합,1
파티,1
뷰티골방,1
silcot,1
레오제이,1
집에,1
'운'이좋아지는물건,1
해도,1
김미숙,1
권순영,1
아내,1
혼전동거,1
전부인,1
재혼,1
왕종근,1
내남자의비밀,1
이름없는여자,1
일일드라마,1
송창의,1
김다현,1
강세정,1
박정아,1
thesecretofmylove,1
아이블렌더브러쉬,1
뷰티도구,1
딩고,1
신상,1
예살그살,1
뷰티제품,1
콜라보레이션,1
뷰티캐스터,1
남녀메이크업,1
화장솜,1
모공브러쉬,1
naturecollection,1
velyvely,1
뷰티스,1
정샘물,1
스펀지,1
피카소,1
브러쉬,1
홀레했어요,1
브러쉬추천,1
룰루랄라스타일,1
베이스,1
조성아tm,1
남자뷰티크리에이터,1
퍼프,1
로드샵추천템,1
파우더브러쉬,1
우리홀레했어요,1
시루콧토,1
실리콘,1
바비브라운,1
방언니,1
네이처컬렉션,1
oliveyoung,1
듀오,1
기본템,1
실리콘퍼프,1
딩고드라마,1
dingo,1
500개,1
남편버릇,1
또오해영,1
멕시코,1
하쁠리,1
mexicanfood,1
가창력,1
윤두준,1
인터넷용어,1
각,1
오지고,1
캡,1
어인정,1
부먹찍먹,1
고딩은어,1
고답이,1
옷벗기,1
식샤를합시다,1
이팅사운드,1
mexico,1
각이고요,1
교복,1
하는각이구요,1
teenagerchat,1
chat,1
지리고,1
양아치,1
teenagerspeaking,1
멕시칸,1
chatting,1
떵개,1
개떵,1
olympi,1
머랭쿠키,1
식샤,1
문옷걸이,1
옷걸이,1
딩고스튜디오,1
패딩,1
일본한국,1
堂本光一,1
キンキ,1
킨키비디오,1
킨키키즈,1
쟈니스,1
堂本剛,1
쯔요시,1
?,1
キッズ,1
헤세점,1
딩고비디오,1
감동이야기,1
순영,1
dingovideo,1
이태임,1
후라이팬,1
간단요리,1
심플레시피,1
현명한아내,1
고딩어른,1
hasungwoon,1
한우,1
쿡올데드,1
원팬,1
배그입문,1
프라이팬,1
원팟,1
5분요리,1
해시태그,1
따라하기,1
에너지드링크,1
3분요리,1
bobbibrown,1
케미영상,1
trangly,1
시력테스트,1
피아노,1
moonlight,1
닥터드레,1
piano,1
월광소나타,1
시즌그리팅,1
??42,1
??第42集,1
??ep42,1
thefirst,1
??12,1
??ep12,1
??第12集,1
호러,1
소년(boy),1
balkarsidhusuperhitromanticsong,1
newsong,1
balkarsidhuhitromanticsong,1
hitsof2017,1
punjabilovesongs,1
newsong2017,1
punjabisongslatest,1
popularonyoutubeindia,1
hitpunjabisongs2017,1
latestpunjabisongs,1
latestpunjabisong2017,1
latestsong2017,1
balkarsidhunewromanticsong2017,1
folksongs2017,1
newpunjabisong2017,1
yt:quality=high,1
goyalmusic,1
romanticsong,1
??ep45,1
색감테스트,1
balkarsidhu,1
엑소시스트,1
신이선택한사람들,1
gayo,1
songfestival,1
가요대축제,1
festival,1
kbs가요대축제,1
가요,1
kbssongfestialbts,1
2017kbssongfestival,1
gfriend,1
kbssongfestival2017,1
hyuna,1
koreamusic,1
kbssongfestival,1
hwangchiyeul,1
눈테스트,1
개띠,1
새해운세,1
스포츠,1
뉴스룸,1
낚시,1
복권,1
신굿,1
임덕영,1
집,1
순화당,1
고춘자,1
토종비결,1
자동차,1
토토,1
천기누설,1
무당,1
위험한초대,1
newpunjabisongs,1
punjabivideos,1
올리브영,1
thachthucdanhhaitap6full,1
튜토리얼,1
뷰티마스터,1
btswoojihwa,1
btseng,1
steak,1
채끝,1
육즙,1
통째로,1
30분,1
30minutes,1
bichph??nggi?ng?igi?ngai,1
giongaigiongaitap6,1
김철수,1
립스키,1
유리립스키,1
에스쁘아,1
패드,1
뷰티룸,1
라이프스타일,1
chosungah,1
블리블리,1
leoj,1
16brand,1
16브랜드,1
개솔직,1
튜터링,1
잡담,1
하우투,1
노하우,1
홀레,1
picasso,1
뷰티템,1
espoir,1
블루홀,1
thachthucdanhhaitap6,1
balkarsidhunewsong2017,1
thachth?cdanhhait?p6,1
전준주,1
gi?ng?igi?ngait?p6,1
왕첸첸,1
ducphuc,1
bichphuong,1
giongaigiongaitap6full,1
gi?ng?igi?ngait?p6full,1
đ?cphucgi?ng?igi?ngai,1
đ?cphuc,1
bichph??ng,1
라이브,1
2부,1
강연,1
허경영강연,1
1103,1
장자연문건,1
stilldre,1
dropthebeat,1
김힘찬,1
thachth?cdanhhait?p6full,1
vixx,1
문종업,1
유영재,1
b.a.p,1
비에이피,1
빅스,1
선바,1
최준홍,1
정대현,1
방용국,1
dropthebeet,1
베토벤,1
월광,1
hang,1
최민호,1
cambodian,1
演?的?生陶虹,1
于明加,1
任嘉?,1
?文娟,1
演?的?生?敏?,1
演?的?生第七期,1
?雪迎,1
胡?卿,1
李乃文,1
奔??,1
浙江??演?的?生,1
演?的?生正片,1
侯明昊,1
章子怡一代宗?,1
演?的?生第7期,1
??依,1
20171209演?的?生,1
演?的?生袁立,1
宋丹丹,1
姚?,1
陶虹,1
??特?兵,1
演?的?生章子怡,1
演?的?生20171209,1
王俊?,1
?爽,1
演?的?生??,1
演?的?生侯明昊,1
浙江??,1
柳岩,1
章子怡?影,1
이제만나러갑니다.e312.82min14sec.171210.hdtv.1920x1080p-channela,1
지효,1
이만갑.imankap.e312.171210,1
페이브걸즈,1
pocarisweat,1
drink,1
토레타,1
포카리광고,1
이온음료,1
pocari,1
포카리,1
김보원,1
신수현,1
신지윤,1
백민서,1
favegirls,1
콘서트,1
이수진,1
청주콘서트,1
박소은,1
무도수능2018,1
meetpacquiao,1
무한도전수능,1
진진자라,1
무한도전549,1
태진아진진자라,1
koreansat,1
수능2018,1
하동훈,1
태진아,1
pacquiao,1
infinitechallenge,1
演?的?生,1
演?的?生王俊?,1
演?的?生柳岩,1
演?的?生整片,1
#최승호변희재,1
#신동호배현진,1
#최승호배현진,1
백설양,1
룩삼,1
피유,1
르건즈,1
스트리머,1
우결,1
푸딩,1
얍얍,1
트위치tv,1
공혁준,1
니노미야,1
rambabugurung,1
diyapun,1
sakurai,1
嵐しやがれ,1
newnepalimovietrailer2017,1
ninomiya,1
大宮,1
viralnepalitrailer,1
rohitshakya,1
kaliprasadbaskota,1
upendrasubba,1
deeyapun,1
latestnepalimovie,1
mostpopularnepalimovie,1
newnepalifilmtrailer,1
#배현진아나운서,1
#신동호아나운서국장,1
#mbcx,1
???48,1
中?新歌?,1
演?的?生?盈?,1
演?的?生??立,1
演?的?生?爽,1
宋丹丹小品,1
?男,1
演?的?生7,1
?敏?,1
演?的?生宋丹丹,1
演?的?生?雪迎,1
袁立,1
章子怡,1
周一?,1
브랜뉴즈,1
#mbc파업,1
#배현진,1
#mbc사태,1
#신동호최승호인연,1
#mbc노조위원장,1
#신동호손석희,1
#배현진mbc아나운서,1
#배현진최승호,1
#mbc김세의기자,1
#신동호아나운서,1
#최승호광우병거짓난동,1
#최승호신임사장,1
#신동호국장,1
#최승호,1
블루,1
삿포로,1
budditamamg,1
#suga,1
승객,1
뛰어내린,1
[긴급교신]비행기에서떨어진승객,1
항공사고,1
문을열고뛰었어!,1
긴급교신,1
비행기에서,1
mayday,1
메이데이,1
#bts,1
#jimin,1
타미아미비행기,1
싱글대디,1
우사이,1
재혼만남,1
싱글클럽,1
소개팅,1
노총각,1
웹드,1
기독커플,1
여자사귀는법,1
상류층결혼정보회사,1
인연,1
연애고민상담,1
여친만드는방법,1
솔로모임,1
스피드데이트,1
매칭서비스,1
우리가사진찍는이유,1
비행기에서떨어진승객,1
#yoongi,1
koreantvc,1
#taehyung,1
전통엿,1
yeot,1
힘내요,1
koreantaffy,1
test,1
수험생,1
엿,1
bigtest,1
수험생들,1
taffy,1
koreanyeot,1
koreancandy,1
sizzle,1
exam,1
bloodsweattears,1
デスマッチ,1
嵐デスマッチ,1
썰전e248,1
sarangahaarakotiyaepisode242,1
haarakotiyas01e242,1
嵐天然,1
마마무축하공연,1
청룡영화제축하무대,1
haarakotiyas01e233,1
#amas,1
#jungkook,1
sarangahaarakotiyaepisode233,1
#jin,1
durecorder,1
맞선녀,1
어머니,1
독신자,1
돌싱녀,1
padmansongs,1
padmanofficialtrailer,1
cinema,1
akshaykumar,1
sonypictures,1
picture,1
bollywood,1
amittrivedi,1
bollywoodtrailer2017,1
padmantrailer,1
sonamkapoor,1
kriarjentertainment,1
rbalki,1
akshaykumarmovie,1
vymdtap14,1
viyeumadentap14,1
vs아라시,1
박해린,1
포카리tvc,1
twicemusicvideo,1
이수민,1
겨울광고,1
나연,1
tvcf,1
twicetvcf,1
popsong,1
beverage,1
twicemusci,1
포카리스웨트,1
zeecinema,1
mikasingh,1
latestbollywoodmovietrailer,1
기독교재혼,1
모태솔로,1
사랑이야기,1
이혼남녀카페,1
결혼점수,1
여자친구구함,1
싱글,1
결혼등급,1
이성친구,1
여자친구사귀는방법,1
결혼정보회사,1
남자사귀는법,1
연애상담,1
재혼전문회사,1
결혼중개업,1
padman,1
연애고민,1
결혼가능점수,1
맞선,1
애인,1
sarangahaarakotiyaepisode248,1
haarakotiyas01e248,1
twinklekhanna,1
latestbollywoodmovie,1
radhikaapte,1
sony,1
india,1
padmanmovie,1
pictures,1
barsaraut,1
dayahangrai,1
nop,1
twicefunnymoments,1
twicelive,1
twiceonce,1
twicesana,1
twiceknockknock,1
twicejihyo,1
twicetzuyu,1
twicejapan,1
twicekorea,1
twiceaegyo,1
twicecheerup,1
twicekpop,1
momojjang모모짱,1
twicejyp,1
mc,1
십오,1
웹,1
가슴,1
떴다김쌤,1
고민해결쇼,1
인쓰,1
생쇼티비,1
웹컨텐츠,1
지여니,1
쇼타임,1
결정,1
파트너,1
고민상담,1
센방송,1
성인,1
twicemomo,1
twicecute,1
sarangahaarakotiyaepisode231,1
twiceengsub,1
오디션,1
김포국제공항,1
공항패션,1
오리콘,1
j-hope,1
격투기,1
랩몬스터,1
로드걸,1
스타일로말해요,1
난24시간이모자란스타일,1
??30,1
twicestage,1
??第30集,1
twicevarietyshow,1
??ep30,1
twicenayeon,1
twicemina,1
twicedahyun,1
twicett,1
채널고정,1
twicesignal,1
채널bts,1
부산,1
스마트tv,1
twicecomeback,1
twicefancam,1
twicemomojjang,1
twicelikey,1
twicejeongyeon,1
엔조이,1
bj지여닝,1
섹파,1
해결,1
메일,1
웨딩,1
bj지연,1
십구,1
야한영상,1
점심,1
결혼준비,1
왕쥬결혼식,1
보이즈빌리지우니,1
아프리카왕쥬,1
입사,1
왕쥬결혼,1
구글,1
취업준비생,1
김pd,1
문제맞추기,1
결혼식,1
마이크로소프트,1
대기업,1
대기업입사문제,1
대기업입사,1
풀기어려운문제,1
취뽀,1
인적성,1
김피디,1
인적성검사,1
취업준비,1
haarakotiyas01e230,1
sarangahaarakotiyaepisode230,1
쎈방송,1
쇼타임미디어,1
자극,1
떴다,1
지여닝,1
웹콘텐츠,1
예랑,1
패드립,1
자극적,1
네이버,1
아무거나,1
연애인,1
김쌤,1
twicechaeyoung,1
생쇼tv,1
김홍식,1
태성호,1
sp,1
naver,1
일반인,1
남치친구,1
결정장애,1
15금,1
엠씨,1
예신,1
비제이지여닝,1
15,1
twicemukbang,1
19,1
utube,1
sex,1
쏀방송,1
임지우,1
haarakotiyas01e231,1
new30secondstomars,1
무죄,1
국개,1
r3hab30secondstomars,1
허평환,1
탄기국,1
서청대,1
허준선생방송,1
대통령석방,1
30secondstomarswalkonwater,1
친북,1
정규제,1
허준,1
30secondstomars-walkonwater(r3habremix),1
복폭,1
pc,1
조원진단식,1
정미홍,1
안중규tv,1
천만인서명,1
대통령무죄,1
한미연합사,1
newr3hab,1
도태우,1
박근대통령구속연장,1
고영태,1
맹모,1
부산태극기집회,1
한근형,1
호소,1
공원,1
창당,1
적반하장,1
명현만,1
장충체육관,1
jaredleto,1
30secondstomarsremix,1
r3habremix,1
thachth?cdanhhait?p4full,1
thachth?cdanhhait?p4,1
thachthucdanhhaitap4full,1
thachthucdanhhaitap4,1
snstv,1
석방,1
법원집회,1
아리랑,1
tnj,1
마로니에집회,1
여의도,1
내곡동,1
적와대,1
구국전사,1
마로니에,1
장시호,1
연장,1
배롱나무,1
구속연장,1
까치방송,1
박근혜사저,1
인지연,1
최경환,1
종북,1
국감,1
정갑윤,1
대한문,1
대한문집회,1
김태흠,1
벵모,1
viyeumadentap11,1
vymdtap11,1
sarangahaarakotiyaepisode232,1
haarakotiyas01e232,1
이세영,1
김성오,1
토일드라마,1
성지루,1
보라,1
절대낭만퇴마극,1
제주도여행,1
제주도,1
감귤,1
귤따기체험,1
귤따기,1
천도제,1
사주명리학,1
무당금파,1
운바기기도,1
자식운,1
운명,1
재물운,1
사주,1
굿,1
사주팔자,1
재수굿,1
성혁,1
다이아tv,1
꽃님,1
mamainhongkong,1
hongkong,1
청룡영화제진선규,1
능소화,1
서청원,1
30secondstomarswalkonwaterremix,1
서초동집회,1
삼성동,1
유기준,1
국회의사당,1
서울구치소,1
박사모,1
청룡영화제추모,1
채지민,1
김주혁김영애윤소정추모,1
박근혜대통령,1
천안,1
창와대,1
#변희재기자회견,1
변호사,1
뱅모,1
박성현,1
방청,1
내곡동사저,1
진선규수상소감,1
#손석희추가고발,1
#손석희기자회견,1
#태블릿pc조작,1
#변희재손석희조작,1
#손석희조작,1
#변희재jtbc,1
#최순실변희재,1
선물커버,1
멜로망스,1
creatistmedia,1
후너스엔터테인먼트,1
xinl?i,1
xinl?iemđi,1
chipuemsair?ianhxinl?iemđi,1
anhxinl?iemđi,1
emsair?ianhxinl?iemđi,1
emsairoianhxinloiemdichipu,1
chipu,1
quangdang,1
emsair?ianh,1
emsair?ichipu,1
emsairoichipu,1
chipuquangdang,1
anhxinl?i,1
chipu치푸,1
emsair?i,1
emsai,1
치푸,1
esraxled,1
chipumvm?inh?t,1
xinl?iem,1
emsairoianhxinloiemdi,1
emsair?ianhxinl?iemđichipuquangđ?ng,1
chipu2017,1
haarakotiyas01e226,1
sarangahaarakotiyaepisode226,1
제와피,1
jyp,1
mvemsair?ianhxinl?iemđi,1
풀영상,1
정진운,1
비주,1
정성화,1
제로,1
감자팝,1
피자포테토칩,1
추억의과자,1
감자링,1
코코넛링,1
이재포,1
쵸코땡,1
시치미,1
명태맛깡,1
불량식품,1
디스코텍,1
아리바바,1
콩고물,1
고구마스틱,1
커피스낵,1
조여정,1
스파게티누룽지,1
심순애,1
사라다스낵,1
최면,1
은행강도,1
상도,1
한솔,1
탑독,1
낙타,1
야노,1
아톰,1
toppdogg,1
호준,1
슈주,1
鐘鉉,1
이동해,1
珉豪,1
최무성,1
스트레이키즈,1
종현이,1
조이,1
아이린,1
?????????????.,1
????????????????????????,1
af,1
aof,1
종현lonely,1
이하이한숨,1
river,1
rap,1
eminemriver,1
interscope,1
eminem-riverft.edsheeran,1
revival,1
eminemrevival,1
edsheeranriver,1
slimshady,1
aftermath,1
eminemedsheeran,1
eminem,1
water,1
slim,1
eminemedsheeranrevival,1
여기,1
버려야,1
화장실에서,1
응답하라1997,1
수목드라마,1
응답하라1994,1
walkonwaterremix,1
소시,1
泰民,1
溫流,1
유리,1
superjunior,1
anhemsair?i,1
??ep36,1
??第36集,1
??36,1
thirtysecondstomarsremix,1
r3habthirtysecondstomars,1
thirtysecondstomars-walkonwater(r3habremix),1
walkonwater(r3habremix),1
thirtysecondstomars,1
부암동복수자들,1
tstm,1
thirtysecondstomars-walkonwater,1
japonism,1
빨간토마토무서운이야기,1
호기심천국,1
tvn,1
감빵생활,1
슬기로운감빵생활,1
강승윤,1
정수정,1
감빵,1
박해수,1
정경호,1
옛날과자,1
새우깡,1
??????12,1
김원국,1
sauanhhaoquang7,1
kieuminhtuan,1
thaihoa,1
phuocsang,1
sauanhhaoquanghtv,1
sauanhhaoquangfull,1
catphuong,1
haarakotiyas01e224,1
sarangahaarakotiyaepisode224,1
티저,1
별거가별거냐,1
연예대상,1
별거,1
연예인이혼,1
마인모리,1
이현영에어로빅,1
이현영요가,1
지엠미디어,1
이현영지방흡입,1
연예인별거,1
패션전문방송,1
이현영필라테스,1
영상제작,1
#손석희앵커의민낯,1
김용림,1
gmtv,1
#손석희태블릿pc조작집회,1
#대한애국당정광용,1
#변희재태블릿조작집회,1
ph??ngthanh,1
sauanhhaoquangtap7,1
콘고로케,1
sauanhhaoquangcatphuong,1
chhorn,1
green,1
sovath,1
02,1
aok,1
hdtv,1
miles,1
sokunkanha,1
mall,1
week,1
luhan,1
planet,1
bigbang,1
netizens,1
tao,1
카타콤,1
프랑스,1
catacomb,1
파리,1
카타콤브,1
sarangahaarakotiyaepisode234,1
haarakotiyas01e234,1
#sauanhhaoquang,1
sauanhhaoquangt?p7,1
sauanhhaoquangcatphuongfull,1
catph??ng,1
ki?uminhtu?n,1
phuongthanh,1
ph??csang,1
변희재손석희만남,1
경찰,1
160530,1
이것은실화다,1
아나운서몸매,1
방송사고,1
몸매쇼호스트,1
??ep48,1
??第48集,1
??48,1
后?,1
都市,1
?莉,1
大叔,1
喜?,1
王?晨,1
我的?育老?,1
?情,1
?育老?,1
?母,1
急?科?生,1
王??,1
我的！?育老?,1
워너원셀프캠,1
엔딩셀프캠,1
haarakotiyas01e225,1
sarangahaarakotiyaepisode225,1
kocowa,1
인도,1
화장실,1
드라키스쿵,1
딸기콘,1
멕시칸칩,1
쇼호스트가슴노출,1
아나운서섻,1
중소기업,1
관린,1
수사,1
cops,1
형사,1
관계,1
내연녀,1
오각,1
가족이랑보기민망한홈쇼핑모음-미시쇼호스트4탄,1
구두가게소녀,1
구두소녀,1
구두가게,1
국악소녀,1
홈쇼핑사고,1
#변희재김경혜,1
이관린,1
가족야한장면,1
#대한애국당사단,1
laikuanlin,1
#대한애국당김경혜대변인,1
미녀쇼호스트,1
#대한애국당창당과정,1
#김경혜대변인사퇴,1
병맛tv,1
아나운서섹시,1
쇼호스트,1
홈쇼핑방송사고,1
미녀아나운서,1
조진,1
헌법,1
하는,1
당장,1
있습니다,1
이문남,1
워너원마마,1
한숨,1
이하이,1
masterkeyep7,1
mama워너원,1
vymdtap10,1
viyeumadentap10,1
안녕하세요,1
통역,1
171125마스터키7화,1
mamawannaone,1
171125마스터키강다니엘,1
지리산,1
김종민레전드,1
와플,1
btsdna,1
환상통,1
디어클라우드나인,1
루한,1
인스파이어드,1
청하,1
haarakotiyas01e241,1
sarangahaarakotiyaepisode241,1
다녤,1
171118워너원고시즌2,1
워너원고강다니엘편집,1
강다니엘입덕영상,1
강다니엘예능,1
워너원예능,1
마마워너원,1
아버님,1
5가지가,1
정모,1
#손석희jtbc,1
씬피자먹방,1
베스킨라빈스,1
아이스크림먹방,1
베라먹방,1
베라,1
피자먹방,1
베스킨라빈스먹방,1
베라아몬드봉봉,1
베라메뉴,1
#손석희의저주판매량,1
종현조문,1
종현빈소,1
레바,1
#국제정치,1
#트럼프,1
#선전포고,1
#미국,1
#중국,1
#시진핑,1
민효린,1
종현자살,1
모정애,1
샤이니종현우울증,1
샤이니종현자살,1
동방신기종현,1
동방신기일본,1
제1회,1
대전회관,1
투보,1
방송장비,1
#변희재의시사폭겨,1
#미디어워치jbc,1
young,1
thechainsmokersk?d,1
thechainsmokers-young(k?dremix),1
k?d,1
남자뷰티크리에이터의일상,1
레오제이홀리,1
남뷰일,1
홀리레오제이,1
엠마,1
레오제이고칼로리,1
레오제이큐영,1
큐영,1
남자뷰튜버의일상,1
큐영레오제이,1
청룡영화제마마무,1
#태블릿조작,1
#태블릿pc,1
#북콘서트,1
#최순실태블릿,1
#손석희jtbc집회,1
#손석희의조작,1
#손석희의저주북콘서트전주,1
#김,1
30??????,1
마마무축하무대,1
singles,1
?????????????????????????,1
????????????3??????,1
18+thailand,1
5),1
???50(2,1
takemeout,1
워너원고시즌23화,1
#손석희의저주이벤트,1
#손석희논문,1
#홍석현회장,1
#손석희앵커규탄집회,1
#서부지법,1
#jtbc민사소송,1
#태블릿pc보도,1
#민사소송소장제출,1
#jtbc손석희앵ㅇ커,1
워너원고강다니엘컷,1
워너원리액션,1
강다니엘마스터키,1
강다니엘리액션,1
워너원고제로베이스3회,1
season12,1
강다니엘고양이,1
워너원고재로베이스3회강다니엘cut,1
워너원고강다니엘cut,1
워너원고23회,1
강다니엘어깨,1
sarangahaarakotiyaepisode228,1
haarakotiyas01e228,1
tvthunder,1
?????????????????????,1
???????????????????????????????,1
??????????????18+,1
????3,1
takemeoutthailand,1
#변희재jtbc집회,1
#jtbc지보히,1
#손석희의저주교보,1
theweeknd,1
샤이니종현발인,1
강령술,1
??.????????????,1
뉴이스트김종현,1
jr어니부기,1
미앤미jr,1
홍록기,1
김종현어니부기,1
강신일,1
미앤미김종현,1
2pm,1
황찬성,1
준케이,1
배우신세경,1
김종현치킨,1
뉴이스트jr,1
얼굴,1
레드벨벳예리,1
종현발인식,1
갓다니엘,1
박해미남편황민이혼이유(이혼사유),1
김상균,1
hunus,1
유치해도,1
소희,1
??ep51,1
??第51集,1
??51,1
justinbieber,1
spooky,1
creepy,1
고스트스팟,1
ｅｘｏ,1
지금,1
??第50集,1
??50,1
??ep50,1
냉부해,1
냉장고를부탁해,1
헬스키친,1
mctranthanh,1
sauanhhaoquanglegiang,1
legiang,1
sqhqta?p10,1
sauanhhaoquangtap10,1
ｍｖ,1
ｅｌｅｃｔｒｉｃｋｉｓｓ,1
잔혹동화,1
チェン,1
haarakotiyas01e239,1
sarangahaarakotiyaepisode239,1
괴담,1
reddit,1
도시전설,1
도시괴담,1
오싹,1
creepypasta,1
scary,1
심령,1
2ch,1
왓섭,1
bestsongsof2017mashup,1
halsey,1
#변희재변땅크,1
bestsongsof2017,1
尹智聖,1
wolves,1
marshmello,1
popmashup2017,1
zedd,1
selenagomez,1
lorde,1
만난,1
미군,1
포세이돈,1
군인,1
[실제교신]미군해상초계기'포세이돈'을만난중국해군,1
미군해상초계기포세이돈을만난중국해군,1
군대교신,1
초계기,1
중국해군,1
에어포스,1
랩터,1
해상초계기,1
p-8,1
박지윤,1
별거가별거냐시즌2,1
박수홍,1
나쁜오빠,1
돈까스,1
#손석희강준만,1
#손석희의저주그랜드슬램,1
#변희재전주북콘서트,1
#변희재북콘서트,1
東方神起,1
少女時代,1
河成雲,1
sauanhhaoquangtap12,1
letmeloveyou,1
migos,1
djsnake,1
postmalone,1
demilovato,1
bestof2017,1
pop2017,1
shawnmendes,1
sauanhhaoquang12full,1
dongtaypromotion,1
sauanhhaoquang12,1
sauanhhaoquangh?ngt?,1
sauanhhaoquangt?p12,1
sauanhhaoquangt?p12full,1
sunny,1
sauanhhaoquanghongto,1
h?ngt?,1
sauanhhaoquangtap12full,1
sauanhhao,1
hongto,1
sauanh,1
cnblue,1
趙權,1
alessiacara,1
henry,1
姜丹尼爾,1
姜敏赫,1
鄭珍雲,1
mamamooreactiontwice,1
