Comedy_tags,number
아프리카tv,484
먹방,419
철구,407
남자,348
[none],307
꿀잼,300
웃긴,264
요리,257
bj,242
턱형,231
korean,230
인터넷방송,227
외국인,227
food,221
영국남자,220
josh,220
ollie,220
englishman,220
조쉬,220
영국,220
올리,220
bj철구,219
음식,219
afreecatv,219
아프리카철구,219
웃긴영상,216
도전,216
리뷰,211
man,206
코미디,206
mukbang,196
개그영상,193
바보,188
신흥재,187
웃찾사,187
문과이과,187
김성기,187
여자,183
영상,176
삼겹살,174
윽박,173
치킨,173
최고다윽박,172
실험,169
반응,169
english,168
라면,168
비제이,168
인터넷방송bj유머방송,167
개그방송,167
유머영상,167
웃긴방송,167
게임영상,167
게임방송,167
chicken,166
낚시,166
김병만,165
koreanenglish,164
폭발,164
외국,163
매운,163
bbq,163
단,162
조엘,162
바다,162
댄,162
문과1등,161
이과1등,161
이그젝틀리,161
시골풍경,160
군필bj,160
요리먹방,160
베어그릴스,160
민물낚시,160
유명bj,160
작약꽃,160
가류탄,160
마을회관,160
취사병,160
바다낚시,160
jtbc,160
시골촌동네,160
민물,160
eugbak,160
국민바보,160
자연인,160
생생정보통,160
불로켓,160
시골사람,160
말이씨가됬네,160
커디스미디어,159
불닭볶음면,159
워너비,158
fried,158
조니,158
크리스,158
올리아빠,158
해물,158
신부님,158
이과젝틀리,157
미친남자,155
여캠,146
아프리카,145
연애,138
여름,132
red,131
대도서관,130
남녀,130
성인,130
imp,129
imp_red,129
석준,129
임프레드,129
리플에스,129
임프,129
ripple_s,129
ripple,129
상담,129
서영,129
리플레이,129
마태,129
심리,129
민욱,129
미나민욱,129
진아,129
미나,129
석준여름,129
예능,107
감스트,105
엽기,105
보겸,104
병맛,103
봉준,100
신태일,98
외질혜,90
허팝,83
조섭,79
유튜버,79
커플,77
재미있는,76
몰카,73
못말리는실험,72
동영상,72
experiment,72
신기한실험,72
1인미디어,72
섭이,72
섭이는못말려,72
키즈,72
게임,71
레전드,70
성수커플,68
리플,68
리플스,66
마태진아,66
레드박스,66
김윤태,66
푸워,65
지혜,64
리플즈,63
replay,63
양띵,63
피서영,63
진아마태,63
릴마블,62
스팀보이,58
새로운,58
channel,57
조시,57
졸리,57
런던,57
new,57
장추자,57
철구레전드,57
second,57
uk,57
채널,57
jolly,57
한국말,57
사생활,57
웃소,54
악어,54
코믹,53
블랙리스트,53
bj외질혜,52
철구지혜,52
아프리카bj,52
인터넷방송bj,52
아프리카비제이,52
이환,51
해운대,50
턱중,50
강아지,49
배틀그라운드,49
도깨비,49
패러디,49
카톡,48
김봉준,48
바로그거지,48
스님,47
송보길,47
벤쯔,47
유튜브,46
섹시,46
하이라이트,46
트렌스젠더,43
친구,42
치즈,41
김이브,41
팡튜브,41
의자에끼인,41
김보겸,41
yangpang,41
yangpangyoutube,41
도티,41
양팡youtube,41
양팡유튜브,41
엄마앞에서리액션하는,41
와꾸대장봉준,41
양팡,41
funny,40
생방송,40
유형,39
카카오톡,38
엄마,38
가족시트콤,38
무튜브,37
mutube,37
토크쇼,36
섹시여캠,36
물,36
송은이,36
bongjun,36
양팡가족,35
좋아,35
양팡가족시트콤,35
클래시로얄,35
여자친구,34
이별,34
소개팅,33
꽁트,33
결혼,33
올림픽,33
vivotv,32
리얼사운드,32
급식,32
water,32
리치,32
비보티비,32
거짓말,32
asmr,32
사람,31
웹예능,31
가족,31
댄스,31
고백,31
현실남매,31
수업,31
snl,30
피시방,30
시트콤,30
vivo,30
양팡언니,30
페북의자,30
양팡현실남매,30
양팡현실자매,30
가족방송,30
보물섬,30
현실자매,30
페북의자에끼인,30
선생님,30
페북의자녀,30
함정,29
일등미디어,29
웃찾사문과이과,29
첫사랑,29
코미디빅리그,29
코빅,29
woman,29
고기,29
ebs,28
아빠,28
성공,28
일상,28
바람,28
누나,28
더블비,28
세야,28
남자친구,28
마주,27
말하고싶은말,27
헤어지는카톡,27
남사친꼬시기,27
다시,27
가정상담,27
냉정한사랑,27
말안한,27
가족폭력,27
이별카카오톡,27
함정에빠지다,27
이별고백,27
여자꼬시기,27
사실결혼,27
가족문제,27
내기사랑,27
좋아해,27
사람이사람,27
사귀기,27
부부이혼,27
이성만나기,27
여자사귀기,27
비법,27
소개,27
오퍼스,27
남자꼬시기,27
여사친,27
습관적,27
연인관계,27
개그,27
만취녀,27
사랑해,27
가정이혼,27
game,27
헤어지는이유,27
머리나쁜여자,27
사별,27
보고,27
남사친,27
소개팅매너,27
눈물,27
사람의마음,27
수줍음,27
가정폭력,27
소개팅카톡,27
좋아지는,27
사실혼,27
헤어지는,27
머리나쁜남자,27
사랑의시작,27
이별카톡,27
고소,27
이른아침,27
학교,27
학원,27
승부욕,27
급식체,27
인강,27
fun,27
아침,27
이별관계,27
나좋아하,27
니가참좋아,27
꼬셔서,27
이성꼬시기,27
친구에게,27
카카오톡고백,27
바보들,27
꼬시기,27
사랑고백,27
내여자,27
오늘부터1일,27
사랑의과정,27
이혼,27
급식왕,26
마음의소리,26
야동,26
절대광자,26
브베,26
남순이,26
웹드라마,26
교감쌤,26
급식충,26
공부비법,26
교장쌤,26
연플리,26
담배,26
급식판,26
정광자,26
룰루랄라,26
전교1등,26
급식실,26
교육방송,26
땡땡이,26
엔조이커플,26
뚜띠모띠,26
팟캐스트,26
학교꿀팁,26
대딸맨,26
연애플레이리스트,26
노량진,26
공감영상,26
학교폭력,26
방송수업꿀팁,26
발가락쌤,26
얼간김준호,26
개콘,26
일진영상,26
기뉴다,25
방송,25
비밀보장,25
포메라니안,25
김치녀,25
잠뜰,25
몰래카메라,25
수업비법,25
김숙,25
유머,24
취중고백,24
취중진담,24
미친,24
습관적인사랑,24
느금마엔터,23
된장녀,23
wootso,23
송은이&김숙비밀보장,23
밴쯔,23
교실,22
재밌는,22
담임쌤,22
공부잘하는법,22
남순,22
담임,22
거대,22
교문,22
양혜원,22
지각유형,22
리치즈,22
사이다,22
실패,22
흔한남매,22
김영희,21
박막례,21
funny매드무비,21
박진주,21
피자,21
양호실,21
꿀팁,21
winter,21
유소나,21
양호쌤,21
안영미,21
강,21
river,21
맥주,21
김신영,21
소주,20
dog,20
최초,20
반려견,20
운동,20
집,20
염보성,20
눈,20
롤,19
olympics,19
카톡이야기,19
시청자,19
카톡사연,19
본능적인채널,19
인성,19
셀럽파이브,19
돼지,19
이수근,19
어벤져스,19
본능적인,19
카톡제보,19
신봉선,18
신동훈,18
국내,18
이과문과,18
최홍철,18
병원,18
홍철,18
개,18
고탱,18
car,17
불,17
show,17
비글즈,17
용느,17
앤디,17
쇼,17
슈기,17
국어쌤,17
짜장면,17
논란,17
박막례할머니,17
창현,17
싸움,17
kimchi,17
sleepground,17
빅민,16
트와이스,16
챌린지,16
이사,16
인기동영상,16
다이아tv,16
뒤에서1등,16
dance,16
일본,16
두더지,16
배그,16
타노스.대도서관,16
페이커,16
인기급상승,16
빅민타임,16
다이아채널,16
합동,16
women,16
지각,16
장난,15
내한,15
후기,15
사랑,15
shandy,15
김생민,15
영수증,15
sho,15
평창,15
andy,15
댕댕이,15
걸그룹,15
김생민의영수증,15
포메,15
만들기,15
크로롱,14
엔젤7777,14
papadogclub,14
클로얄신규카드,14
supercell,14
pongtv,14
말이야,14
molt,14
papadog,14
ddotty,14
테드찡,14
테드,14
울산큰고래,14
파파독,14
클로얄전설상자,14
샌드박스네트워크,14
클래시로얄전설상자,14
배틀로얄,14
이병욱,14
로얄의정석,14
clashroyale,14
클로얄클랜상자,14
비누,14
bj장추자,14
끼야,14
die,14
랜덤덱,14
sandboxnetwork,14
슈퍼셀,14
king’scup,14
몰트,14
니얼굴윤겔라,14
클래시로얄상자까기,14
김하나,14
윤겔라,14
이거레알,14
fail,14
비누tv,14
클래시로얄버그,14
클로,14
파파독클럽,14
눈표범,14
겔튜브,14
ted,14
클래시로얄광고,14
스타,14
판벌려,14
목욕,14
박막례여사,14
하는법,14
battleroyale,14
클로얄버그,14
한국,14
채채,14
인디,14
배로,14
클래시로얄도티,14
하창봉,14
정배우,14
클로얄버그판,14
clashroyaleinvitational,14
pizza,14
막례할머니,14
킹스컵,14
ㅇㄱㄹㅇ,14
채희선,14
자동차,13
박병진,13
비트코인,13
케미,13
시장,13
춤,13
koreanfriedchicken,13
김택용,13
olympic,13
이제동,13
샌드박스,13
겨울,13
korea,13
뮤비,13
물고기,13
순위,13
편의점,13
fire,13
뮤직비디오,13
반려동물,13
이영호,13
박병진용사,13
박수범,12
송병구,12
블루멀포메,12
김윤중,12
무엔터,12
염깨비,12
house,12
bj유연,12
리그오브레전드,12
외질,12
pork,12
소고기,12
킹기훈,12
거박2일,12
블랙코미디,12
배,12
남캠,12
social,12
용사tv,12
아리,12
철구와이프,12
용사박병진,12
용사티비,12
고전,12
운용태,12
민여정,12
소아,12
부산,12
몽군,12
핵빵디,12
보성,12
염보,12
라박이,12
eating,12
비디오게임,12
mobile,12
무한도전,12
bj소아,12
택용,12
염보성슈기,12
여정,12
호링클,12
대왕,12
asl,12
영호,12
명경기,12
신비,12
스타크래프트,12
bj신비,12
최호선,12
유연,12
전지혜,12
철구마누라,12
택뱅리쌍,12
lol,12
bj여정,12
염슈기,12
스타크래프트1,12
과일,12
스타1,12
일진,12
신기한,12
대형,12
리마스터,12
빵디,12
스타리그,12
과자,12
염튜브,12
여순,12
랭크,12
타요,12
윤중,12
스타2,12
느금마,12
김치,12
유병재,12
문과1등이과1등,12
천소아,12
michinnamja,11
재미,11
차,11
난쟁이성현,11
소다,11
브이로그,11
johnny,11
대박,11
강호동,11
위험,11
tdc,11
공대생,11
리니지m,11
서울,11
seoul,11
예방접종,11
웃찾사문과1등이과1등,11
호떡,11
문재인,11
트럼프,11
흙,11
men,11
핸드폰,11
채채tv,11
prank,11
결혼준비,11
채고점,11
최고점,11
적금,11
ㅋㅋ,11
로봉순,11
기름,11
pig,11
동계,11
soju,11
로이조,10
시카고,10
선물,10
이상민,10
마인크래프트,10
chicago,10
minecraft,10
diy,10
젤리,10
붕어빵,10
휴대폰,10
해운대오퍼스,10
양팡합방,10
계란,10
life,10
snow,10
김하온,10
ice,10
돼지고기,10
소리,10
이병재,10
트위치,10
블루멀포메라니안,10
sound,10
미스테리,10
섄디,10
신기,10
인간,10
빡빡이,10
오버워치,9
초,9
fish,9
왕,9
chimek,9
데드풀2,9
통닭,9
출렁,9
beer,9
chimaek,9
치맥,9
deadpool2,9
북한,9
jeon,9
ryanreynolds,9
노래,9
데이트,9
디저트,9
처음,9
배변패드,9
hai,9
웃소유형,9
학생,9
나혼자산다,9
기안84,9
아자르,9
challenge,9
강릉,9
액괴,9
문과이과웃찾사,9
hai2018,9
phimhaibinhminh,9
phimhaihay,9
생선,9
phimhai2018,9
과거,9
phimhai,9
시상식,9
money,9
참치,9
계곡,9
애견,9
참여,9
makgeolli,9
글래머,9
이성현,9
미팅,9
공부,9
인피니티워,9
공감,9
클래시로얄버그판.클로얄핵,9
1등미디어,9
pajeon,9
라이언,9
막걸리,9
노래하는코트,9
hangang,9
reynolds,9
김치전,9
파전,9
deadpool,9
데드풀,9
hanriver,9
광고,9
실시간,9
레이놀즈,9
한강,9
market,8
육거리,8
귀여운강아지,8
혜지,8
hait?t2018,8
haitet2018,8
지황,8
클레이,8
phimhait?t2018,8
헬스,8
슈나우저,8
haim?i,8
메이킹,8
넌,8
friedrice,8
칼,8
phimhait?t,8
#hait?t2018,8
#phimhai,8
청주,8
haitet,8
애완견,8
술,8
phimhaitet2018,8
김치볶음밥,8
hait?t,8
phimhaitet,8
튀김,8
창,8
아이스크림,8
액체괴물,8
케이,8
도넛,8
송민호,8
팥,8
beef,8
이영자,8
장난전화,8
대머리,8
흘러가는대로,8
자연적인사랑,8
비밀,8
박나래,8
난,8
고추장,8
성대모사,8
물라스틱,8
태경,8
푸들,8
rappeler,8
cheongju,8
강은호,8
pewdiepie,8
물풀,8
넌내여자,8
점토,8
막말,8
최화정,8
웃기는,8
강아지용품,8
현재,8
cute,8
couple,8
phone,8
팝콘,8
스티로폼,8
얼음,8
리뷰어,8
배우,8
엔터,8
스포츠,8
배달음식,8
기발,8
핫도그,8
김승진,8
청산별곡,8
봉준보미,8
자이언티,8
스트로폼,8
땅굴,8
미투,8
양팡합동방송,8
dr.strange,8
좋니,8
파티포메라니안,8
n행시,8
웃찾사문과1등,8
중국,8
유정호,8
너구리,8
중국인,8
웃음코뿔소,8
컵라면,8
웃찾사이과1등,8
엠브로,8
셀럽이되고싶어,8
오징어,8
남매,7
vlog,7
와사비,7
coupledate,7
한손에총들고,7
빵,7
muckbang,7
japan,7
유튜브라이브,7
19금,7
야한,7
리니지,7
고등래퍼2,7
부자,7
kfc,7
핵,7
mom,7
ski,7
스키,7
해외,7
jjajangmyun,7
jokbal,7
크리스마스,7
pig'sfeet,7
delivery,7
tangsuyuk,7
족발,7
엽캠,7
jjajangmyeon,7
돈,7
sweetandsour,7
유형별,7
강식당,7
어묵,7
멜로망스,7
전쟁,7
탕수육,7
액션홍구,7
사건,7
콘텐츠,7
한국어,7
cutedog,7
깜찍한,7
puppy,7
칼군무,7
피키캐스트,7
뚝배기,7
보겸tv,7
샨디,7
보황,7
보이루,7
양팡하이라이트,7
영화,7
시골,7
양팡남순,7
차량,7
봉준채보미,7
돌,7
양파,7
춤판,7
호불호,7
디바제시카,7
쿡소,7
레시피,7
건강검진,7
개사료,7
한우,7
은지원,7
오소리,7
배변,7
binhminhfilm,7
파보장염,7
남친,7
중딩,7
eurosport,7
귀여운,7
kpop,7
hait?tm?inh?t2018,7
đ?igiachanđ?t8,7
아프리카tv시상식,7
chaechae,7
개그맨,7
혜지지황,7
오토바이,7
배우들,6
섭ohbar,6
과학,6
할리우드,6
뜨뜨뜨뜨,6
패싸움,6
전화,6
동물,6
사과,6
정신,6
생맥주,6
cgv,6
남성,6
버터,6
러너,6
나쵸,6
갈릭,6
찌개,6
딜런오브라이언,6
버터구이,6
어니언,6
이기홍,6
기홍,6
여성,6
메추라기,6
감사합니다,6
축구,6
예언,6
우주,6
양팡가족방송,6
삐약이,6
우주일년,6
개벽,6
박상현,6
마인크래,6
랭킹,6
티비플,6
삐약이형,6
팬,6
sns,6
자금,6
고등래퍼,6
홈메이드,6
단점,6
여유자금,6
뷔페,6
메추리,6
장점,6
대한건아턱형,6
megabox,6
딜런,6
호텔,6
수능,6
촬영현장,6
성현,6
남동생,6
택배,6
컨텐츠,6
야식,6
3옥타브장인,6
talk,6
클라인,6
음료,6
머랭쿠키,6
달리기,6
주인,6
pyeongchang,6
노트,6
phimhaim?i,6
아이폰,6
celebfive,6
now,6
오담률,6
평창올림픽,6
짓,6
만드는법,6
특이,6
웃음,6
셀럽5,6
비상,6
응아응아,6
중대발표,6
고민상담,6
토마스브로디생스터,6
인강레전드,6
정승제레전드,6
정승제,6
2019,6
웃긴인강,6
산악,6
강의,6
메달,6
생스터,6
오브라이언,6
강좌,6
메이즈,6
토마스,6
케익,6
여행,6
양팡가족영상,6
술밥,6
김영철,6
가족영상,6
죽음,6
유나땅,6
conveniencestore,6
호날두,6
바로셀로나,6
치킨이닭,6
비디오빌리지,6
학교영상,6
피파,6
반려견배변훈련,6
강아지훈련,6
심쿵사,6
반려견병원,6
섭이일상,6
배변훈련,6
반려견훈련,6
학교에서꿀팁,6
학교지각,6
방산고,6
앵지,6
이아린,6
브베그라샤,6
이수은,6
코리안브로스,6
문재인조롱,6
스트리머,6
브베그라샤영상,6
남자학고꿀팁,6
마블,6
cupramen,6
채채티비,6
홍대,6
학교유형,6
지각영상,6
한조,6
메시,6
ramyeon,6
funvideos,6
인피티트,6
쿠킹,6
트럼프연설,6
타노스,6
foreigner,6
꽈배기,6
도장,6
송판,6
매워,6
목판화,6
깨기,6
빌리지영상,6
유니버스,6
격파,6
미션,6
강아지배변훈련,6
삼성키스타임,6
항튜브,6
남매키스타임,6
아는형님,6
키스타임,6
머리,6
라팍키스타임,6
라이온즈파크키스타임,6
매운짬뽕,6
삼성라이온즈키스타임,6
야구장키스타임,6
혜리,6
눈알돌리기,6
신과함께,6
cupramyeon,6
눈쟁이,6
문재인흉내,6
판을벌이는려자들,5
chaechaetv,5
피키픽처스,5
chadwickboseman,5
짬뽕,5
안철수,5
안혼나는법,5
거북선,5
samgyeopsal,5
애기,5
avengers,5
희선,5
clip,5
파티포메,5
윽튜브,5
real,5
비보,5
가족리액션,5
목살,5
koreanbbq,5
금지리액션,5
설레는영상,5
좋은점,5
scarlettjohansson,5
호짜2,5
양팡친언니리액션,5
어머니,5
자취,5
고장환,5
베이킹,5
채팅앱,5
hanwoo,5
cm,5
아버지,5
marvel,5
100만원,5
아기,5
noodle,5
개는,5
한미정상,5
쌈장,5
홈베이킹,5
samgyeop,5
moksal,5
samjang,5
나쁜점,5
인스타그램,5
정준하,5
홍구,5
김희철,5
드립,5
애드립,5
민경훈,5
박근혜,5
hanjungsal,5
한미정상회담,5
피타플래닛,5
세남매,5
에미레이트,5
peetaplanet,5
상어,5
emirati,5
shark,5
emirates,5
양팡세남매,5
편집자,5
두바이,5
uae,5
리네스북,5
dubai,5
porkbelly,5
반장선거,5
haitetmoinhat2018,5
hait?tm?inh?t,5
에미리트,5
구독,5
커플영상,5
레자바지,5
소통,5
가재,5
도네,5
eatingshow,5
비글커플,5
양세형,5
고르곤졸라,5
나루토,5
옵션열기,5
comedic,5
개청자,5
리액션,5
보미,5
스팀,5
관광객,5
놀러갈만한곳,5
삼행시,5
나얼,5
video,5
좋아요,5
date,5
난쟁이성현여자친구,5
road,5
load,5
박명수,5
시계,5
부부,5
이명박,5
평창스니커즈,5
데이트코스추천,5
새우,5
커플데이트영상,5
닭발,5
젤리셔스,5
이행시,5
민서,5
chrispratt,5
tourist,5
s.scouple,5
겨울왕국,5
해산,5
반죽,5
off,5
커플놀러갈만한곳,5
커플놀만한곳,5
이성현여자친구,5
양팡봉준,5
뽀뽀,5
phimhay2018,5
비글커플데이트,5
비글여친,5
항정살,5
과실주,5
공포,5
커플데이트코스,5
talkshow,5
박스,5
오프로드,5
달달한영상,5
강아지간식,5
커플데이트,5
anthonymackie,5
스낵,5
수타,5
취사,5
비글남친,5
커플데이트장소,5
아이돌,5
코카콜라,5
난쟁이수은,5
여친장난,5
이로한,5
phimhay,5
language,5
스트리밍,5
남친장난,5
반도녀,5
트젠,5
dish,5
리니지m광고,5
lou,5
giordano,5
딥,5
디쉬,5
deep,5
트레져헌터,5
jellyphone,5
딥디쉬,5
전남친,5
이슬이,5
스킬,5
젤리폰,5
ear,5
먹방레전드,5
mic,5
고로케,5
중앙,5
만만,5
번데기,5
giordano's,5
binaural,5
먹방치킨,5
철구를웃겨라,5
은,5
용느님,5
코트,5
누텔라호떡,5
피부,5
맛있,5
크림,5
hotteok,5
누텔라,5
도너츠,5
홍방장,5
햅번,5
pancakes,5
nutella,5
찹쌀,5
크리스피,5
똘끼,5
리니지m기사,5
닭강정,5
리치도못말려,5
snack,5
떵개,5
데쓰나이트,5
리니지m요정,5
갓건배얼굴,5
양말,5
회,5
king,5
간장,5
급류,5
수산,5
껍대기,5
껍데기,5
볼살,5
sexy,5
라떼,5
소스,5
커피,5
뽈살,5
기훈이,5
철빡이,5
선거운동,5
유주팬클럽,5
바른정당,5
리니지m법사,5
막부,5
잠자리노래,5
리니지m공성전,5
잠자리애무,5
리니지m불도그,5
리니지m무과금,5
19세,5
갓건배메갈,5
쪼꼬북,5
리니지m인범,5
용튜브,5
용느tv,5
pet,5
자유한국당,5
김무성,5
리니지m드슬,5
갓건배참교육,5
시키면한다,5
펫,5
드라이룸,5
koreanpancakes,5
마이크,5
샤워,5
hozzaa2,5
약빤노래,5
식품,5
건강,5
가즈아,5
쇼핑,5
우부부부에,5
약빤광고,5
반도의흔한애견샵알바생,5
키,5
풀,5
이유,5
귀엽,5
일대기,5
강아지말리기,5
피카츄,5
공주,5
윽박폭로,5
comedy,5
정치인성대모사,5
호짜,5
그녀,5
상어녀,5
battleground,5
안겨,5
가장긴이름,5
이름긴사람,5
항엔터,5
오사스,5
유서니,5
병맛노래,5
지방선거,5
chrisevans,5
namja,5
물레방아,5
청남동,5
더불어민주당,5
독일빵,5
세제,5
이슈스틱헤럴드,5
갈대,5
fiji,5
개인,5
펫케어,5
그,5
통구이,5
crazyman,5
lg,5
윽박사건,5
alligator,5
상황극,5
두어렁셩,5
니가내여자,5
생활건강,5
병맛광고,5
1박2일,5
금,5
마트,5
에이에스엠알,5
귀,5
microphone,5
michin,5
3dio,5
이재명,5
감자,5
crocodile,5
불도그,5
웃긴광고,5
멍멍이,5
약빤영상,5
윽박과거,5
연대기,5
폭로,5
코코넛,5
산,5
서경별곡,5
하쁠리,5
병맛영상,5
cf,5
펫드라이룸,5
웃긴노래,5
vita500,4
시청,4
애완,4
곡괭이,4
비타500,4
간호사,4
sikhye,4
기말고사,4
skiers,4
슬로프스타일,4
bananamilk,4
사진,4
영화관,4
철구성대모사,4
멀티방,4
봉봉,4
freeskiers,4
fen,4
drinks,4
유기견,4
#블랙핑크,4
#롤,4
배그할때꼭있는유형,4
배틀그라운드실사판,4
배그모바일,4
배그신맵,4
컬링,4
웃소배그유형,4
정장,4
웃소카톡상태메시지유형,4
함성,4
숲,4
웃소배그,4
유로스포츠,4
배그유형,4
카톡역관광,4
카톡상메유형시리즈,4
배그핵,4
입수,4
추위,4
카톡상메유형,4
배그친구유형,4
1등각,4
사인회,4
fan,4
사인,4
#배틀그라운드,4
#유병재,4
배그실사판,4
#뮤직뱅크,4
바나나우유,4
bongbong,4
이글루,4
작약,4
영암,4
전라도,4
igloo,4
묵방,4
망치부인,4
snowhouse,4
빅뱅이론,4
루틴,4
배그대기실유형,4
배그하이라이트,4
아침햇살,4
팬사인회,4
slopestyle,4
웃소배틀그라운드,4
식혜,4
#트와이스,4
#레드벨벳,4
#마마무,4
#유병재케이스,4
eat,4
#모모랜드,4
웃긴동영상,4
eatingsound,4
허경영,4
첫목욕,4
마더,4
울음참기,4
정현,4
페더러,4
유병재라이브,4
조코비치,4
심쿵,4
상어송,4
상어가족,4
현송월,4
심멎주의,4
코미디언,4
이번판은춤판,4
mv,4
용돈,4
문학의밤,4
강아지목욕,4
심멎,4
오드아이,4
parksanghyun,4
카톡상메심리,4
사이먼,4
상메유형,4
01커플,4
강아지목욕시키기,4
상태메시지유형,4
spiderman,4
워,4
인피니티,4
카톡상메추천,4
유행어,4
애교,4
klementieff,4
김밥,4
reggaeton,4
cubase,4
pollo,4
결혼식,4
cover,4
승냥이,4
김태성,4
시키면먹는다,4
luisfonsi,4
despacito,4
태국인,4
variaudio,4
간식,4
술먹방,4
다이어트,4
인삼,4
daddyyankee,4
성화봉,4
손수,4
계주,4
대표,4
응원,4
범죄도시명장면,4
귀엽다,4
강아지첫목욕,4
강아지예방접종,4
시간잘가는,4
목소리,4
모음,4
배꼽빠지는,4
realsound,4
카톡사이다,4
망부,4
병원비,4
게,4
먹킷리스트,4
갓숙,4
카톡상메저격,4
신,4
01,4
공대생김하나,4
여고생,4
댄스팀,4
신인,4
비교영상,4
웃김,4
데뷔무대,4
보나,4
통장,4
카톡레전드,4
내역,4
착시,4
opticalillusions,4
illusions,4
웃소카톡상메유형,4
milkis,4
밀키스,4
모의고사,4
시험기간,4
철구영상,4
컨닝만드는법,4
컨닝페이퍼,4
샘오취리,4
워킹데드,4
김하나공대생,4
곤지암,4
카톡유형,4
올리브,4
cumberbatch,4
인피니트워,4
상메저격,4
그루트,4
다이아티비,4
benedict,4
숙제,4
hiddleston,4
겁,4
푸드테라피,4
olive,4
방탄소년단,4
리브,4
소확행,4
loki,4
카톡상메,4
성용,4
pom,4
roleplay,4
holland,4
tom,4
cook,4
카톡상태메시지유형,4
밥블레스유,4
착시현상,4
먹계록,4
일루전,4
일루젼,4
optical,4
상메추천,4
상메뜻,4
경유,4
카톡고백,4
내가싼똥,4
thetonightshow,4
bendictcumberbatch,4
비하인드,4
comedysketches,4
촌,4
마누라,4
television,4
몰폰,4
참치먹방,4
themarvelbunch,4
사시미,4
참치회,4
스시,4
참치코스,4
fallonmonologue,4
humor,4
권필,4
야나두,4
celebrities,4
안시우,4
딸기탕후루,4
엄크,4
103kg입니다,4
관리자,4
유튜브관리자,4
백삼,4
fallonstand-up,4
악마의먹방,4
시니,4
교복입고,4
피자헛,4
테니스1등,4
졸업,4
짜장면먹바으,4
인척,4
합성,4
베트남,4
초딩,4
봉준여자친구,4
테니스,4
은행,4
대출,4
닭고기,4
인천대장,4
화살,4
명준,4
썰,4
낚시왕,4
교도소,4
성명준,4
박종덕,4
신라면,4
유도,4
빵가루,4
대장,4
드링코,4
동계올림픽,4
eatingasmr,4
tanghuluasmr,4
정형돈,4
선수,4
와인,4
ㅋ,4
인기유튜버,4
간장게장,4
스피드먹방,4
athletes,4
주방,4
맛있는,4
튀김가루,4
돈까스,4
감스터,4
샤프심,4
nbc,4
뜨는유튜버,4
화재,4
고기튀김,4
학교생활,4
비타민,4
조선,4
가장비싼,4
골드쿠폰,4
새해,4
초콜릿,4
매니저,4
양팡유튜브관리자,4
강식당예고,4
wannaone,4
워너원,4
마술,4
신서유기,4
강식당3회,4
백종원,4
설거지노예이수근,4
예능티비,4
강식당오므라이스,4
tvn강식당,4
tvenjoy,4
강호동가스,4
설거지노얘,4
안재현,4
이수근까스,4
나pd,4
kangskitchenep3,4
강식당이승기,4
염색,4
랩,4
1억,4
사이퍼,4
매운음식,4
못해,4
당사자,4
파혼,4
btsperformsfakeloveatbbmas2018reaction,4
실화,4
감동,4
외국인반응,4
metoo,4
movement,4
미투운동,4
eatingsoundasmr,4
스팸탕후루,4
탕후루만들기,4
탕후루,4
아이스크림탕후루,4
tanghulu,4
나형석,4
신서유기외전,4
어플,4
variety,4
홍대거리,4
shoogi,4
jimmyfallon,4
funnyvideo,4
chrishemsworth,4
robertdowneyjr,4
highlight,4
ironman,4
뉴스,4
메리크리스마스,4
nbctv,4
tonight,4
blackwidow,4
튜닝,4
infinitywar,4
말장난,4
유튜브편집자,4
양팡유튜브편집자,4
혜서니,4
interview,4
jokes,4
news,4
크리스마스노래,4
크리스마스를보내는,4
성탄절,4
크리스마스선물,4
크리스마스영상,4
크리스마스캐롤,4
유형별크리스마스,4
크리스마스카드,4
웃소크리스마스,4
웃소크리스마스유형,4
10가지유형,4
크리스마스유형,4
크리스마스메이크업,4
거리노래방,4
castsings,4
talent,4
둥둥미디어,4
바나나,4
직접,4
대왕초밥asmr,4
복숭아콜라,4
가구,4
로또,4
태훈연어,4
자취집,4
자취경력,4
대왕초밥만들기,4
연어asmr,4
채희선자취방,4
이삿짐센터,4
서울월세,4
롤러장,4
김승혜,4
대왕초밥먹방,4
피치,4
집공개,4
유수,4
복숭아,4
class,4
한정판,4
study,4
정유빈,4
gun,4
정승제정유빈,4
수학,4
가슴,4
수능특강,4
대수능,4
올림포스,4
rich,4
만수르,4
김구라,4
정리정돈,4
간장연어장,4
연어초밥asmr,4
혼놀,4
웃소연어,4
초밥asmr,4
웃소초밥,4
연어장만들기,4
원룸투어,4
연어리얼사운드,4
쿡소태훈,4
초밥먹방,4
윽순,4
대왕스시,4
벤쯔초밥,4
연어초밥리얼사운드,4
짐맡기기,4
혼술,4
쿡소연어,4
점보스시,4
연어초밥먹방,4
쿡소초밥,4
월세,4
대왕초밥,4
basic,4
wach,4
채희선집,4
원룸전세,4
1인가구,4
연어장먹방,4
연어먹방,4
반전세,4
석유,4
정유빈레전드,4
joel,4
haihay,4
전세,4
신길동매운짬뽕,4
윙윙,4
wingwing,4
hite,4
원룸,4
friedchicken,4
벙커,4
자취방,4
마타주,4
hangeul,4
level,4
advanced,4
dan,4
매운짬뽕먹방,4
song,4
이포보,4
결정,4
선택장애,4
선택,4
머먹지?,4
결정장애,4
뭐먹지?,4
기념,4
mini,4
파워에이드,4
사대강,4
카톡상태메시지,4
신길동,4
인천,4
아찌짬뽕,4
baby,4
중국집,4
지하,4
보관,4
essential,4
유전,4
배수관,4
공개,4
배수로,4
대피소,4
한글,4
양팡남동생,4
이삿짐,4
언어,4
cake,4
배그서버,4
intermediate,4
배그웃긴장면,4
배그강의,4
배그할때유형,4
짐보관,4
배그핵유형,4
배그신총,4
배그할때꼭있는친구유형,4
고태후니,4
beginner,4
말,4
bread,4
디자이너4행시,3
은메달,3
돈스테이크원본,3
개웃긴,3
bbmasjkabsreactionscompilation(part2),3
돈스테이크먹방,3
해리쿡소,3
대야,3
양팡짬식이,3
돈스테이크미우새,3
기록,3
쿡소스테이크,3
패밀리,3
키프클랜,3
돈스테이크,3
핵웃긴,3
인천연합,3
쿡소해리,3
고무,3
진짜웃긴,3
영화바람,3
치즈리뷰,3
위험한놀이,3
여성유튜버,3
스모크치즈,3
돈스테이크asmr,3
크리에이터,3
게임유튜버,3
양평,3
기네스북,3
100만구독자,3
남자들이일찍죽는,3
빙상,3
시대,3
돈스파이크스테이크,3
돈스테이크벤쯔,3
쩌는,3
무모한,3
삽,3
앙숙,3
짱,3
체다치즈,3
마인크래프트유튜버,3
마크유튜버,3
관종,3
싸움판,3
싸우는,3
엘사,3
길리슈트,3
욕,3
은폐,3
여성성,3
슈트,3
촬영,3
윤진영,3
서로,3
두째날,3
1등,3
위험한,3
멍청한,3
남자들이,3
짬식이,3
빵터지는,3
소름돋는,3
일찍,3
양팡동생,3
아프리카tv여캠,3
남자가일찍죽는,3
무서운놀이,3
이집사,3
대량,3
음폐,3
일찍죽는,3
사대,3
contry,3
남자들이란,3
팬미팅,3
이집사studio,3
개꿀잼,3
길리,3
위험한장난,3
무서운장난,3
남자가,3
두번째,3
st,3
돈스테이크리얼사운드,3
두번째날,3
엄폐,3
난리,3
고급치즈,3
예재형,3
서울민플러스치과,3
좀비술래잡기,3
연인화해,3
커플화해하는법,3
남자친구잔소리,3
여친만우절,3
만우절,3
잔소리많은남친,3
연인화해하는법,3
커플싸웠을때,3
잔소리많은여친,3
짖궂은장난,3
잔소리많은여자친구,3
만우절장난,3
남친잔소리,3
커플화해,3
여자친구만우절,3
무궁화꽃이피었습니다,3
웃소게임,3
엠티게임,3
아이러브니키,3
엠티장기자랑,3
웃소무궁화,3
미모,3
그림,3
엠티노래,3
엠티메이크업,3
웃소좀비,3
luxury,3
잔소리,3
연인싸웠을때,3
잔소리많은남자친구,3
음악,3
나쁜,3
애묘,3
놀기,3
농촌,3
안녕하세요,3
텐션업,3
hand,3
남친만우절,3
여친잔소리,3
공약,3
box,3
화해,3
라이터,3
주아,3
남자친구만우절,3
라이타,3
다코야끼,3
동족,3
공지,3
여자친구잔소리,3
큰,3
모험,3
문어,3
선언,3
동지,3
타코야끼,3
czech,3
명품,3
치과,3
레드향,3
운석,3
늪,3
갤럭시,3
나무,3
note,3
돌멩이,3
sellphone,3
풍경,3
장소,3
일,3
애쉬그라운,3
해쉬브라운,3
셀프,3
갤럭시s9플러스,3
갤럭시s9,3
samsung,3
원피스,3
언박싱,3
아이폰7,3
galaxys9plus,3
스마트폰,3
신상,3
이수근4행시,3
슈퍼모델4행시,3
이수근레전드,3
강호동4행시,3
슈퍼모델,3
work,3
gold,3
돌머리,3
fruit,3
alpine,3
oranges,3
mandarins,3
fruits,3
koreanpear,3
pear,3
apples,3
tangerines,3
나주,3
asiaticpear,3
릴레이그림,3
체코,3
알파인,3
사기,3
패밀리레스토랑,3
빕스,3
웃소술래잡기,3
우유,3
자갈,3
탐지,3
wood,3
찾기,3
s8,3
lost,3
금속,3
stone,3
씻기,3
산책,3
목줄,3
얘기,3
너무웃긴영상,3
토피,3
설,3
trifle,3
sticky,3
푸딩,3
애플,3
스폰지,3
크럼블,3
sponge,3
victoria,3
crumble,3
pudding,3
toffee,3
쌀,3
apple,3
빅토리아,3
트라이플,3
rice,3
dessert,3
푸드,3
불닭,3
cooking,3
#포항#지진#방송사고#주의하세요,3
야채,3
양식,3
놀리기,3
새집,3
강아지똥,3
강아지밥그릇,3
새로운집,3
강남거지,3
금메달,3
world,3
연예인,3
섭둥이들,3
안녕섭둥이들,3
가또블랑코,3
cutepuppy,3
러블리마켓,3
동메달,3
수제가구,3
강아지집,3
강아지배변패드,3
사이다영상,3
원목가구,3
강아지옷,3
강아지그릇,3
이사했어요,3
더블락스핀,3
티익스프레스,3
바이킹,3
회전목마,3
에버랜드,3
끝말잇기,3
강아지오줌,3
깜찍한강아지,3
빨리,3
카,3
박살,3
사마귀,3
빈첸,3
박준호,3
두오필름겔,3
듀오필름겔,3
피부질환,3
피부과,3
티눈,3
티눈제거,3
사마귀제거,3
사마귀수술,3
피지제거,3
티눈치료,3
사마귀치료,3
시험,3
티눈수술,3
피지,3
입마개,3
실랑이,3
고양이,3
cat,3
이야기,3
강형욱,3
고자,3
놀이,3
새끼,3
착한,3
fower,3
멋진,3
닭갈비,3
오프,3
짬뽐,3
시원,3
물놀이,3
충격,3
동태,3
상황,3
피,3
수박,3
봄,3
가을,3
민어,3
people,3
힘,3
로드,3
nice,3
상남자,3
변화,3
멋있는,3
평창올림픽컬링,3
반전매력,3
무표정,3
평창동계올림픽컬링,3
무표정카리스마,3
컬링김은정,3
카리스마,3
설명,3
화제,3
디자이너,3
세븐일레븐,3
이경규이덕화낚시,3
아르바이트,3
이경규레전드,3
은지원레전드,3
이경실몸,3
김구라레전드,3
알바,3
문희준,3
김신영고모,3
비싼,3
김신영다이어트,3
이경실,3
김효진돈의맛,3
악플읽기,3
악플,3
홍기훈,3
홍기훈싸움,3
대학생,3
절친노트,3
이경규,3
한국유튜버,3
섭이네가족,3
리치여동생,3
리치동생,3
슈퍼바우,3
댕댕이아기,3
전설,3
애견샵,3
리치가족,3
총,3
암컷포메라니안,3
신기록,3
핫팩,3
헌팅,3
트랜스젠더,3
김구라욕,3
이경실레전드,3
미쉐린가이드,3
k-pop,3
đ?igiachanđ?t,3
재료,3
수제,3
칼카나마알아철니,3
수헬리베붕탄질산,3
xemphimhai,3
#hai,3
xemhait?t,3
미션왓썹,3
테스터훈,3
양파전기,3
디바걸스,3
전기,3
양파와파워에이드,3
디바제니,3
핸드폰충전,3
onionpowerade,3
농협,3
일본음식,3
청국장,3
발효음식,3
보슐랭가이드,3
이윤석바디사운드,3
이윤석,3
김현철,3
이경실다리,3
김효진,3
김현철지휘,3
이윤석자이로드롭,3
김지선댄스,3
김현철왜그래,3
문희준뚱땡이,3
김지선,3
김신영레전드,3
은지원노래,3
낫토,3
배달,3
varietyshow,3
면,3
소진,3
턱소진,3
박현신,3
보이는라디오,3
글로벌,3
안소진,3
상견례,3
턱돌이,3
리스,3
항아리,3
영어공부,3
opus,3
무모한도전,3
실사,3
쏘우,3
코스프레,3
등산,3
턱형와이프,3
섭오빠,3
턱형아내,3
장모님,3
중식,3
영어회화,3
영어,3
동굴,3
gangg,3
설레임,3
엔단,3
하나나,3
지라라,3
생존게임,3
강지,3
pc게임,3
꽃핀,3
아프리카티비,3
위험한상견례,3
항아리게임실사판,3
인어공주,3
밥,3
강다니엘,3
got7fan,3
j-rock,3
k-popmemes,3
나야나,3
콜라,3
vixxfan,3
astrofan,3
btsfan,3
항아리게임코스프레,3
fanboy,3
kangdaniel,3
한식,3
j-pop,3
집밥,3
국,3
exofan,3
koreanvarietyshow,3
music,3
음착,3
케이팝,3
항아리게임,3
미션왓섭,3
보물찾기,3
직쏘,3
어린이날,3
10년친구,3
새총,3
infinitefan,3
knkfan,3
프로듀스101시즌2,3
bapfan,3
nctfan,3
클라스,3
seventeenfan,3
produce101fan,3
레몬전기,3
전기만들기,3
연말,3
기억안난다니까,3
중학생,3
키다리,3
god.턱형,3
자퇴,3
해명,3
성장기,3
키높이구두,3
연말파티,3
관상후기,3
마드모아젤,3
푸파,3
그사건,3
레바그사건,3
레바,3
그것이알고싶다,3
관상가,3
대한건아턱중,3
god.턱중,3
great,3
평균몸무게,3
말장난1등,3
키작으면좋은점,3
키크면,3
키작으면,3
아프리카시상식,3
성장통,3
아프리카tv대상,3
꼬맹이,3
미우새짜파게티,3
미우새짜장면,3
harmony,3
3도,3
3do,3
musicvideo,3
더블v,3
사주,3
피키,3
wine,3
블랙핑크,3
편의점커피,3
유남석,3
헌법재판소,3
김진태,3
인사청문회,3
블핑,3
기억의빈자리,3
화유기,3
관상,3
나쁜녀석들,3
베스트,3
강철비,3
blackpink,3
워터,3
인생,3
캡사이신,3
편의점라떼,3
캔커피,3
인도네시아여행,3
여행영상,3
상,3
양팡엠브로,3
엠브로양팡,3
mbro,3
인천공항,3
공항,3
족자카르타,3
인도네시아,3
생일케익,3
발리,3
유준호,3
유준호생일,3
비행기지연,3
자카르타공항,3
자카르타,3
아재개그,3
꾹tv,3
홈런볼,3
임홍규,3
강패,3
남구,3
싸움1등,3
larva,3
태규,3
홍트콤,3
샛별,3
노가리,3
화상채팅,3
무서운,3
이선민,3
천도칼빅민,3
공포게임방송,3
노래방,3
노래하는코트레전드,3
코트를웃겨라,3
깡패,3
지용환,3
화이트와인,3
하리보,3
곰팡이,3
레드와인,3
영구정지,3
은우,3
worcestershiresauce,3
stargazypie,3
peas,3
british,3
spaghettihoops,3
beans,3
stargazy,3
워스터소스,3
toast,3
영국음식,3
mushy,3
t?p2,3
다이소과자갯수,3
다이소,3
couplevideo,3
과자리뷰,3
hait?t2018m?inh?t,3
다이소과자리뷰,3
t?p1,3
딥치즈쉬림프피자,3
반올림,3
줄자,3
평균키,3
채좋점,3
억섭호,3
귀요미,3
160cm,3
키커,3
키높이신발,3
팻두,3
과자갯수,3
haibinhminh,3
과자실험,3
다이소과자,3
연말시상식,3
이거레알멤버,3
휴이,3
사연,3
재넌비밀,3
쟌넨,3
재넌,3
재넌토크쇼,3
섭이오빠,3
bar,3
mailtime,3
mail,3
천도칼컨텐츠,3
천도칼,3
여친,3
자장면,3
produce101season2,3
권회훈,3
박민성,3
중형차,3
yuvely,3
마사지,3
god,3
열대,3
dana,3
망고스틴,3
최성민,3
이용진,3
이별여행사,3
이국주,3
임건희,3
이상구,3
김나희,3
석포빌라b02호,3
김태환,3
안가연,3
최우선,3
망고,3
오인택,3
サトシ,3
꿀꿀선아,3
luin,3
darling,3
tapping,3
강제긍정,3
취중,3
대형차,3
20억,3
thomwhat,3
wang,3
ねこてん,3
쭈꾸미,3
breathing,3
딕헌터,3
입소리,3
ポケットモンスタ?,3
pikachu,3
롤플레이,3
주꾸미,3
연우,3
고추,3
자몽,3
파파야,3
banana,3
쌍절곤,3
쌍절곤리뷰,3
호신용품,3
열대과일,3
독도,3
pokemon,3
데이나,3
henna,3
ppomo,3
로켓단,3
아보카도,3
김승희,3
sksksk,3
김완배,3
젤리만들기,3
뽀로로젤리,3
김기욱,3
허안나,3
리얼극장선택,3
조영빈,3
김민호,3
컴funny,3
널생각해,3
김철민,3
한윤서,3
장도연,3
빅리그,3
문세윤,3
김주환,3
으랏차차대한민국,3
양기웅,3
자연인하와수,3
조현민,3
최지용,3
김병욱,3
김다온,3
최선영,3
김건,3
하준수,3
이진호,3
홈쿠킹,3
양세찬,3
이정수,3
안양교,3
개통령,3
박충수,3
부정,3
김경욱,3
love,3
마성의나래bar,3
신규진,3
양배차,3
해피엔드,3
김여운,3
나몰라엔터,3
로또1등,3
김두영,3
홍윤화,3
허미진,3
모델,3
이상준,3
오지라퍼,3
긍정,3
용과,3
황제성,3
김용명,3
정보현,3
라임,3
부모님이누구니,3
도로시,3
이은지,3
savage,3
아내,3
봉준여친,3
きまぐれクック,3
vr,3
아인,3
데이지,3
miniyu,3
trigger,3
트리거,3
earcleaning,3
alexa,3
eurosportafterparty,3
첫만남,3
노트8,3
merry,3
나윤,3
bompark,3
pyeonchang,3
혜빈,3
homeoftheolympics,3
태하,3
낸시,3
주이,3
cellphone,3
제인,3
momoland,3
드렌스젠더,3
bboombboom,3
여러분,3
고가,3
azar,3
성우,3
suzevi,3
touko,3
포켓몬,3
금지,3
뽀모,3
양팡자매,3
nomnomsammieboy,3
미니유,3
팅글,3
dickhunter,3
홍삼,3
unclej&mia,3
relaxing,3
톰왔,3
hyedy,3
seniro,3
한지이,3
자매,3
이성만남,3
박봄,3
massage,3
ピカチュウ,3
soy,3
채보미봉준,3
eraing,3
봉준이별,3
2ne1,3
meesh,3
네이버지식인,2
네이버지식인레전드,2
초록창,2
지식인,2
자양강장제,2
에너지드링크,2
네이버아이디만드는법,2
영덕,2
천도휘핑기,2
네이버지식인레전드답변,2
로켓,2
드링크,2
천도,2
저녁밥,2
폭죽,2
강아지식당,2
에너지,2
네이버,2
쌈,2
홍게,2
플로랄폼asmr,2
지식인레전드,2
셀럽,2
케이크,2
동생놀리기,2
뭐해,2
삐약이박상현,2
육회썰기,2
2018,2
반려견스튜디오,2
나무식당,2
나무상자,2
정승제중대발표,2
이미지,2
육회,2
이쁜여자,2
길에서,2
정승제이미지,2
플로랄폼,2
포르쉐,2
마세라티,2
스포츠카,2
고급차,2
개그맨유투버,2
소개팅앱,2
플로랄폼자르기,2
1000도휘핑기,2
sns스타,2
개그맨박상현,2
소개팅어플,2
mubang,2
대게,2
천도계란,2
코디,2
자일리톨껌,2
꽃새우,2
자일리톨,2
범프리카,2
강아지급식,2
저체중,2
마름,2
범프리카치킨,2
디톡스,2
패완얼,2
요요현상,2
비만,2
33사이즈,2
다이어트효과,2
아메리카노,2
날씬,2
전참시,2
자일리톨워터,2
반려견식당,2
비보레전드,2
사자성어,2
삐리뽕,2
무기,2
강아지밥,2
강아지급식기,2
수타면,2
수타자장면,2
중국요리,2
승리,2
다방,2
cctv,2
전용식당,2
중화요리,2
핫아이템,2
원격제어,2
붉은,2
나무스튜디오,2
영자미식회,2
천도거품기,2
박상현성용,2
코기,2
셔츠,2
jump,2
애견용간식,2
스와이프,2
개그맨유튜브,2
뷔페의상,2
엄정화,2
스와이프광고,2
반려,2
유명한소개팅,2
웰시코기,2
계란풀기,2
천도휘핑기계란,2
1000도거품기,2
개그맨유튜버,2
속임,2
휴게소,2
개그맨유투브,2
닭꼬치,2
전지적참견시점,2
휴게소먹방,2
반려견전용식당,2
보물상자,2
신기전,2
강아지스튜디오,2
삽질,2
미터,2
땅,2
업그레이드,2
지푸라기,2
초대형,2
점프,2
개간식,2
팝콘잡기,2
카메라,2
뭐해갈께,2
곤약,2
티난다,2
아무나못함,2
고충,2
직업,2
스쿼트,2
강제부정,2
채희선몸무게,2
몸매관리,2
허벅지살,2
관리,2
다이어트젤리,2
곤약에빠지다,2
회사,2
곤약젤리,2
신길짬뽕,2
바코드,2
배연서,2
김윤호,2
방재민,2
고랩,2
하온,2
팀대항전,2
신길매운짬뽕,2
족대,2
장애,2
장애인,2
유튜버연봉,2
통장잔액,2
고부간,2
어버이,2
부모님,2
여유,2
스트레스,2
유튜버면나쁜점,2
선플읽기,2
유튜버수익,2
날씬하면,2
컨텐츠크리에이터,2
욕실제품,2
루머,2
유튜버돈,2
유튜버일상,2
1인방송,2
수익창출,2
고추냉이,2
매운맛,2
생와사비,2
생고추냉이,2
사이즈,2
라인업,2
마눌,2
수질테스트,2
김밥집,2
무서운이야기,2
예쁨,2
추자방송,2
송대표,2
디그다,2
pyeongyang,2
naengmyeon,2
nengmyeon,2
평양냉명,2
팬츠ceo,2
헤운대,2
고민사연,2
평양,2
옥류관,2
northkorea,2
nengmyun,2
세부여행,2
pyeong-yang,2
다낭호수,2
섬,2
okryukwan,2
냉면,2
okryu-kwan,2
공포썰,2
베르사체,2
동굴수영장,2
폐차,2
맛있으면0칼로리,2
현지인,2
똘랑아일랜드,2
카모테스,2
스턴트,2
아저씨,2
act,2
악마를보았다,2
자유여행,2
액션,2
터지,2
사랑의물리학,2
감별사,2
세부,2
호수,2
화덕,2
cheese,2
남순양팡,2
namsoon,2
수영장,2
천연수영장,2
폐가,2
어버이날,2
낫포유샤워기,2
sence,2
수질,2
asmrsound,2
옷,2
44사이즈,2
낫포유,2
향균,2
테스트,2
몸무게,2
필터,2
foodasmr,2
realcookingsound,2
비타민샤워기,2
노토킹asmr,2
이치란,2
일본라멘,2
고베규라멘,2
다이어트전후,2
고급,2
라멘,2
이치란라멘,2
즉석라면,2
낫포유비타클렌징샤워기,2
페이스북,2
핫한아이템,2
クッキングサウンド,2
cookingasmr,2
몸매,2
갑,2
진흙,2
실제,2
갈께,2
센스,2
유튜브스타,2
꿈꾸는,2
통화,2
bts'fakelove'officialteaser2reaction,2
경사,2
페북스타,2
전태규,2
은나노,2
놀이동산,2
착함,2
현실,2
삐약,2
러붐,2
naengmyun,2
regret,2
허리,2
뱃살,2
옷사이즈,2
욕실,2
샤워기,2
염소시약,2
허리사이즈,2
valijonshamshiyev2018,2
kulgu,2
daxshatprikol,2
prikollar,2
alisherfayz2018,2
uzkino2018,2
sahro2015,2
prikol,2
uzbekkino,2
ummonguruhi2015,2
shukurulloisroilov2018,2
불구,2
uzbekprikolar2018,2
handalak,2
xayotiykulgu,2
ziyoda2018,2
zamonaviy,2
chocolate,2
kitkats,2
셴디,2
japanese,2
kitkat,2
킷캣,2
прикол,2
mirzoteatri2018prikol2018,2
uzbekkino2018,2
코난오브라이언자막,2
개미허리,2
요요,2
코난오브라이언조든슐랜스키,2
스토리오브더이어,2
스오더,2
코난오브라이언한글자막,2
코난스오더,2
코난오브라이언조든,2
코난한글자막,2
코난오브라이언코리아,2
코난오브라이언이탈리아,2
yangivideo,2
코난오브라이언남북정상회담,2
yangiuzbekkino,2
yulduzusmonova2018,2
lolayuldasheva2015,2
yangiuzbekkliplari,2
ozodbeknazarbekov2018,2
shahzodao'zbekkino,2
uzbekfilm,2
klip,2
uzklip,2
강아지전용식당,2
일본로봇커피,2
비트,2
noodles,2
화난스트리머,2
선수들,2
전설들,2
cupnoodles,2
우도땅콩라떼,2
편의점음료,2
제주도,2
캔,2
우도땅콩,2
캔음료,2
우도,2
영상편집,2
오빠가구운돼지,2
mariobros,2
삼겹살배달,2
닌텐도3ds,2
마리오,2
vr게임,2
가상현실,2
마크,2
ps3,2
별의커비,2
가상체험,2
instant,2
참이슬,2
가상,2
처음처럼,2
일본로봇,2
일본로봇바리스타,2
커피만드는로봇,2
바리스타로봇,2
커피로봇,2
무인카페,2
reaction,2
많이,2
수면,2
첫,2
정종,2
일본술,2
사케,2
streamer,2
후원,2
09,2
앵그리머,2
도네용,2
트수,2
우왁굳,2
후원용,2
twitch,2
donation,2
슈퍼마리오메이커,2
chlrhrl,2
로보트,2
아침이좋다양팡,2
kbs밀가루,2
kbs정정보도요구,2
양팡아침이좋다,2
kbs사과,2
민폐bj,2
밀가루민폐녀,2
범죄도시중국어,2
마동석,2
진선규,2
범죄도시,2
조선족,2
범죄도시조선족,2
윤계상,2
조선족말,2
페북,2
댓글,2
run,2
부활,2
빤스런,2
달립니다,2
꼬치,2
윽토바이,2
꼬치구이,2
정정보도,2
kbs아침이좋다,2
게임풀버전,2
조선족사투리,2
nintendo,2
ps4,2
슈퍼마리오,2
마리오메이커,2
매직트릭,2
최고기,2
supermario,2
오빠,2
커비,2
vr체험,2
스팀게임,2
인디게임,2
3ds,2
게임실황,2
19,2
최고기게임,2
노잼,2
편집,2
그영상,2
와이프,2
sstandsfor,2
woowakgood,2
항상화나있는,2
로봇이타는커피,2
로봇,2
제작,2
ginseng,2
애프터파티,2
afterparty,2
넘어,2
고무다라,2
윽짓거리,2
자랑,2
출전,2
미국,2
스켈레톤,2
usa,2
피겨,2
시속,2
우승,2
최민정,2
넘어지다,2
준결승,2
쇼트,2
픽처,2
동,2
달리,2
탈락,2
실격,2
국가,2
bacchus,2
꿀홍삼,2
big,2
바카스,2
커리,2
꽃게,2
오징,2
크레이지,2
crazy,2
배꼽빠지는영상,2
다비치,2
고속,2
speed,2
분식먹방,2
먹방비제이,2
무알콜맥주,2
은호,2
보드카,2
형,2
이공만,2
감스트탱구,2
병,2
탱구감스트,2
붕어빵만들기,2
쌍화탕,2
gangneung,2
redbull,2
박탈,2
빅,2
robot,2
세계,2
영화명장면,2
궁예,2
김영철궁예,2
명장면,2
겨울왕국노래,2
누구인가,2
같이눈사람만들래?,2
명대사,2
늑대소년명장면,2
장췐,2
안나,2
송중기,2
남친vs여친,2
해바라기명장면,2
김래원,2
드라마명장면,2
박보영,2
로봇커피,2
일본여행,2
chat,2
로봇바리스타,2
로보트커피,2
무인커피,2
겨울왕국명장면,2
미친짓,2
제로백,2
국가대표,2
구원,2
japen,2
신화,2
바로,2
짓거리,2
쇼트트랙,2
기원,2
빡빡,2
다라,2
성화,2
500m,2
u.s.a,2
달성,2
콧물,2
봅슬레이,2
과연,2
트랙,2
국기,2
루지,2
윽짓,2
픽쳐,2
전,2
스노우,2
런,2
삼촌,2
타고,2
야자수,2
유명세,2
금강연화,2
인생포차,2
조인성,2
인터뷰,2
100만,2
우결,2
캡사이신케익,2
조각케익,2
마블pd,2
50시간밤샘,2
밤새기,2
밤샘,2
오래밤새기,2
초코케익,2
변승주,2
잠안자기,2
100만기념,2
잠안자고버티기,2
잠안자고50시간,2
50시간,2
장금이,2
팜스테이,2
코코넛워터,2
코코넛오일,2
수술,2
밀가루,2
이구동성게임,2
커플이구동성,2
육포,2
jerky,2
earthworm,2
gabie,2
지렁이,2
국가비,2
가비,2
gabiekook,2
신상품리뷰,2
돼지바시리얼,2
돼지바광고,2
그것이알고싶다패러디,2
그것이먹고싶다,2
신상품소개,2
돼지바크런키,2
신상품,2
돼지바핫도그,2
돼지바,2
강민석,2
싱호,2
김상중,2
가파마을,2
30가지,2
잘모르겠어요,2
phimvn,2
quangteo,2
phimt?t,2
haik?ch,2
phimonline,2
phim,2
games,2
chang,2
pyeong,2
특집,2
마피아게임,2
한윤희,2
신과함께패러디,2
김해,2
립보호제,2
립글로즈,2
립밤,2
입술보호제,2
수다방,2
대청자,2
토크,2
대도님,2
buzzbean,2
수다,2
haim?inh?t,2
haibinhtr?ng,2
30,2
모바일대상,2
식당용,2
식당,2
민들어보자,2
기계,2
튀김기,2
t?p3,2
엠브로푸파,2
점보라면,2
도전먹방,2
엠브로점보라면,2
산타토익,2
채팅어플,2
앱,2
haitetmoinhat,2
phimtet,2
phimhait?tm?inh?t,2
phimt?t2018,2
ㅇ,2
맛있는맥주,2
kgb,2
후치,2
머드쉐이크,2
대상,2
이구동성,2
이경민,2
토크방,2
보슐랭,2
짭조쿠,2
벌레,2
과자만들기,2
라면땅,2
배송,2
교복데이트,2
손잡고데이트,2
교복,2
그리고연애,2
지점토,2
아이클레이,2
얼굴,2
몰래,2
귤,2
뮤탈,2
몰래먹방,2
병원밥,2
병원식사,2
풍월량,2
공기,2
과일소주,2
과일주,2
역대급,2
보겨미,2
ㅂㅇㄹ,2
캠방,2
가조쿠,2
핫쇼,2
나몰라패밀리협찬,2
나몰라패밀리아디다스협찬,2
고장환아디다스,2
고장환협찬,2
나몰라패밀리,2
진샤,2
고장환아디다스협찬,2
삼각김밥,2
삼김,2
조리법,2
요리법,2
특이한,2
메이커,2
쏫,2
와플,2
간단한,2
윽란도,2
랜덤채팅,2
생인삼,2
삼,2
건강식품,2
리얼,2
커버댄스,2
커버영상,2
하트쉐이커,2
몸치,2
정총무,2
고기먹방,2
고기값,2
케이집,2
금액,2
케이가쏜다,2
bj케이,2
슈가,2
지민,2
rm,2
제이홉,2
뷔,2
헌터,2
눈알미인,2
눈알,2
진기명기,2
관자놀이,2
호기심천국,2
마루에몽,2
블랜드s,2
조두순,2
멧돼지,2
트젠bj,2
계산,2
정총무가쏜다,2
케총무가쏜다,2
비빔밥,2
하트셰이커,2
커버,2
채보미,2
봉보미,2
피코크,2
슈퍼주니어,2
스파클링,2
프리미엄콜라,2
sm,2
양평해장국,2
해장국,2
킹크랩,2
요강,2
나진와치,2
밀당,2
봉준재걸,2
절교,2
드림월드,2
골드코스트여행,2
무비월드,2
퀴즈,2
사나이김기훈,2
shu,2
대도,2
hosptal,2
농부,2
방탄소년단해외방송,2
방탄소년단미국진출,2
지미키멜쇼방탄,2
줄,2
jungle,2
법칙,2
thejungle,2
건너기,2
nature,2
wild,2
bear,2
한계,2
rope,2
진짜,2
그리스,2
영하,2
rill,2
건너,2
btsjimmykimmellive,2
방탄소년단미국공연,2
방탄소년단해외,2
현아,2
comingout,2
계절,2
팔굽혀펴기,2
노출,2
russian,2
roulette,2
라이벌,2
한파,2
러시안,2
수심,2
러시아,2
복근,2
천안함폭침,2
임종석,2
김용철,2
김성태,2
북한김용철,2
터널,2
legand,2
게이,2
방탄소년단해외반응,2
농작,2
오글,2
중이병,2
오글거리는,2
영화를보고,2
중2병영상,2
철학,2
bts지미키멜,2
방탄소년단미국인터뷰,2
주작,2
오글거림,2
여자친구장난,2
bts지미,2
방탄소년단해외공연,2
오글몰카,2
트러블메이커,2
alliwannado,2
박재범,2
생명,2
천만,2
정글,2
legend,2
사계절,2
베어,2
limit,2
목숨,2
온도,2
그릴스,2
제철,2
natur,2
밧줄,2
로프,2
무한,2
조작,2
인기,2
근황,2
베어그리스,2
추움,2
grylls,2
커밍아웃,2
대결,2
troublemaker,2
방탄소년단해외팬,2
식폭행,2
식사,2
초코우유,2
밀크,2
초콜릿밀크,2
주간아이돌,2
흔한,2
방탄소년단미국반응,2
방탄소년단미국인기,2
가성비비교,2
방탄소년단미국,2
방탄소년단미국방송,2
지미키멜방탄,2
btsjimmykimmel,2
데프콘,2
2배속댄스,2
감자튀김,2
1등리뷰,2
저녁밥상,2
저녁,2
정성,2
밥상,2
모모랜드뿜뿜안무,2
양궁,2
btsjhopdaydreammvreaction,2
딸기바나나,2
spogym,2
badboy안무,2
redvelvet,2
스포짐,2
배드보이안무,2
momolandbboombboom,2
사회,2
셀파,2
미방송분,2
me,2
저녁상,2
폭행,2
맛,2
가성비,2
패스트푸드,2
vs,2
대한민국,2
알,2
스테미나,2
식감,2
전력,2
몸보신,2
스테미너,2
어른,2
보신,2
chant,2
맥도날드,2
떡볶이,2
tteokbokki,2
cheer,2
길거리헌팅,2
gay,2
룰렛,2
clad,2
커밍,2
회복,2
빵만들기,2
머랭쿠키만들기,2
질주,2
이주영,2
조명균,2
통일부,2
질감,2
힐링,2
먹기,2
수익,2
약빨방레전드,2
소금,2
코웃레전드,2
코트레전드,2
solt,2
원기,2
자라,2
혐오,2
소감,2
간,2
옥택연,2
농사,2
jaypark,2
make,2
응급실,2
스코빌,2
해산물,2
김태호,2
맨,2
수지,2
칼질,2
onion,2
할머니세뱃돈,2
making,2
조리,2
무한도전정준하,2
이동욱열애설,2
무한도전멤버,2
이동욱수지,2
시간잘가는영상,2
각종,2
새해복많이받으세요,2
김하나김동현,2
동동이가족,2
btsjimmy,2
방탄소년단해외인기,2
방탄소년단해외공연2017,2
방탄소년단해외반응한글자막,2
방탄소년단해외반응자막,2
하니,2
경련,2
애니매이션,2
kbs,2
무한도전박명수,2
조세호,2
유재석,2
김동현,2
무한도전양세형,2
세뱃돈,2
개웃긴영상,2
koreanactor,2
빨간,2
응급,2
지드래곤,2
나영석,2
위,2
런닝맨,2
일식,2
무한도전레전드,2
예능프로,2
윤아,2
명탐정코난,2
버라이어티,2
드래곤볼,2
유희열,2
무한도전지드래곤,2
전진,2
무한도전이동욱,2
이동욱,2
베스트무한도전,2
mbc,2
하하,2
노홍철,2
스코빌지수,2
무한상사,2
sbs,2
이상순,2
이효리,2
보루토,2
무한도전베스트,2
효리네민박,2
tvn,2
maker,2
어,2
양배추,2
무한도전하하,2
무도,2
김하나가족,2
양파링,2
아빠세뱃돈,2
김아랑심석희,2
그녀가,2
주목받는이유,2
평창동계올림픽,2
김아랑세월호,2
김아랑4위,2
쇼트트렉,2
최민정금메달,2
코난,2
애니,2
명탐정,2
재밌는영상,2
청소년클럽,2
클럽,2
길,2
장현승,2
설선물,2
여인의향기ost,2
내귀에캔디,2
porunacabeza,2
중2병몰카,2
철학적,2
직행,2
중2병,2
남자친구장난,2
아이린,2
박보검,2
메딕,2
시빨간,2
티켓,2
받는,2
백지영,2
김아랑,2
뚜뚜,2
하나쓰패밀리,2
엄마세뱃돈,2
할아버지세뱃돈,2
exo,2
도경수,2
하나네가족,2
do,2
엑소,2
귀여워,2
d.o,2
세배,2
공대생가족,2
됴,2
디오,2
영어어플,2
김아랑문재인,2
여자쇼트트렉,2
캠블리,2
회화,2
경수,2
김하나동생,2
cambly,2
동동이,2
마끼아또여자목소리,1
뮤지컬,1
전화통화,1
매훈장,1
은도끼,1
예쁜캐릭터,1
선물증정식,1
정찬민,1
토크온,1
코트뷰,1
유튜브코트,1
마끼,1
마이당황하셨어요?,1
연못,1
공무원,1
뺨맞기,1
소총,1
황해,1
보이스피싱,1
동화,1
라이브방송,1
여자목소리낚시,1
윤태훈,1
순수포졸,1
유튜브스트리밍,1
금도끼,1
도끼,1
티어정리,1
터키아이스크림,1
마끼아또토크온,1
코트근황,1
뮤덕,1
천도칼플로랄폼,1
1000도칼asmr,1
캠방송no.1,1
천도칼asmr,1
천하장사소시지,1
정성화,1
마끼아또낚시,1
여자목소리,1
코트생방송,1
유튜브생방송,1
시누이,1
시동생,1
1000도칼컨텐츠,1
1000도,1
장난영상,1
인물소개,1
터키,1
등채,1
민속촌,1
조선왕조실록,1
조선시대,1
실시간스트리밍,1
세계관,1
1000도칼,1
전래동화,1
마피아,1
공구리,1
선물증정,1
마끼아또,1
예쁜목소리,1
원님,1
스미노프아이스톡,1
도끼아이스트림,1
구래구래,1
초딩유튜버,1
아또,1
장난치기,1
감사영상,1
구공탄tv,1
개그맨심문규,1
개그맨이상은,1
벌레탕후루,1
밀웜,1
밀웜먹방,1
밀웜먹기,1
밀웜으로탕후루,1
벌레로탕후루,1
벌레사탕,1
밀웜사탕,1
밀웜탕후루,1
괴물,1
약빨방,1
아이스톡,1
창단식,1
아린,1
애플톡,1
남순은호,1
시엄마,1
친정,1
블랙타이거,1
누드,1
시어머니,1
시댁,1
친정엄마,1
우리,1
피시,1
칩스,1
패러디영상,1
ppap패러디,1
안혼나는꿀팁,1
ppap,1
어린이유튜버,1
성추행,1
항텐터,1
구래구래엔터,1
굴엔터,1
조재원,1
메론톡,1
나무꾼,1
내기,1
내기거지,1
거지,1
소시지,1
천하장사,1
창의,1
쳇바퀴,1
죽는,1
다람쥐,1
연구,1
고문,1
산신령,1
금도끼은도끼,1
매,1
허당사또,1
한국민속촌,1
조선동화실록,1
샷건,1
실록,1
사또,1
무단투기,1
엽총,1
비트코인플래티넘,1
금등채,1
비트코인플레티넘,1
봉준결혼,1
남녀탐구생활,1
탐구,1
남녀탐구,1
츠보미,1
트리플나인팝업스토어,1
종업,1
bap종업,1
subohbar,1
홍대트리플나인,1
triplenine,1
이수혁,1
bap,1
변정하,1
트리플나인,1
스미노프,1
커플싸움,1
나쁜사또,1
은호먹방,1
숯,1
봉준먹방,1
rapreaction,1
플로랄폼전용칼,1
btsmicdropreaction,1
초거대플로랄폼,1
코크,1
짤,1
미사일,1
가스,1
coke,1
대전,1
발사,1
bangtan,1
gas,1
btscomeback,1
남순먹방,1
btsfanboy,1
micdrop,1
steveaokireaction,1
jhope,1
kpopreaction,1
ridgy,1
btssteveaoki,1
btsreaction,1
fangirling,1
rapmon,1
animals,1
변기,1
steveaoki,1
플로랄폼커터,1
빅민플로랄폼,1
거대플로랄폼,1
용돈기입장,1
직딩,1
금융,1
직장인,1
단아냥,1
김학수,1
학생용돈,1
머니,1
영어표현,1
영어공부튜터링,1
brokenenglish,1
튜터링어플,1
튜터,1
learningenglish,1
buzzword,1
영어튜터링,1
영어앱,1
조재걸,1
스파키즈,1
신상문,1
방탄소연단아메리칸,1
자작나무,1
머리치기,1
계란치기,1
빠르게,1
급똥,1
화장실,1
엠씨그리,1
최악의남자친구,1
동거폭력,1
남자친구썰,1
빡침주의,1
리치날다,1
애견동반,1
방탄소년단최신영상,1
방탄소년단예능,1
방탄소년단지미키멜쇼,1
첵스초코,1
콘푸라이크,1
오레오,1
켈로그,1
프레이크,1
씨리얼,1
씨리얼추천,1
콘푸로스트,1
지미키멜방탄소년단,1
지미키멜쇼방탄소년단,1
자일리톨워터리뷰,1
치약,1
치약물,1
자일리톨리뷰,1
자일리톨광고,1
자일리톨물,1
자일리톨물리뷰,1
데이트폭력,1
쌍욕,1
화장실청소,1
가을산,1
김그라,1
똥팁,1
식용,1
색소,1
나염,1
식용색소,1
수상,1
현상,1
기이,1
물가,1
추억의,1
보기만해도좋은,1
cutedogs,1
btsmicdrop,1
bts,1
애완동물,1
즐거운,1
방탄소년단토크쇼,1
방탄소년단지미,1
방탄소년단지미키멜,1
레저,1
색다른경험,1
애견동반체험,1
고소공포증,1
패러글라이딩,1
은행놀이,1
학비,1
저금,1
철튜브,1
이성은,1
백수,1
유전자,1
여동생,1
양가,1
동생,1
대박웃김,1
하은,1
몸,1
경주월드,1
수분보충,1
블랙워크,1
chultube,1
konglish,1
가현,1
영어스피킹,1
영어교정,1
tutoring,1
유리,1
지하철,1
소녀,1
스타일,1
대륙,1
해운대opus,1
정기출,1
기뉴다유나땅,1
기뉴다향이,1
면접,1
로자르,1
gamst,1
머독,1
기뉴다상어녀,1
흑튜브,1
battlegrounds,1
딩셉션,1
대휘,1
코튜브,1
bj노래하는코트,1
정찬우,1
기뉴다안겨,1
벤츠,1
코메디,1
10만원,1
웃픈영상,1
수면제방송,1
컬투쇼,1
웃픈얘기,1
웃긴얘기,1
기뉴다혜리,1
윤루트,1
홈비디오,1
김태균,1
향이기뉴다,1
향이,1
피픽,1
금술,1
가계부,1
cow,1
미니,1
화력,1
대나무,1
수류탄,1
달팽이,1
달팽이요리,1
프랑스,1
에스까르고,1
프랑스요리,1
lesson,1
인아쨩,1
봉준인아,1
인아,1
네이티브,1
americanreaction,1
회화실력,1
languageapp,1
튜터링앱,1
토플,1
languageexchange,1
외국어영역,1
원어민,1
토익,1
koreanreaction,1
세금,1
숯류탄,1
수력,1
단추,1
발전소,1
대학,1
키스,1
캠핑,1
침수,1
윽티언,1
불법,1
도강,1
취미,1
합법,1
고든,1
신조어,1
app,1
튜터링,1
reviewer,1
엑슬림z,1
happycall,1
해피콜,1
초고속블렌더,1
스프,1
soup,1
믹서기,1
뚝배기깬다,1
감자스프,1
초고속블렌더엑슬림z,1
가전제품,1
good,1
cuoivobung,1
홍튜브,1
혼나는,1
위스키,1
카스,1
angry,1
복,1
혼남,1
주사,1
주정,1
색,1
윽공주,1
25살,1
술주정,1
참,1
술주사,1
초록,1
혼나,1
이슬,1
앵그리,1
짜증,1
경적,1
개청,1
잠옷,1
생애,1
인사,1
thankyou,1
변신,1
thanks,1
19도,1
hello,1
감사,1
auto,1
죠스떡볶이,1
엽기떡볶이,1
처럼,1
설날,1
떡국,1
록키산맥공기,1
화나,1
강아지케이크,1
반려견술,1
생일,1
강아지와인,1
수제케이크,1
술한잔,1
강아지맥주,1
강아지술,1
설빙,1
빙수,1
cafe,1
sleep,1
카페,1
raccoon,1
라쿤,1
샌드위치,1
맛있다,1
냠냠,1
받으세요,1
도수,1
화나다,1
앙탈,1
애교주의,1
갈색,1
귀여움,1
트럼프대통령시리아공격,1
푸틴,1
시리아공격,1
tomahawkmissile,1
syriawar,1
시리아폭격,1
시리아선전포고,1
시리아토마호크,1
hi,1
농협마트,1
오토,1
팬사인,1
스페셜솔져찌훈,1
지훈,1
스페셜솔져,1
phimhait?tm?i,1
catph??ng,1
binhtr?ng,1
phimhait?thay,1
lang?v?4,1
minhtit,1
lang?v?,1
hait?thaynh?t,1
2세,1
그라탕,1
그래땅,1
구라탕,1
스페셜솔져지훈,1
갈등,1
부부문제,1
박준형,1
합동방송,1
tv,1
티비,1
만나,1
일침,1
출연,1
어그로아님,1
지훈유튜브,1
wannab,1
이휘재,1
어그로,1
모바일,1
지훈tv,1
bj지훈,1
치즈그라탕,1
계획,1
아이,1
군대요리,1
물뱀,1
독사,1
꽃뱀,1
나베,1
미소된장,1
된장국,1
쭈삼,1
뱀,1
솥뚜껑,1
가마솥,1
군대식,1
마시멜로우,1
많이넣기,1
핫바,1
다슬기,1
군법,1
매운탕,1
똥국,1
미꾸라지,1
jaemin,1
kjim,1
kjimjaemin,1
ucuedt7wxpaj0tpisbsua-kq,1
rise,1
메주,1
군요리,1
군대,1
주삼,1
국물,1
군식,1
솥,1
미소,1
캐나다,1
록키산맥,1
합방,1
밭,1
나이프,1
wind,1
손,1
냄새,1
수륙양용,1
offroad,1
갤로퍼,1
개조,1
가격,1
fry,1
oil,1
sky,1
나는,1
하늘,1
mc,1
비결,1
날씨,1
홍어,1
레오제이,1
미녀,1
신부,1
축복,1
강사,1
평가,1
가정,1
채고,1
egg,1
신채,1
로얄라이브,1
조별과제,1
파우더,1
기자,1
봉지,1
날으는,1
offload,1
로키산맥,1
견적,1
당구,1
이과1등가출,1
가출,1
sad,1
소식,1
파트너,1
best,1
제과,1
토치,1
무당,1
상승,1
엣지,1
제가,1
운영자,1
동자,1
불닭볶음면치즈,1
불닭먹방,1
짜장불닭리뷰,1
불닭신상,1
방송사고,1
engsub,1
broadcastingaccident,1
스타라이브,1
치즈불닭,1
불닭짜장리뷰,1
불닭짜장,1
불닭볶음면신상,1
짜장불닭,1
불닭리뷰,1
짜장불닭볶음면,1
review,1
불닭볶음면짜장,1
신상불닭,1
미남,1
선남,1
신랑,1
야구,1
불리,1
어린왕자,1
친칠라,1
웹스터비,1
윤병호,1
노선영,1
김보름,1
어망,1
낚싯대,1
구멍,1
고등어,1
낚시대,1
잡기,1
통발,1
투망,1
broken,1
먹이,1
아프,1
입원,1
캐나다공기,1
공기캔,1
숨겨진과거,1
기습방문,1
broke,1
닭,1
hospital,1
핏불,1
링겔,1
부시다,1
협찬,1
milk,1
링거,1
seek,1
현실누나,1
양팡현실누나,1
맛종욱,1
트젠바,1
나,1
새우장,1
콩,1
간장새우장,1
레몬,1
병진이와,1
friend,1
일상브이로그,1
특별한,1
주례,1
레크리에이션,1
진행,1
능력,1
종착,1
콩나물,1
부인,1
배그철구,1
검은사막m워리어,1
검은사막m자이언트,1
배틀그라운드보겸,1
검은사막m레인저,1
검은사막m위치,1
검은사막m초보,1
검은사막,1
검은사막m,1
드레스,1
present,1
신혼,1
혼례,1
혼수,1
재혼,1
개봉,1
미구미,1
중고차,1
ladder,1
병맛꽁트,1
플라스틱,1
서린이,1
모니터18인치,1
집들이,1
휴지,1
명서린,1
안경닦이,1
종이컵,1
하이어뮤직,1
슈퍼루키콘서트,1
소중이,1
남모여심,1
공감동영상,1
reactionvideo,1
남자소중이,1
메로나,1
코리아헌터,1
최신휴대폰,1
reacttovideo,1
학점,1
최고,1
간니닌니,1
연인공감,1
여성공감,1
reactto,1
연애상담사,1
놀이터,1
여자공감,1
react,1
해외영상,1
티쏘시계,1
어린시절,1
재활용,1
남성공감,1
koreanvideo,1
수상한,1
바인영상,1
보드게임,1
펭귄을구하라,1
미니게임,1
꿀벌을구하라,1
투견,1
전문,1
사냥,1
짐승,1
자연,1
순대,1
막장,1
소창,1
내장,1
창자,1
대창,1
꿀벌,1
개그동영상,1
모태솔로,1
koreanpeople,1
dick,1
병맛동영상,1
성교육,1
솔로,1
koreanyoutuber,1
여모남심,1
남자공감,1
바인모음집,1
코믹동영상,1
프슈,1
연애상담,1
바인,1
연인,1
요정,1
액체점토,1
겨울방학,1
슬라임,1
여름방학,1
티저,1
판을벌리는려자들,1
스무디챌린지,1
핫소스,1
오렌지,1
스무디,1
스무디조합,1
엽기조합,1
토미오카고교댄스,1
꿀조합,1
나무위키,1
강제분양,1
분양,1
똥개,1
명자,1
유형별계단내려가는방법,1
계단유형,1
계단내려가는유형,1
썰매,1
2018년,1
hongtube,1
개스트,1
게스트,1
허스키,1
눈맞이,1
계단내려갈때유형,1
계단내려갈때꼭있는유형,1
유형별계단,1
웃소계단유형,1
계단내려가기,1
계단내려가는방법,1
웃소계단,1
유형별웃소,1
강제,1
t?p4,1
전태규헵번,1
방학고민,1
방학숙제,1
운동장,1
색연필,1
학용품,1
방학이면나쁜점,1
문구사,1
초등학교,1
못말리는요리,1
과제,1
액점,1
사춘기,1
방학,1
마이린,1
겨울방학숙제,1
연예,1
야매요리,1
헵번,1
공개연애,1
형수님,1
김습습,1
진결,1
인생파티시엘,1
퓨어디,1
꽃,1
공개고백,1
분노,1
만두피,1
댓글읽기,1
만두속,1
대왕만두만들기,1
만두,1
평정심,1
고인돌,1
원피스고기,1
윽카,1
킥보드,1
반점,1
가게,1
사운드,1
쇼챔피언,1
실검1위,1
무대,1
맨발,1
개가수,1
쇼챔,1
토미오카,1
딱지,1
원형딱지,1
도박,1
퍼딱지,1
퍼,1
동네,1
중화,1
중화반점,1
훔치는방법,1
퀴즈대결,1
퀴즈쇼,1
김남순,1
악녀,1
진,1
정국,1
핸드폰훔치는방법,1
곰,1
일제강점기,1
박쥐,1
일제시대,1
할아버지,1
일제,1
웅담,1
슈퍼카,1
소화기,1
수렵,1
실버버튼,1
jimmy,1
tomhiddleston,1
jimmykimmel,1
avengers:infinitywar,1
jimmykimmellive,1
seoulmusicawardstwice,1
seoulmusicawardsredvelvet,1
jikooksma,1
blackpinkseoulmusicawards,1
rosekooksma,1
seoulmusicawardsbts,1
블랙핑크마지막처럼무대리액션,1
btsblackpinkseoulmusicawards2018,1
btsblackpinksma,1
러브,1
meantweetsavengers,1
doncheadle,1
karengillan,1
winstonduke,1
서울가요대상방탄소년단,1
mcu,1
meantweets,1
comedian,1
marvelcinematicuniverse,1
davebautista,1
tomholland,1
benedictcumberbatch,1
sebastianstan,1
latenight,1
samuell.jackson,1
elizabetholsen,1
paulrudd,1
paulbettany,1
quiz,1
quizshow,1
부식,1
오골계,1
화장,1
메이크업,1
바라밥,1
혼밥,1
먹는방송,1
태국,1
닭볶음탕,1
상황들,1
황당,1
[개그대학],1
개그대학,1
재미있는동영상,1
gif,1
no.1,1
no.1꿀잼tv[개그대학],1
컵밥,1
체험,1
인어,1
사냥개,1
현실판,1
유해,1
농장,1
배틀,1
그라운드,1
정복,1
전문가,1
혼자먹방,1
현실판배그,1
k3,1
꿀잼보장,1
세대,1
자존심,1
선여정,1
꿀잼tv,1
어처구니,1
순간들,1
c??iv?b?ng,1
공기밥,1
불판,1
đ?cchuatr?i,1
신분,1
cuoivobung2018,1
phimhaim?inh?t2018,1
c??iv?b?ng2018,1
레전드하이라이트,1
h?ithanhđ?cchuatr?ib?đ?i,1
phimhaimoi,1
h?ithanhđ?cchuatr?i,1
돌판,1
파김치,1
대리석,1
역대클라스,1
여친옷차림,1
움짤,1
여정을떠난여정,1
혼자,1
makeup,1
맛집,1
혼밥친구,1
배달의민족,1
혼자밥먹기좋은영상,1
배달통,1
옷차림,1
혼밥먹방,1
요기요,1
자취생,1
배달어플,1
yt:cc=on,1
웃동,1
가지전문가,1
